900090,차이나하오란,0,773,0.00,0,-48.8,0.00,,0,3923,-770,-1081,727
900080,에스앤씨엔진그룹,506539,+640,0.00,0,5.0,0.00,-1.96,0,1573,295,200,738
900110,이스트아시아홀딩스,412125,-322,0.00,0,1.5,0.00,-10.09,0,987,65,28,351
900270,헝셩그룹,721826,-1410,0.00,0,15.3,0.00,0.29,0,2008,390,321,1128
900260,로스웰,182557,-1505,0.00,0,15.6,0.00,3.75,0,1933,352,301,1366
900290,GRT,380138,+2545,0.00,0,20.9,0.00,1.47,0,2387,591,481,1715
900300,오가닉티코스메틱,2946232,+3140,0.00,0,22.3,0.00,1.05,0,1977,607,432,1787
900310,컬러레이,148301,+2435,0.00,0,31.5,0.00,2.05,0,477,275,237,1315
000250,삼천당제약,574563,+43100,61.22,704,11.1,6.51,27.13,6620,1611,265,230,9528
000440,중앙에너비스,103,+33000,19.19,1720,3.5,0.91,30.41,36288,708,6,16,411
001000,신라섬유,58781,-2785,163.82,17,2.9,4.80,117.59,580,40,5,4,676
001540,안국약품,102792,+13000,18.26,712,6.1,1.24,10.31,10501,1836,104,82,1696
001810,무림SP,26949,+2905,6.15,472,5.6,0.33,8.06,8738,2030,75,106,643
001840,이화공영,386921,+8850,106.63,83,3.9,4.12,73.94,2146,2108,17,16,1753
002230,피에스텍,114245,+5350,8.77,610,8.2,0.73,3.40,7335,708,81,113,1052
002290,삼일기업공사,39863,+3255,15.21,214,5.0,0.74,0.30,4379,564,26,27,404
002680,한탑,250363,+2605,56.63,46,1.9,1.14,68.96,2293,1251,1,9,542
002800,신신제약,1288776,+8650,35.31,245,8.3,2.52,23.68,3436,617,45,35,1312
003100,선광,7866,19650,21.17,928,2.0,0.43,6.38,45791,1436,209,62,1297
003310,대주산업,263756,+1760,22.86,77,5.5,1.23,15.54,1427,855,36,27,623
003380,하림지주,297657,+11000,4.35,2529,14.3,0.58,4.72,19050,69343,4646,3337,10294
003670,포스코켐텍,415637,+51700,29.49,1753,17.2,4.74,24.50,10910,11972,1040,1040,30539
003800,에이스침대,1127,-130000,9.40,13827,6.9,0.73,7.16,176970,2061,314,264,2883
004590,한국가구,1209,-21000,11.49,1828,6.3,0.68,6.55,31016,548,70,55,630
004650,창해에탄올,34451,+13050,21.71,601,4.6,1.10,8.98,11877,2169,122,121,1199
004780,대륙제관,4180,+6040,9.98,605,10.0,0.96,4.71,6292,1971,130,96,961
005160,동국산업,20219,+3070,8.02,383,5.4,0.45,2.99,6821,7844,384,228,1665
005290,동진쎄미켐,269710,+10650,11.83,900,19.7,2.07,6.78,5135,7852,719,450,5476
005670,푸드웰,19165,-6150,18.81,327,6.0,1.12,10.35,5489,1169,48,29,492
005710,대원산업,6366,-6500,3.83,1695,14.3,0.52,0.18,12599,7970,426,340,1302
005860,한일사료,366268,+2135,44.48,48,2.9,1.30,104.03,1638,2992,-9,19,841
005990,매일홀딩스,7707,+14250,229.84,62,0.2,0.77,2.35,18404,16382,606,196,1955
006050,국영지앤엠,632032,-1700,39.53,43,2.8,1.13,18.70,1508,629,14,14,593
006140,피제이전자,3385,+7000,11.84,591,6.0,0.70,6.36,10053,986,74,59,700
006580,대양제지,121408,+3370,0.00,0,-0.3,1.07,17.90,3150,2629,24,-26,905
006620,동구바이오제약,1103037,+26750,18.05,1482,36.6,5.40,16.80,4952,1011,133,109,2569
006730,서부T&D,198160,-10050,0.00,0,-5.7,1.08,,9339,575,-140,-266,5213
006910,보성파워텍,603420,-3285,0.00,0,-10.6,1.79,,1835,759,-64,-94,1506
006920,모헨즈,66301,6150,39.42,156,8.6,3.27,12.27,1883,1173,27,24,672
007330,푸른저축은행,4064,+7990,4.65,1717,9.4,0.52,,15330,556,265,209,1205
007370,진양제약,299206,+4495,0.00,0,-12.6,1.27,,3532,435,-53,-58,539
007390,네이처셀,2187937,+6050,605.00,10,1.4,7.52,147.48,805,272,13,5,3210
007530,영신금속,121524,-2135,0.00,0,-57.9,0.80,,2673,1178,-63,-163,274
007680,대원,34737,+11950,5.31,2249,9.9,0.55,0.93,21808,2899,240,236,1320
007720,대명코퍼레이션,229218,-2670,24.05,111,11.0,2.53,27.86,1056,2355,78,176,2691
007770,한일화학,7819,+13300,13.99,951,3.7,0.52,6.37,25759,1519,62,33,467
007820,에스엠코어,130419,+13700,0.00,0,-3.4,3.63,106.97,3778,724,5,-18,2740
008290,원풍물산,226884,3875,1937.50,2,0.3,4.92,128.63,787,441,4,1,1488
008370,원풍,15980,+3820,20.11,190,3.0,0.61,4.82,6289,713,30,22,458
008470,부스타,15840,-5460,9.89,552,6.9,0.66,5.89,8238,790,33,46,459
008800,행남사,367458,+3835,0.00,0,-89.3,1.65,,2320,153,-89,-186,437
008830,대동기어,51,-27750,346.88,80,0.1,0.41,11.06,67125,1135,30,1,249
009300,삼아제약,341833,+20450,21.50,951,3.8,0.83,8.21,24506,618,76,58,1303
009520,포스코엠텍,470394,5390,22.65,238,12.4,2.72,13.85,1985,2578,122,99,2245
009620,삼보산업,1336,-6800,0.00,0,-40.1,0.98,28.29,6924,3457,-43,-105,281
009730,코센,291587,-1350,12.05,112,16.4,1.85,32.84,730,573,10,43,563
009780,엠에스씨,2881,+6910,10.83,638,17.2,1.72,8.52,4024,1420,128,112,1216
010170,대한광통신,848226,+6640,25.74,258,16.9,4.26,24.46,1559,1397,150,132,4896
010240,흥국,155855,-4990,8.85,564,13.3,1.11,5.55,4484,916,88,70,615
010280,쌍용정보통신,2718847,+1055,0.00,0,-18.6,1.61,,656,1461,-67,-51,427
010470,오리콤,16056,-5000,13.59,368,5.7,0.79,2.11,6326,1674,64,41,575
011040,경동제약,13767,12150,13.93,872,9.5,1.46,7.18,8339,1778,309,202,3226
011080,형지I&C,55960,+1045,0.00,0,-65.6,1.53,,681,1135,-88,-259,407
011320,유니크,112858,-4820,26.20,184,3.8,1.05,9.32,4600,2352,42,33,931
011370,서한,392566,+2070,2.70,768,31.1,0.73,1.54,2839,5287,1031,775,2089
011560,세보엠이씨,41976,11800,5.00,2362,18.5,0.90,3.31,13143,6025,291,216,1243
012340,뉴인텍,116885,-998,0.00,0,-21.1,3.33,73.64,300,503,-16,-36,490
012620,원일특강,7818,-10150,6.21,1635,7.2,0.43,9.99,23457,2340,92,72,447
012700,리드코프,12643,-6080,4.48,1358,12.0,0.51,18.12,11862,4425,473,362,1626
012790,신일제약,34004,+11650,11.52,1011,8.4,0.98,6.20,11851,509,93,76,920
012860,서연전자,56051,-1900,0.00,0,-27.1,0.41,12.31,4688,7102,-143,-436,513
013030,하이록코리아,14547,-24200,14.00,1728,7.4,1.00,4.76,24092,1827,355,236,3294
013120,동원개발,87613,-4080,3.68,1108,18.3,0.62,0.72,6550,5630,1430,1006,3705
013310,아진산업,192363,-2625,4.89,537,7.8,0.37,5.91,7050,4279,224,107,780
013720,청보산업,426866,+4200,0.00,0,-2.8,1.68,18.18,2495,222,-2,-6,344
013810,스페코,169333,+5560,0.00,0,-1.1,2.04,26.66,2725,688,14,-3,815
013990,아가방컴퍼니,236819,+4985,0.00,0,-2.7,0.98,3188.40,5079,1409,-39,-49,1639
014100,보령메디앙스,168290,+11850,22.83,519,13.5,2.96,18.10,4004,1207,59,60,1398
014190,원익큐브,1445515,+3225,56.58,57,2.3,1.46,31.33,2202,2402,34,16,1142
014200,광림,119565,+3210,0.00,0,-15.5,1.66,,1930,1352,-124,-236,1557
014470,부방,82797,2785,55.70,50,1.3,0.82,23.82,3379,3833,-38,-18,1317
014570,고려제약,406342,-7990,18.62,429,8.5,1.54,13.71,5179,554,53,47,879
014620,성광벤드,82573,+11650,0.00,0,-3.6,0.74,,15747,1457,-186,-163,3332
014940,오리엔탈정공,55294,-838,0.00,0,-9.4,2.93,32.09,286,1010,20,-11,351
014970,삼륭물산,100709,+5850,21.51,272,5.9,1.26,9.68,4636,905,61,40,885
015710,코콤,93033,+7520,11.64,646,10.9,1.29,8.52,5835,1431,127,107,1318
015750,성우하이텍,166287,-4455,8.74,510,3.3,0.29,5.20,15234,33664,608,293,3564
016100,리더스코스메틱,106805,+15850,0.00,0,-6.9,3.51,52.17,4516,1399,-3,-79,2865
016170,카카오M,21274,-98400,36.31,2710,21.7,7.33,17.17,13421,5803,1027,677,24887
016250,이테크건설,6218,-123400,11.56,10678,11.7,1.33,5.27,92905,14658,1453,652,3455
016600,큐캐피탈,157428,-885,10.06,88,11.0,1.04,,849,218,149,96,1239
016670,포비스티앤씨,355365,+1210,28.81,42,3.0,0.85,11.49,1426,1131,14,17,485
016790,현대사료,59220,+26200,21.41,1224,12.0,2.46,36.04,10645,871,41,56,1611
016920,카스,50902,-1640,14.39,114,5.4,0.95,8.35,1729,1394,67,19,352
017000,신원종합개발,85660,-4715,3.43,1376,24.5,0.74,3.53,6330,1958,132,137,475
017250,인터엠,90267,+2365,22.96,103,2.6,0.61,7.10,3897,989,31,20,498
017480,삼현철강,102946,+5820,14.30,407,4.5,0.65,3.81,8934,1692,91,63,914
017510,세명전기,290622,-9320,38.67,241,5.7,2.16,28.57,4318,209,40,37,1421
017650,대림제지,410951,1960,26.85,73,2.9,0.68,14.30,2894,1180,50,33,882
017680,데코앤이,2350885,+730,0.00,0,-67.3,2.32,,314,468,-98,-213,725
017890,한국알콜,79720,+8160,8.34,978,8.2,0.70,6.58,11716,2124,172,201,1763
018290,지엠피,2407868,+9060,0.00,0,-48.9,7.57,,1197,699,-67,-130,2346
018310,삼목에스폼,91477,+15100,6.32,2389,11.5,0.69,1.87,21921,3051,443,351,2220
018620,우진비앤지,602575,+4645,0.00,0,-18.6,2.79,,1667,264,-34,-42,753
018680,서울제약,135150,+10850,97.75,111,1.8,1.69,16.47,6423,467,41,9,921
018700,바른손,86796,-2585,0.00,0,-13.3,0.93,,2787,97,-29,-57,424
019010,그랜드백화점,2107,-14100,0.00,0,-0.9,0.33,24.05,43057,675,12,-38,680
019210,와이지-원,179432,+11400,9.66,1180,12.0,1.13,7.19,10074,3866,593,356,3478
019540,일지테크,49666,-3215,5.20,618,6.5,0.34,3.89,9449,2611,9,82,434
019550,SBI인베스트먼트,888054,-1045,61.47,17,3.2,1.99,,526,182,25,25,1694
019570,제미니투자,120585,-642,42.80,15,-7.0,1.64,,392,37,-7,-11,257
019590,엠벤처투자,0,587,27.95,21,7.6,1.85,,318,93,27,24,695
019660,글로본,32930,+4875,0.00,0,-31.8,5.70,,855,71,-69,-86,1365
019770,서연탑메탈,13803,-2990,7.55,396,6.0,0.45,8.74,6645,2100,57,43,348
019990,에너토크,54176,-4905,119.63,41,1.0,1.17,22.86,4194,245,3,4,479
020180,대신정보통신,286137,-1030,23.95,43,3.6,1.67,,616,1701,-15,9,396
020400,대동금속,637,-49400,28.33,1744,3.1,0.86,9.86,57522,747,16,8,237
020710,시공테크,27212,+7370,7.76,950,21.5,1.55,6.01,4762,1731,149,187,1478
021040,대호피앤씨,2316281,+1155,18.63,62,7.3,1.29,9.01,893,2053,102,40,844
021045,대호피앤씨우,165183,+1620,0.00,0,,0.00,,0,,,,69
021080,에이티넘인베스트,536349,+3085,16.95,182,12.9,2.09,,1478,251,123,87,1481
021320,KCC건설,234363,-10550,10.04,1051,6.9,0.67,2.49,15806,13264,719,225,2258
021650,한국큐빅,7839,-2695,42.78,63,1.4,0.79,6.19,3400,1538,40,6,441
021880,메이슨캐피탈,219930,-480,0.00,0,-2.3,1.13,,426,87,-13,-12,467
022100,포스코 ICT,255160,-6630,24.02,276,10.8,2.52,11.36,2629,9506,561,420,10080
022220,정산애강,43012,+2695,14.65,184,16.0,2.18,10.44,1234,782,115,95,1396
023160,태광,42336,13450,0.00,0,-3.8,0.85,28.47,15818,1842,45,-162,3564
023410,유진기업,878018,+7210,5.90,1223,12.4,0.77,8.29,9411,12990,1076,847,5561
023440,제일제강,3247562,-1510,23.97,63,2.8,0.66,14.85,2278,310,11,16,393
023460,CNH,381356,-1345,16.60,81,2.9,0.49,,2752,121,13,29,500
023600,삼보판지,103178,10350,21.21,488,2.7,0.55,12.24,18709,3239,77,92,1521
023760,한국캐피탈,99725,+650,17.11,38,3.1,0.54,,1195,254,96,62,1093
023770,플레이위드,8545,-7580,0.00,0,-28.9,2.69,11.67,2816,119,11,-28,262
023790,동일철강,1665,+4380,0.00,0,-9.0,0.78,45.81,5628,553,3,-39,322
023890,아트라스BX,9140,+49000,4.38,11180,17.6,1.70,4.90,28757,6299,609,425,4484
023900,풍국주정,65641,+10150,9.03,1124,12.6,1.08,5.76,9439,1076,113,146,1279
023910,대한약품,10968,+46100,11.14,4139,23.8,2.39,7.05,19313,1444,323,248,2766
024060,흥구석유,3687,-2745,19.33,142,3.0,0.59,35.30,4650,1555,8,21,412
024120,KB오토시스,53793,-5770,5.40,1068,15.2,0.78,3.60,7398,1643,184,123,664
024740,한일단조,166136,1510,0.00,0,-3.1,0.37,19.11,4110,1333,6,-21,451
024800,유성티엔에스,41838,-3610,6.60,547,7.5,0.51,7.66,7106,4336,131,120,982
024810,이화전기,4003002,335,19.71,17,6.6,1.18,113.79,283,474,5,56,2017
024830,세원물산,19204,+6840,8.81,776,3.5,0.31,2.32,22298,719,49,65,571
024840,갑을메탈,110697,-2400,11.76,204,9.9,0.98,7.49,2459,4711,174,61,750
024850,피에스엠씨,3106756,+1505,0.00,0,3.1,2.99,18.44,503,500,11,6,583
024880,케이피에프,8736,+4690,5.14,912,9.5,0.50,7.16,9304,3654,152,128,738
024910,경창산업,501338,-2370,0.00,0,-17.1,0.27,7.93,8754,5503,-27,-243,416
024940,PN풍년,26698,+2780,18.17,153,4.6,0.86,7.84,3215,671,16,14,278
024950,삼천리자전거,11496,-6880,22.48,306,3.6,0.89,81.99,7731,1111,3,33,913
025320,시노펙스,563203,+3060,0.00,0,-34.4,3.66,7.63,835,1812,249,-226,2131
025440,대성엘텍,3787974,+1210,0.00,0,-8.5,2.57,14.85,471,3506,21,-41,1206
025550,한국선재,107027,2995,18.15,165,4.7,0.88,15.32,3403,1667,68,39,734
025770,한국정보통신,46757,+10100,15.66,645,15.9,2.34,5.34,4313,3766,378,249,3920
025870,신라에스지,18227,-5750,97.46,59,1.5,1.44,19.12,3985,820,11,2,230
025880,케이씨피드,112995,-2440,5.70,428,12.2,0.70,10.31,3492,797,29,68,408
025900,동화기업,8550,29150,9.82,2967,7.3,0.87,4.98,33599,7788,911,622,4185
025950,동신건설,11834,-7420,5.83,1273,13.0,0.72,2.04,10373,526,95,107,623
025980,아난티,885919,-8320,260.00,32,0.8,2.07,29.98,4017,1505,125,26,6849
026040,제이에스티나,98627,+7650,0.00,0,-4.8,1.75,26.83,4364,1399,-0,-36,1263
026150,특수건설,421903,-7940,180.45,44,0.7,1.22,15.92,6523,1311,27,4,794
026180,현대정보기술,165609,1910,112.35,17,2.0,2.27,12.21,843,1574,30,10,1137
026260,위너지스,0,6180,0.00,0,-75.4,0.93,,6620,120,-117,-128,401
026910,광진실업,30066,-3760,44.24,85,1.9,0.83,11.93,4524,425,8,5,241
027040,서울전자통신,655430,+1230,0.00,0,-4.2,2.12,37.62,580,918,8,-16,797
027050,코리아나,813770,+6200,106.90,58,2.3,3.19,41.09,1946,1117,22,18,2480
027580,상보,106204,-2015,0.00,0,-13.9,1.14,35.66,1760,1278,-44,-70,571
027710,팜스토리,643446,-1275,5.80,220,9.5,0.70,11.83,1809,8386,206,128,1126
027830,대성창투,169524,+2200,169.23,13,1.1,1.84,,1197,79,5,5,880
028040,미래SCI,124398,-5270,0.00,0,-37.0,5.98,,881,191,-43,-67,1613
028080,휴맥스홀딩스,9934,3865,0.00,0,-16.3,0.29,,13118,41,-108,-291,486
028150,GS홈쇼핑,11069,+202200,12.12,16677,10.1,1.25,4.18,162004,10863,1413,1027,13269
028300,에이치엘비,803652,+103400,0.00,0,-19.9,48.70,,2123,230,-261,-213,39549
029480,바른테크놀로지,45751,-786,0.00,0,-31.0,1.85,33.50,425,215,2,-34,258
029960,코엔텍,363670,-5770,17.86,323,13.6,2.30,8.52,2511,613,186,161,2885
030190,NICE평가정보,120847,-9830,19.20,512,18.8,3.48,9.90,2825,3604,426,307,5968
030270,에스마크,17679133,-186,0.00,0,-207.9,0.53,,351,171,-106,-845,276
030350,드래곤플라이,79470,+4350,0.00,0,-35.8,3.00,,1449,76,-55,-97,696
030520,한글과컴퓨터,96487,-16900,18.35,921,11.7,2.11,11.78,8018,1341,323,204,3901
030530,원익홀딩스,120898,-5400,5.62,961,11.4,0.62,5.22,8676,4820,763,807,4171
030960,양지사,45118,+10250,39.27,261,5.6,2.52,26.52,4066,509,38,36,1638
031310,아이즈비전,63718,-4165,11.05,377,7.8,0.87,4.99,4770,1671,86,56,657
031330,에스에이엠티,187716,-1825,6.14,297,16.3,0.95,5.98,1925,12120,342,295,1825
031390,녹십자셀,470807,-49350,809.02,61,1.6,11.98,135.28,4118,195,32,7,5772
031510,오스템,69950,-4145,197.38,21,0.4,0.84,12.37,4934,1795,29,5,1078
031860,엔에스엔,12942662,+2410,0.00,0,-59.6,2.43,,992,52,-87,-131,496
031980,피에스케이,98877,+20650,10.64,1940,18.5,1.84,4.73,11230,2754,577,394,4198
032040,C&S자산관리,0,4375,0.00,0,-117.0,2.59,,1688,2022,-80,-318,321
032080,아즈텍WB,37479,1840,0.00,0,-0.4,0.44,,4193,344,-28,-4,385
032190,다우데이타,47380,-10950,11.71,935,7.9,0.89,-6.98,12347,16543,3536,2358,4194
032280,삼일,117585,-2410,18.98,127,3.3,0.64,10.92,3746,909,29,20,391
032500,케이엠더블유,68747,+26750,0.00,0,-17.9,8.39,69.49,3187,2037,-30,-87,4307
032540,TJ미디어,20161,3645,30.38,120,2.1,0.63,10.66,5814,836,23,17,508
032580,피델릭스,133626,-2155,89.79,24,2.0,1.82,11.68,1184,612,18,5,462
032620,유비케어,463509,+4770,53.00,90,7.7,4.13,25.61,1155,821,75,35,2490
032680,소프트센,409558,-2015,0.00,0,-2.4,1.82,68.48,1106,1425,5,-8,637
032685,소프트센우,2004,-24050,0.00,0,,0.00,,0,,,,34
032750,삼진,8297,-7480,16.23,461,4.4,0.71,3.91,10543,1088,48,28,449
032790,엠젠플러스,233327,-12900,0.00,0,-13.1,8.16,140.05,1580,537,-1,-22,1880
032800,판타지오,455235,+615,0.00,0,-24.1,0.94,,654,133,-64,-88,447
032820,우리기술,5125335,+1940,47.32,41,9.5,4.31,25.56,450,302,50,33,1657
032850,비트컴퓨터,751975,-7300,33.49,218,8.7,2.86,22.53,2550,319,43,36,1214
032860,GMR 머티리얼즈,1996911,+937,234.25,4,1.1,2.32,87.92,404,1149,5,3,633
032940,원익,115568,+6860,6.70,1024,10.8,0.68,94.31,10050,672,4,152,1230
032960,동일기연,643,+11200,6.16,1818,11.9,1.08,7.72,10327,344,24,73,689
032980,바이온,479468,2560,0.00,0,-23.2,2.59,,990,191,-27,-67,1175
033050,제이엠아이,3575260,+1450,90.63,16,1.1,1.03,10.34,1406,1177,3,5,472
033100,제룡전기,409708,+10150,0.00,0,-1.1,3.32,92.53,3060,477,-12,-6,1630
033110,이디,738607,-851,0.00,0,-262.7,2.26,,377,40,-63,-562,536
033130,디지틀조선,82552,+2000,14.08,142,7.9,1.07,5.11,1866,395,54,53,742
033160,엠케이전자,49667,8650,3.99,2168,16.3,0.63,2.22,13738,6862,1787,1480,1886
033170,시그네틱스,98710,+1205,63.42,19,1.0,0.62,3.92,1956,2656,28,16,1033
033200,모아텍,481,+4550,0.00,0,1.4,0.89,7.85,5125,455,17,11,652
033230,인성정보,41508,+4115,0.00,0,-9.7,1.84,33.66,2231,2558,31,-37,788
033290,코웰패션,162468,+5780,12.02,481,29.7,3.14,8.36,1840,3094,620,467,5231
033310,디케이디앤아이,20327,+2005,10.78,186,8.3,0.91,18.64,2208,512,18,44,441
033320,제이씨현시스템,240477,-7680,11.38,675,17.7,1.89,8.31,4070,2845,162,133,1468
033340,좋은사람들,6616883,+5500,0.00,0,-13.0,2.04,,2693,1193,-49,-99,1453
033430,디에스티,349070,+1245,34.58,36,11.1,3.57,13.76,349,332,39,32,633
033500,동성화인텍,296599,+7230,0.00,0,-30.1,2.26,,3199,2310,-252,-322,1951
033540,파라텍,120934,-5850,7.85,745,15.3,1.15,8.73,5076,2597,96,121,985
033560,블루콤,12252,+5010,29.64,169,1.9,0.55,0.10,9134,1166,116,31,906
033600,에이코넬,480302,-6020,0.00,0,-53.7,4.12,,1460,255,-50,-102,716
033640,네패스,397262,12450,40.16,310,5.1,2.09,6.09,5943,2850,193,39,2860
033790,스카이문스테크놀로지,26946,-3385,0.00,0,-15.2,1.47,,2302,135,-43,-48,579
033830,티비씨,5761,-668,20.88,32,3.0,0.64,-0.39,1043,422,27,31,668
034230,파라다이스,921903,-20550,0.00,0,-1.9,1.88,80.88,10932,6680,-300,-399,18689
034810,해성산업,8308,+13550,38.94,348,2.4,0.93,51.60,14632,122,24,34,1325
034940,조아제약,415207,+5350,93.86,57,3.2,2.80,62.50,1914,589,3,14,1515
034950,한국기업평가,553,-52300,15.11,3462,17.7,2.70,5.62,19356,785,240,193,2375
035080,인터파크홀딩스,149528,-2495,0.00,0,-20.4,0.46,-2.21,5403,35415,298,-636,1460
035200,프럼파스트,45734,4875,9.75,500,13.9,1.25,6.03,3909,488,57,43,431
035290,더블유에프엠,61148,-4220,0.00,0,-59.5,7.01,,602,128,-37,-80,936
035460,기산텔레콤,61394,-3055,0.00,0,-13.8,1.37,,2225,635,-32,-55,445
035480,마제스타,0,1475,0.00,0,-42.7,1.78,,829,81,-127,-201,672
035600,KG이니시스,169675,-18450,0.00,0,-0.2,2.75,6.89,6705,7585,547,30,5148
035610,솔본,31045,+5450,0.00,0,-4.4,1.17,15.10,4663,741,25,-62,1490
035620,바른손이앤에이,107108,+1645,0.00,0,-82.9,5.63,,292,314,-13,-314,1158
035760,CJ ENM,152203,+259200,11.94,21705,13.5,1.57,13.15,165443,22600,2245,1434,56833
035810,이지바이오,296801,+7250,13.33,544,9.0,1.18,6.59,6154,13981,1060,509,4200
035890,서희건설,7094909,1615,8.46,191,13.4,1.10,1.92,1465,10333,881,311,2802
035900,JYP Ent.,769979,-29800,58.20,512,21.4,12.15,44.80,2452,1022,195,164,10386
036000,예림당,108716,-9020,10.60,851,19.7,1.92,1.42,4706,6433,473,362,2078
036010,아비코전자,99630,+7820,13.55,577,8.9,1.18,4.49,6635,841,91,77,1040
036030,KTH,7427,-5500,61.11,90,1.6,0.96,4.62,5748,2276,57,32,1964
036090,위지트,466975,+1350,20.77,65,8.2,1.62,19.46,833,392,42,45,982
036120,SCI평가정보,365868,+3230,0.00,0,-0.9,8.43,70.90,383,428,0,-3,1147
036170,씨티젠,209995,+4000,0.00,0,-1.3,1.52,20.69,2625,166,15,-9,1050
036180,영인프런티어,351817,+6450,26.54,243,18.1,4.39,58.09,1469,350,14,43,1135
036190,금화피에스시,4992,-34650,10.28,3369,11.5,1.13,2.23,30651,2058,339,202,2079
036200,유니셈,167989,6360,7.96,799,29.8,2.19,5.58,2906,2093,300,223,1950
036260,이매진아시아,673150,2400,0.00,0,-43.1,2.33,,1030,302,-57,-151,856
036420,제이콘텐트리,2217805,+6690,123.89,54,5.3,5.06,15.48,1321,4203,333,109,7631
036480,대성미생물,200091,+16200,39.51,410,5.3,2.03,18.00,7979,240,20,16,616
036490,SK머티리얼즈,35515,+173800,17.17,10124,25.3,4.75,10.53,36567,5123,1477,1041,18332
036540,SFA반도체,104530,+1985,29.19,68,3.8,1.12,5.38,1773,4496,255,99,2801
036560,영풍정밀,30160,-7700,13.25,581,3.0,0.39,8.17,19788,659,75,92,1213
036620,버추얼텍,104641,-1210,0.00,0,-27.9,3.48,268.03,348,148,0,-31,358
036630,세종텔레콤,3732852,+599,85.57,7,1.2,1.09,10.29,552,1611,23,29,3596
036640,HRS,22100,+3530,9.19,384,8.1,0.72,5.80,4918,677,77,63,577
036670,KCI,141208,+10250,27.70,370,8.3,2.36,16.70,4346,485,51,40,1155
036690,코맥스,19597,-4635,8.91,520,12.1,1.04,4.96,4448,1402,106,73,662
036710,심텍홀딩스,17182,-2020,49.27,41,1.3,0.62,3.28,3270,8124,274,98,705
036800,나이스정보통신,6516,23150,6.01,3849,22.1,1.29,1.57,17971,3664,431,366,2315
036810,에프에스티,97860,+5820,9.33,624,14.0,1.42,8.06,4088,1917,131,98,1178
036830,솔브레인,63192,+62400,24.64,2532,6.9,1.68,6.31,37072,7756,1057,431,10857
036890,진성티이씨,147296,+9080,16.97,535,9.9,1.98,8.93,4581,2444,189,100,2041
036930,주성엔지니어링,188907,-8260,9.48,871,25.0,2.12,6.95,3905,2727,417,420,3985
037030,파워넷,236654,-6610,9.84,672,23.9,2.11,8.29,3136,1226,72,68,794
037070,파세코,55582,-4945,18.80,263,5.4,1.02,8.62,4868,1213,39,37,692
037230,한국팩키지,100350,+2275,19.96,114,7.0,1.36,11.84,1669,570,27,28,569
037330,인지디스플레,36681,-1630,28.60,57,1.4,0.42,3.86,3926,4788,29,13,580
037350,성도이엔지,55412,-6170,4.17,1480,12.4,0.51,1.59,12003,3913,249,212,954
037370,EG,25199,-7960,0.00,0,-1.2,1.18,23.64,6764,1640,13,-10,597
037400,우리조명,25767,1185,0.00,0,-6.7,0.37,3.75,3234,14962,-37,-233,295
037440,희림,24333,-4730,16.42,288,7.4,1.28,8.43,3705,1595,87,37,659
037460,삼지전자,79581,11450,6.55,1749,17.3,1.13,4.37,10094,13046,524,437,1868
037760,쎄니트,130175,2050,11.26,182,9.5,1.02,7.64,2007,1262,86,67,694
037950,엘컴텍,312850,+1965,28.07,70,7.8,2.18,24.26,901,503,40,54,1659
038010,제일테크노스,108843,-4865,11.84,411,5.2,0.62,8.50,7834,1531,56,36,438
038060,루멘스,201533,-3395,49.20,69,1.5,0.76,16.66,4442,3616,-92,12,1605
038070,서린바이오,47639,+11150,36.44,306,4.1,1.48,30.19,7531,426,12,23,769
038110,에코플라스틱,79924,+1650,0.00,0,-7.2,0.31,4.92,5403,10426,-35,-90,424
038160,팍스넷,198879,9650,57.10,169,4.3,2.41,39.79,3996,183,13,19,1069
038290,마크로젠,157605,+38050,36.27,1049,10.8,3.81,23.37,9996,1018,30,93,4035
038340,UCI,0,3600,0.00,0,-143.3,10.91,95.42,330,194,-1,-130,484
038390,레드캡투어,2344,-17800,16.94,1051,6.2,1.09,2.76,16266,2604,196,86,1529
038460,바이오스마트,106436,+5760,20.87,276,7.8,1.57,23.36,3660,804,43,41,1151
038500,삼표시멘트,970427,-4620,13.67,338,5.9,0.78,7.10,5890,6713,744,363,4960
038530,골드퍼시픽,126089,-4035,0.00,0,-23.5,4.45,32.80,906,120,12,-10,369
038540,상상인,231901,+24200,11.09,2183,41.0,3.93,8.64,6162,3976,1219,1002,11555
038620,위즈코프,84103,-1235,26.28,47,3.7,1.12,13.13,1098,363,9,12,459
038680,에스넷,36030,+4720,50.21,94,2.2,1.15,4.22,4121,2134,46,18,759
038870,에코바이오,19069,-7160,0.00,0,-40.1,1.56,,4603,287,-105,-248,825
038880,아이에이,41817,+3295,0.00,0,-20.4,4.02,,819,608,-40,-88,1360
038950,파인디지털,13619,+4350,0.00,0,-5.1,0.51,,8505,760,-37,-45,444
039010,현대통신,47485,-10900,6.15,1772,28.9,1.57,3.06,6957,1174,176,153,940
039020,이건홀딩스,4736,-3000,14.02,214,2.9,0.44,10.26,6884,2070,61,29,430
039030,이오테크닉스,71215,-54800,15.71,3488,12.7,1.89,8.81,29043,4042,600,430,6730
039200,오스코텍,254643,+22850,0.00,0,-12.7,17.67,,1293,39,-16,-43,6227
039230,에이아이비트,558249,+1565,0.00,0,-33.5,3.74,26.42,419,539,27,-53,822
039240,경남스틸,128828,+2145,12.62,170,5.4,0.66,10.04,3242,2870,66,43,536
039290,인포뱅크,2250308,+9200,46.70,197,3.2,1.53,17.41,6000,1191,25,19,800
039310,세중,232673,+3910,0.00,0,-2.1,0.90,1.30,4354,1584,80,-13,709
039340,한국경제TV,41192,+3895,6.91,564,13.8,0.95,8.48,4111,648,91,122,896
039420,케이엘넷,99463,+3385,27.75,122,8.5,2.42,11.74,1400,365,43,28,818
039440,에스티아이,111123,+12650,6.76,1870,33.5,2.01,5.02,6293,2870,332,252,2002
039560,다산네트웍스,99301,+6720,0.00,0,-1.3,1.31,28.99,5128,3071,0,-25,1944
039610,화성밸브,1395745,+16800,66.40,253,3.0,2.20,42.29,7635,437,23,17,1223
039670,스포츠서울,137665,-1120,0.00,0,-80.2,1.13,,990,237,-77,-196,351
039740,한국정보공학,5042,3970,0.00,0,-1.7,0.65,25.43,6089,1616,-0,-13,318
039830,오로라,21791,-10050,8.08,1244,13.7,1.11,9.55,9067,1436,160,130,1082
039840,디오,25756,-32450,46.76,694,8.9,4.22,18.43,7682,945,238,111,4923
039860,나노엔텍,178845,+6110,0.00,0,-8.4,6.30,35.32,970,238,17,-21,1567
039980,리노스,899200,+2605,19.73,132,6.9,1.36,13.94,1922,1015,38,50,984
040160,누리텔레콤,49105,+9770,0.00,0,-11.2,2.40,21.43,4078,1176,21,-58,1178
040300,YTN,35164,+2170,20.09,108,2.4,0.48,8.55,4536,1311,22,45,911
040350,큐로컴,264899,+2260,0.00,0,-27.0,3.16,,716,127,-52,-272,2467
040420,정상제이엘에스,8067,+7230,13.12,551,13.1,1.76,7.83,4104,844,103,82,1133
040610,SG&G,102634,-2455,0.00,0,-0.3,0.33,6.46,7371,12176,286,-14,837
040910,아이씨디,185585,+10300,6.67,1544,20.0,1.26,4.80,8156,3118,373,249,1717
041020,인프라웨어,93428,+1855,0.00,0,-41.8,1.60,,1161,152,-142,-146,695
041140,넥슨지티,77521,+7540,0.00,0,-10.1,2.15,63.93,3506,493,-23,-132,2667
041190,우리기술투자,5688217,+3865,87.84,44,5.7,5.52,,700,37,1,33,3247
041440,에버다임,42641,8700,8.82,986,10.0,0.85,6.11,10243,3403,243,176,1559
041460,한국전자인증,44714,-5430,29.04,187,10.6,3.51,14.32,1547,267,51,34,1165
041510,에스엠,428958,+47350,236.75,200,1.3,2.99,28.50,15824,3654,109,-47,10796
041520,이라이콤,697711,-6360,0.00,0,-7.2,0.38,-3.18,16789,3440,-9,-157,775
041590,에너전트,379043,+3030,0.00,0,-16.2,1.50,141.51,2016,358,-10,-107,1348
041830,인바디,163856,-26100,18.25,1430,19.4,3.35,11.51,7781,933,249,193,3571
041910,에스텍파마,67698,+11350,85.98,132,1.9,1.59,17.78,7121,382,25,15,1350
041920,메디아나,18250,+7180,15.37,467,8.9,1.33,6.96,5415,524,62,40,621
041930,동아화성,10390,+3535,5.98,591,9.8,0.58,4.80,6068,2550,130,91,559
041960,코미팜,423114,+24750,0.00,0,-5.2,13.46,410.05,1839,366,-2,-52,13684
042000,카페24,101294,-156600,244.31,641,44.9,90.63,110.72,1728,1426,74,51,14013
042040,케이피엠테크,880575,+1590,0.00,0,-9.1,1.55,,1024,290,-58,-56,1307
042110,에스씨디,137999,+1465,20.35,72,3.6,0.73,3.03,2013,1463,77,35,708
042370,비츠로테크,43324,-7920,4.76,1664,39.5,1.41,5.57,5617,2328,210,439,1770
042420,네오위즈홀딩스,2289,+13500,0.00,0,-1.8,0.41,-7.07,32865,1849,106,-68,1196
042500,링네트,31156,-3795,11.23,338,8.9,1.03,3.52,3677,1485,52,47,567
042510,라온시큐어,90799,-2975,28.07,106,23.8,5.99,21.33,497,212,33,34,946
042520,한스바이오메드,71324,+29100,35.02,831,15.6,5.34,27.21,5450,391,95,81,2869
042600,새로닉스,29477,-5020,20.83,241,4.2,0.89,15.24,5671,1262,2,13,624
042940,상지카일룸,148899,+2420,0.00,0,-53.7,2.92,,830,135,-43,-79,892
043090,팜스웰바이오,306025,+5730,409.29,14,2.6,8.30,215.53,690,196,5,3,1531
043100,솔고바이오,1658192,510,0.00,0,-21.7,1.39,,366,232,-61,-85,825
043150,바텍,33479,34000,6.38,5325,46.1,2.58,11.37,13196,2188,391,837,5050
043200,파루,544339,-3270,0.00,0,-36.3,1.62,,2019,289,-231,-279,970
043220,에이치엘비파워,462325,+1250,0.00,0,-53.6,2.35,,531,374,-102,-133,744
043260,성호전자,469766,1130,66.47,17,1.2,0.84,11.87,1339,923,9,5,333
043290,케이맥,9554,11400,0.00,0,-12.9,1.49,50.15,7644,899,-5,-72,802
043340,에쎈테크,221999,1220,135.56,9,2.2,3.07,39.70,398,661,6,6,878
043360,디지아이,13827,+3110,50.98,61,1.1,0.57,10.96,5410,248,5,5,280
043370,평화정공,63109,+8230,2.32,3548,15.1,0.34,2.13,24121,10538,252,745,1728
043590,크로바하이텍,332203,+4105,0.00,0,-2.7,2.00,24.19,2057,575,-10,-9,534
043610,지니뮤직,375227,+6270,0.00,0,-4.3,3.39,41.07,1849,1556,24,-34,3084
043650,국순당,35640,+5550,9.86,563,4.9,0.46,,12166,628,-43,97,991
043710,서울리거,20281,+4270,0.00,0,-3.7,2.46,,1735,144,-15,-14,1072
043910,자연과환경,1134631,-2105,0.00,0,-27.0,2.45,,860,132,-44,-68,715
044060,조광ILI,355634,+6470,19.20,337,6.7,1.25,11.87,5186,204,39,33,640
044180,KD건설,2411392,-125,0.00,0,-42.1,1.13,,111,224,-103,-167,445
044340,위닉스,233960,-12500,16.87,741,12.0,2.10,11.20,5961,2607,173,113,2234
044480,바이오제네틱스,9981,10250,0.00,0,-6.5,4.20,,2438,149,-15,-14,1123
044490,태웅,66755,-14800,0.00,0,-0.9,0.47,14.08,31426,3044,-44,-60,2961
044780,에이치케이,874728,+1750,97.22,18,0.7,0.70,12.60,2513,572,28,3,323
044960,이글벳,29512,+4500,32.85,137,4.9,1.65,14.74,2735,342,27,16,569
045060,오공,182891,+3230,7.10,455,10.7,0.73,4.42,4424,1496,89,64,372
045100,한양이엔지,70611,+16200,8.30,1951,15.2,1.22,4.44,13225,7140,362,345,2916
045300,성우테크론,23194,+4510,6.75,668,14.8,0.97,4.64,4665,382,54,59,408
045340,토탈소프트,18542,-2905,76.45,38,5.4,4.00,26.98,727,97,4,3,249
045390,대아티아이,7684104,+9410,95.05,99,8.3,7.59,75.78,1240,858,71,67,6695
045510,정원엔시스,15071,-2260,0.00,0,-7.7,2.09,30.09,1079,1590,23,-28,728
045520,크린앤사이언스,19457,15500,20.53,755,16.1,3.17,13.80,4890,771,63,47,1008
045660,에이텍,45861,-7250,4.64,1563,21.6,0.91,8.77,7973,1063,42,129,599
045890,DB라이텍,3918818,+1655,0.00,0,-11.0,0.97,21.45,1702,729,1,-54,440
045970,코아시아홀딩스,17144,+6050,25.53,237,3.9,1.05,4.81,5784,4243,168,20,1187
046070,코다코,89320,2545,0.00,0,-2.3,0.95,9.68,2674,2678,57,-24,994
046110,한일네트웍스,13916,+6090,4.24,1435,33.4,1.26,3.21,4836,1161,72,167,728
046120,오르비텍,1591571,+5790,38.60,150,5.6,2.11,25.06,2741,475,36,26,1377
046140,SBS콘텐츠허브,58364,+5190,0.00,0,-4.0,0.75,-5.28,6913,1980,1,-61,1114
046210,파나진,357149,+7450,0.00,0,-29.2,10.03,,743,74,-26,-65,2387
046310,백금T&A,133375,+3185,15.77,202,9.1,1.33,7.16,2389,1020,58,32,483
046390,삼화네트웍스,70327,+1425,75.00,19,2.0,1.58,26.09,902,210,-2,7,611
046440,KG모빌리언스,46307,+7760,15.19,511,7.8,1.12,10.88,6920,1706,278,127,2321
046890,서울반도체,133030,+17150,24.50,700,6.7,1.68,5.15,10196,11104,983,464,9999
046940,우원개발,203299,+5600,0.00,0,-0.7,1.39,17.33,4023,1836,63,-4,896
046970,우리로,98277,-2430,0.00,0,-30.5,1.75,,1387,411,-59,-106,602
047080,한빛소프트,364924,+3750,70.75,53,6.2,4.29,,874,393,-15,11,929
047310,파워로직스,914953,+4690,14.84,316,6.9,1.01,4.25,4642,7057,195,92,1608
047440,레이젠,0,925,0.00,0,-88.1,1.15,,803,803,-153,-277,270
047560,이스트소프트,10900,+7100,0.00,0,-12.7,3.04,43.27,2334,585,-9,-29,703
047770,코데즈컴바인,113404,+3165,56.52,56,8.0,4.27,53.09,741,212,18,21,1198
047820,초록뱀,1425274,-1575,0.00,0,-17.4,1.25,87.67,1258,588,1,-133,1037
047920,씨트리,234395,+6190,0.00,0,-23.8,4.33,,1430,210,-28,-44,857
048260,오스템임플란트,49708,+49100,67.63,726,9.3,6.21,23.66,7909,3978,217,57,7014
048410,현대아이비티,226236,+5160,139.46,37,5.0,5.44,55.77,948,320,15,12,1681
048430,유라테크,20577,+7650,25.00,306,3.4,0.85,6.66,8988,1939,14,35,881
048470,대동스틸,1025006,+12950,20.89,620,10.0,2.00,19.56,6481,905,55,62,1295
048530,인트론바이오,63646,+35900,0.00,0,-18.5,13.49,,2662,110,-17,-83,5399
048550,SM C&C,257733,+2455,0.00,0,-16.5,2.01,,1222,886,-130,-140,2309
048770,TPC,11925,+5180,16.87,307,18.5,2.48,11.77,2086,1019,54,41,668
048830,엔피케이,134446,+2205,16.96,130,4.9,0.97,4.86,2275,731,20,18,413
048870,시너지이노베이션,139574,-2535,0.00,0,-41.8,4.53,108.78,560,342,-12,-122,1440
048910,대원미디어,44854,+7550,14.89,507,10.3,1.49,4.74,5063,1207,70,78,950
049070,인탑스,28130,-9250,9.57,967,4.4,0.42,0.85,22211,6875,288,295,1591
049080,기가레인,208478,-2775,0.00,0,-0.8,1.58,14.04,1754,1058,60,-1,1398
049120,파인디앤씨,100944,+2550,0.00,0,-41.2,1.37,55.52,1865,1594,-59,-199,614
049180,셀루메드,725552,+12650,0.00,0,-19.3,5.30,128.12,2386,216,-10,-96,2584
049430,코메론,5518,-7910,7.41,1068,8.2,0.60,0.95,13189,685,147,95,716
049470,SGA,153106,686,0.00,0,-33.4,1.37,,500,981,-46,-178,664
049480,오픈베이스,751740,2990,74.75,40,2.0,1.46,15.55,2049,1366,18,17,940
049520,유아이엘,21267,+5200,7.41,702,8.8,0.65,1.22,7994,4798,243,153,1133
049550,잉크테크,3726,+3300,0.00,0,-65.6,1.22,,2708,576,-69,-220,529
049630,재영솔루텍,565341,+1780,0.00,0,-134.9,4.96,,359,1326,-261,-363,813
049720,고려신용정보,28894,+3615,14.01,258,21.1,2.99,7.04,1210,878,50,36,517
049830,승일,29435,-11300,24.41,463,2.1,0.51,6.70,21950,1358,37,27,693
049950,미래컴퍼니,18840,+132000,32.63,4045,33.1,10.50,25.92,12576,1815,372,282,10381
049960,쎌바이오텍,18041,+35000,14.51,2412,20.9,3.65,11.08,9595,611,226,182,3290
050090,휘닉스소재,451982,+817,0.00,0,-8.1,1.83,,446,381,-7,-24,565
050110,캠시스,181754,+2135,0.00,0,-45.0,1.91,6.52,1116,4244,137,-344,1234
050120,라이브플렉스,399803,+907,43.19,21,2.4,1.04,19.31,875,357,22,17,755
050320,에이앤티앤,0,3220,0.00,0,-160.7,15.12,,213,141,-18,-48,730
050540,한국코퍼레이션,47033,+2450,144.12,17,1.6,1.76,,1392,1285,-31,3,645
050760,에스폴리텍,19485,-2000,0.00,0,-6.5,0.73,12.73,2744,1223,11,-31,327
050860,아세아텍,37641,+3460,14.36,241,4.6,0.66,5.59,5278,1017,56,41,606
050890,쏠리드,227741,-4470,0.00,0,-27.6,2.44,6.39,1833,2593,202,-259,1716
050960,수산아이앤티,16109,-7880,12.63,624,6.1,0.76,2.36,10386,164,44,42,532
051160,지어소프트,60845,-1915,0.00,0,-18.8,3.87,9.96,495,1005,9,-14,264
051360,토비스,41921,+7840,9.81,799,8.1,0.79,4.31,9919,5227,206,130,1311
051370,인터플렉스,71567,+16000,9.38,1706,13.4,1.15,4.87,13914,8055,615,416,3732
051380,피씨디렉트,7734,+4435,11.14,398,10.6,1.12,11.52,3964,2274,29,30,334
051390,YW,297920,-4350,14.65,297,4.1,0.71,9.95,6164,264,42,29,494
051490,나라엠앤디,94019,-7000,45.16,155,2.8,1.29,10.45,5436,1409,67,19,994
051500,CJ프레시웨이,28951,32100,0.00,0,-0.8,2.11,8.70,15181,25044,439,12,3811
051780,큐로홀딩스,124269,+882,0.00,0,-67.6,2.13,,415,154,-69,-397,531
051980,중앙리빙테크,377579,-1290,75.88,17,2.7,2.03,,634,72,-6,3,291
052020,에스티큐브,821740,+15100,0.00,0,-68.1,21.00,,719,85,-141,-165,4033
052190,이에스에이,471725,+2950,0.00,0,-159.2,1.90,62.51,1555,116,-3,-233,611
052220,iMBC,11641,3005,0.00,0,-0.2,1.35,15.27,2233,574,1,-2,691
052260,SK바이오랜드,187930,+19300,24.16,799,8.9,2.10,13.51,9188,1026,160,120,2895
052290,트레이스,0,1455,0.00,0,-133.1,4.63,,314,35,-143,-364,798
052300,W홀딩컴퍼니,1610193,-659,19.38,34,4.0,0.94,64.15,703,324,14,31,872
052330,코텍,24889,+17000,11.64,1460,8.6,1.01,4.54,16783,3275,334,217,2648
052400,코나아이,762338,-18900,0.00,0,-23.4,2.13,213.92,8871,1021,-98,-380,2941
052420,오성첨단소재,840356,+2815,87.97,32,1.8,1.19,37.98,2359,447,11,11,1400
052460,아이크래프트,2003,+5340,16.74,319,6.2,1.24,10.23,4308,925,21,22,430
052600,한네트,15124,+2940,24.30,121,3.8,0.92,2.29,3202,276,25,14,340
052670,제일바이오,291409,+4005,72.82,55,2.4,1.98,32.07,2027,280,11,8,601
052710,아모텍,462148,-32900,12.65,2600,14.2,1.67,6.21,19685,3154,409,253,3206
052770,와이디온라인,6418800,+2600,0.00,0,-463.2,288.89,,9,211,-101,-211,817
052790,액토즈소프트,16947,-11900,0.00,0,-6.7,1.26,8.29,9453,554,66,-75,1348
052860,아이앤씨,11205,+4045,9.45,428,17.1,1.56,8.25,2600,429,69,63,639
052900,KMH하이텍,258445,+1170,0.00,0,-0.9,1.06,14.29,1108,515,6,-4,549
053030,바이넥스,351805,+11700,0.00,0,-8.4,2.82,260.79,4156,780,-75,-115,3713
053050,지에스이,54564,-1660,9.12,182,8.4,0.79,6.19,2090,1085,64,49,498
053060,세동,160166,+850,0.00,0,-38.8,0.80,31.78,1059,1193,-57,-78,167
053110,소리바다,759827,+1890,0.00,0,-20.0,2.93,,645,540,-40,-60,1065
053160,프리엠스,24574,+6280,29.21,215,2.7,0.87,2.98,7218,287,13,11,377
053260,금강철강,36519,+4000,23.12,173,2.8,0.69,4.61,5761,1972,36,30,749
053270,구영테크,119610,-1795,23.31,77,2.6,0.68,8.18,2633,1498,57,14,355
053280,예스24,9744,+5170,0.00,0,-0.1,1.18,18.91,4365,4568,-9,-3,889
053290,NE능률,8376,3390,51.36,66,1.3,0.82,5.27,4115,575,27,7,458
053300,한국정보인증,43020,+4920,27.80,177,7.7,2.07,11.00,2377,361,81,55,1533
053350,이니텍,18079,+7350,14.05,523,7.9,1.08,2.56,6786,2437,216,156,1455
053450,세코닉스,294842,+9400,0.00,0,-1.8,0.81,8.92,11540,3311,16,-24,1057
053590,한국테크놀로지,556000,-1350,0.00,0,-46.9,2.23,,606,96,-52,-131,904
053610,프로텍,9162,-15700,5.34,2939,19.8,1.02,4.07,15401,1498,301,254,1485
053620,태양,4476,+8860,10.16,872,4.7,0.51,2.23,17529,1576,141,69,762
053660,현진소재,556692,+4930,0.00,0,-217.0,12.39,61.66,398,1378,-69,-163,662
053700,삼보모터스,360838,-9350,19.85,471,3.4,0.70,5.99,13447,9387,236,66,1332
053800,안랩,37260,+56200,29.99,1874,9.2,3.06,17.99,18364,1503,167,163,5628
053950,경남제약,0,17200,0.00,0,-21.7,12.68,46.11,1356,402,37,-35,1935
053980,오상자이엘,29781,-10450,60.76,172,6.3,3.71,53.80,2814,670,13,30,1855
054040,한국컴퓨터,51174,-2970,0.00,0,-0.0,0.50,3.02,5891,2213,34,-0,477
054050,농우바이오,42671,+15550,23.89,651,5.5,1.28,17.90,12154,1045,100,92,2493
054090,삼진엘앤디,175109,+2365,0.00,0,-13.4,0.67,15.26,3541,2206,-38,-127,590
054180,중앙오션,914889,-3250,0.00,0,-63.4,3.72,113.04,874,160,-2,-129,749
054210,이랜텍,283935,-3370,0.00,0,-0.9,0.45,9.33,7492,5892,34,-15,690
054220,비츠로시스,890247,-1715,63.52,27,-36.4,1.07,,1600,753,-55,-216,754
054300,팬스타엔터프라이즈,315088,-1120,17.78,63,7.4,1.62,14.27,693,335,27,18,461
054340,피앤텔,1650903,-1055,0.00,0,-76.8,1.38,,765,180,-78,-220,325
054410,케이피티유,3073,+5930,7.08,837,13.6,0.94,16.79,6285,264,21,42,300
054450,텔레칩스,58863,-10700,78.68,136,1.9,1.76,6.38,6076,1227,63,15,1445
054540,삼영엠텍,94069,-4170,30.66,136,2.4,0.72,15.10,5757,635,5,17,542
054620,APS홀딩스,35606,+5250,0.11,46508,348.2,0.38,10.72,13639,879,3,6701,1071
054630,에이디칩스,906342,-2195,64.56,34,2.3,1.68,25.67,1310,186,12,5,542
054670,대한뉴팜,52100,13650,0.00,0,-33.5,3.79,14.37,3603,1308,131,-206,1959
054780,키이스트,80329379,+3625,0.00,0,-2.2,5.80,10.29,625,1062,10,2,3074
054800,아이디스홀딩스,245699,13450,10.67,1261,6.1,0.70,-0.67,19268,4382,322,309,1392
054920,한컴시큐어,34519,-3270,30.00,109,2.7,0.77,41.34,4227,164,1,14,462
054930,유신,272016,+19900,39.02,510,1.7,0.66,15.35,30234,1485,10,15,597
054940,엑사이엔씨,300967,-1590,0.00,0,-7.5,0.93,6.46,1706,2559,55,-51,527
054950,제이브이엠,6079,-41000,21.64,1895,9.8,2.14,10.69,19135,1062,187,115,2596
056000,신스타임즈,7806,2430,186.92,13,0.9,1.73,24.32,1406,307,3,2,341
056080,유진로봇,164523,+5190,0.00,0,-9.7,2.72,958.47,1906,650,-13,-41,1947
056090,유앤아이,120084,+16550,0.00,0,-11.6,2.34,,7062,133,-53,-65,1281
056190,에스에프에이,155622,-37150,6.70,5544,29.3,1.72,2.94,21646,19204,2361,2033,13340
056360,코위버,53129,-7100,10.20,696,7.1,0.74,7.27,9630,543,60,65,696
056700,신화인터텍,41804,+1995,0.00,0,-2.5,0.63,8.19,3186,1766,22,-24,581
056730,포스링크,1235519,+2475,0.00,0,-89.5,2.72,99.56,910,173,2,-215,1143
057030,와이비엠넷,59105,-2300,0.00,0,-6.1,0.87,8.71,2641,609,11,-27,375
057500,SKC 솔믹스,177932,+4710,7.35,641,75.5,4.04,10.55,1165,1327,242,394,2896
057540,옴니시스템,455075,+2545,16.42,155,9.1,1.43,16.63,1777,1206,35,65,1035
057680,옴니텔,173692,-3075,0.00,0,-52.5,4.68,,657,435,-42,-56,667
057880,토필드,754232,-2475,0.00,0,-76.9,2.47,,1002,158,-145,-190,668
058110,멕아이씨에스,10304,+5070,0.00,0,-22.0,3.45,,1468,86,-10,-20,272
058220,아리온,770665,1075,0.00,0,-73.8,3.71,,290,517,-95,-214,949
058400,KNN,33369,-902,12.53,72,5.3,0.65,6.51,1397,654,86,96,1195
058420,제이웨이,95562,+1815,0.00,0,-44.4,3.02,,601,69,-25,-41,273
058450,일야,269214,+2030,0.00,0,-20.5,0.95,,2138,428,-31,-48,199
058470,리노공업,40244,+59600,22.31,2672,18.8,3.99,13.65,14955,1415,492,404,9084
058530,슈펙스비앤피,350001,1220,0.00,0,-42.4,1.41,,863,967,-139,-238,717
058610,에스피지,116565,10200,0.00,0,-3.2,2.16,24.67,4716,2958,64,-41,2129
058630,엠게임,46799,+3540,25.84,137,8.6,2.01,9.86,1763,275,49,26,692
058820,CMG제약,1577586,+4975,0.00,0,-0.2,5.36,115.48,929,415,23,-2,5417
059090,미코,105113,+3770,12.44,303,14.7,1.85,2.65,2035,1839,291,191,1181
059100,아이컴포넌트,95618,-8080,0.00,0,-22.3,1.72,116.13,4691,245,-41,-83,571
059120,아진엑스텍,34240,10300,11.06,931,18.5,1.73,6.88,5958,307,78,62,715
059210,메타바이오메드,558687,+4030,0.00,0,-8.4,1.92,26.37,2103,653,23,-40,962
060150,인선이엔티,888452,-7700,91.67,84,1.9,1.68,13.11,4592,1603,219,32,2812
060230,이그잭스,113594,-2245,0.00,0,-43.2,4.10,100.63,547,436,-19,-93,1139
060240,룽투코리아,17660,+5240,0.00,0,-50.9,2.12,27.58,2469,524,-0,-366,1267
060250,NHN한국사이버결제,92297,-13750,26.65,516,10.8,2.82,7.22,4870,3520,179,102,2970
060260,뉴보텍,0,1715,0.00,0,-8.4,2.73,,629,410,-15,-13,461
060280,큐렉소,31176,+8670,0.00,0,-23.5,3.67,332.20,2363,335,6,-169,2892
060300,레드로버,391634,+3760,0.00,0,-7.4,1.16,,3232,357,-40,-106,1682
060310,3S,199157,3170,0.00,0,-4.8,4.56,60.28,695,315,3,-14,1407
060370,KT서브마린,60688,-4340,10.82,401,7.8,0.87,4.61,4965,737,95,82,950
060380,동양에스텍,51460,+3735,11.64,321,6.2,0.71,17.15,5247,1862,29,33,374
060480,국일신동,73000,-3465,11.79,294,7.5,0.94,8.24,3705,333,39,30,384
060540,에스에이티,564415,+2430,9.10,267,9.9,0.86,6.16,2818,973,80,69,635
060560,홈센타홀딩스,144176,-1815,0.00,0,-45.9,1.45,19.74,1253,2344,15,-575,1540
060570,아이리버,1204643,+9530,0.00,0,-18.6,3.99,,2391,695,-80,-141,4533
060590,씨티씨바이오,82181,+13050,0.00,0,-25.1,3.10,,4209,1306,-141,-207,2300
060720,KH바텍,104561,-9420,0.00,0,-16.3,0.90,,10464,3511,-315,-377,1904
060900,퍼시픽바이오,787096,-1125,0.00,0,-61.4,6.70,,168,321,-62,-79,542
061040,알에프텍,16363,-4700,23.98,196,3.2,0.76,3.10,6214,2871,104,37,895
061250,화일약품,159693,+7670,38.93,197,2.7,1.13,13.02,6813,1025,54,27,1105
061970,엘비세미콘,14243068,+6130,33.68,182,8.2,2.67,9.20,2293,1318,103,80,2684
062860,티엘아이,18424,+4690,0.00,0,-3.8,0.51,,9134,672,-40,-36,463
063080,게임빌,11443,+51900,41.85,1240,3.4,1.42,,36613,1064,-201,80,3423
063170,서울옥션,359093,+11500,58.38,197,4.4,2.76,31.93,4161,542,64,31,1946
063440,SM Life Design,2700138,-2220,111.00,20,1.9,2.05,25.21,1084,333,6,8,981
063570,한국전자금융,159085,+12900,21.64,596,13.5,2.77,9.64,4650,2410,211,164,4469
063760,이엘피,53195,-15200,4.34,3502,40.4,1.39,2.67,10930,456,182,161,746
064090,에프앤리퍼블릭,374783,+2970,14.63,203,29.7,3.29,23.64,904,774,80,82,1736
064240,홈캐스트,744303,+9020,0.00,0,-16.3,3.04,,2963,409,-40,-171,2906
064260,다날,150559,4520,19.15,236,7.5,1.32,16.78,3430,1729,173,107,2455
064290,인텍플러스,23667,+3620,0.00,0,-1.3,2.18,76.65,1657,243,0,-3,400
064480,브리지텍,184165,+4420,0.00,0,-7.9,1.23,,3604,302,-47,-36,528
064510,에코마이스터,1571395,+14500,0.00,0,-6.0,2.90,39.51,5008,237,24,-25,1836
064520,바른전자,570049,+1160,0.00,0,-45.0,1.85,,627,1685,-196,-238,770
064550,바이오니아,100254,+11250,0.00,0,-41.8,7.16,,1571,233,-59,-122,2320
064760,티씨케이,25576,+63000,19.72,3195,28.8,5.06,11.84,12458,1303,477,373,7355
064800,필링크,406078,-3100,49.21,63,4.2,1.73,12.29,1796,1937,233,89,1901
064820,케이프,108626,2700,75.00,36,0.6,0.46,10.97,5825,2306,176,31,689
065060,지엔코,712651,+2300,0.00,0,-11.3,1.50,14.76,1530,1432,100,-136,2254
065130,탑엔지니어링,67726,+7270,8.27,879,8.7,0.74,7.07,9879,1761,151,136,1161
065150,MP그룹,0,1315,0.00,0,-36.3,3.19,30.69,412,1452,-4,-111,1063
065160,에프티이앤이,0,3580,0.00,0,-13.2,3.12,32.20,1147,685,33,-85,2434
065170,넥스트BT,337094,+2480,0.00,0,-13.8,4.88,37.85,508,837,28,-27,1527
065350,신성델타테크,64035,+4180,6.93,603,11.3,0.79,6.15,5287,4648,182,124,923
065420,에스아이리소스,417366,+859,0.00,0,-6.9,2.35,16.85,366,334,7,-7,454
065440,이루온,1413712,+2190,0.00,0,-8.9,2.19,45.83,1001,349,-4,-17,335
065450,빅텍,350241,+2820,0.00,0,-3.1,2.02,37.78,1393,408,-16,-11,691
065500,오리엔트정공,301007,-545,0.00,0,-3.9,1.04,11.18,523,971,14,-24,366
065510,휴비츠,28280,+12000,44.78,268,4.0,1.81,12.79,6622,704,91,35,1426
065530,전파기지국,433015,+2950,35.98,82,5.3,2.05,6.15,1442,831,56,41,1559
065560,녹원씨엔아이,150156,+8990,191.28,47,1.5,1.95,15.37,4599,221,76,4,1146
065570,삼영이엔씨,57946,-6240,18.19,343,3.7,0.64,7.00,9702,380,52,31,549
065620,제낙스,98735,+15600,0.00,0,-11.3,6.91,,2256,62,-41,-46,3508
065650,메디프론,366074,+6580,0.00,0,-45.5,7.82,358.36,841,209,5,-115,1937
065660,안트로젠,104163,102000,1073.68,95,1.8,16.63,1339.38,6132,54,2,7,8113
065680,우주일렉트로,3786,-9340,7.46,1252,6.0,0.51,1.02,18259,2076,94,105,928
065690,대진디엠피,44327,+4550,0.00,0,-3.0,0.71,11.58,6408,645,-8,-26,631
065710,서호전기,13668,-12100,10.10,1198,10.5,1.04,1.79,11635,447,130,62,623
065770,CS,17296,-2290,43.21,53,5.2,2.28,11.67,1003,433,19,10,431
065940,바이오빌,239527,2260,0.00,0,-36.8,0.78,,2879,504,-99,-252,770
065950,웰크론,603991,+4050,0.00,0,-3.6,2.12,15.16,1912,3786,39,-64,1032
066110,한프,158186,+1460,0.00,0,-28.5,1.03,,1423,142,-61,-130,663
066130,하츠,45226,+5070,14.12,359,5.7,0.79,5.14,6390,1019,52,45,649
066310,큐에스아이,8725,-5250,57.69,91,1.4,0.83,7.60,6350,226,11,8,435
066360,체리부로,16148,-2860,3.31,863,24.6,0.76,4.91,3756,3613,246,211,797
066410,아컴스튜디오,1024604,-1085,83.46,13,3.8,3.13,53.47,347,161,7,8,675
066430,와이오엠,104272,-15850,0.00,0,-29.7,19.59,124.90,809,302,12,-28,1833
066590,우수AMS,784338,+6900,32.86,210,8.8,2.88,17.75,2397,2281,28,50,1704
066620,국보디자인,32196,+16800,9.20,1827,14.3,1.27,0.95,13238,2707,232,133,1260
066670,디스플레이텍,43078,-3900,14.55,268,3.2,0.49,2.54,7937,827,81,47,729
066700,테라젠이텍스,846574,+12900,286.67,45,1.6,4.50,133.70,2864,1076,2,12,3972
066790,씨씨에스,0,423,0.00,0,-21.1,1.10,10.84,384,213,-11,-71,362
066900,디에이피,20567,+3300,11.66,283,5.7,0.79,4.48,4188,2979,75,53,751
066910,손오공,97366,-2875,0.00,0,-48.7,3.30,,872,1041,-119,-123,630
066970,엘앤에프,264687,+47550,49.38,963,19.0,9.63,32.08,4938,4030,294,206,11770
066980,브레인콘텐츠,1368272,-999,0.00,0,-2.6,1.41,12.84,710,762,47,-53,1583
067000,조이시티,20112,+13150,0.00,0,-29.0,4.57,146.21,2877,922,-27,-115,1550
067010,이씨에스,13750,-4325,10.60,408,7.0,0.78,1.54,5517,619,26,29,324
067080,대화제약,200477,+28300,39.53,716,17.7,6.72,43.87,4212,1222,84,121,5158
067160,아프리카TV,520458,+42950,30.29,1418,23.2,6.97,21.76,6163,946,183,147,4937
067170,오텍,196754,-11200,7.67,1461,17.5,1.33,4.86,8429,8241,364,255,1724
067280,멀티캠퍼스,15405,+41400,19.91,2079,15.3,2.92,10.09,14196,2012,151,124,2454
067290,JW신약,500458,+8550,0.00,0,-15.3,8.47,,1009,768,-32,-61,3550
067310,하나마이크론,61444,+4855,0.00,0,-0.7,0.87,4.64,5564,3658,411,104,1103
067390,아스트,43864,14650,147.98,99,1.7,2.18,24.41,6715,972,81,15,2302
067570,엔브이에이치코리아,45509,-3150,17.50,180,3.3,0.61,4.03,5205,5517,114,64,905
067630,에이치엘비생명과학,1403557,+21250,65.59,324,19.3,10.73,427.99,1980,1064,10,78,5795
067730,로지시스,41225,+3660,51.55,71,4.1,2.11,24.78,1738,409,6,7,342
067770,세진티에스,5408,-3060,0.00,0,-5.7,0.62,,4955,228,-24,-25,257
067900,와이엔텍,1175019,-4895,7.73,633,11.3,0.83,7.42,5914,752,125,116,891
067920,이글루시큐리티,9469,4480,10.67,420,10.8,1.19,5.37,3768,601,31,42,493
067990,도이치모터스,133053,-5150,35.27,146,3.5,0.92,21.52,5582,9502,117,43,1353
068050,팬엔터테인먼트,15021,+4250,0.00,0,-3.9,1.23,1029.65,3445,423,-7,-17,584
068240,다원시스,131871,+15100,53.17,284,4.1,2.11,29.31,7146,1115,88,54,3904
068330,일신바이오,846106,2470,60.24,41,6.2,3.10,34.05,797,128,23,18,1092
068760,셀트리온제약,175797,+76900,0.00,0,-0.8,7.62,128.93,10088,1359,45,-29,26180
068790,DMS,59656,+6490,37.95,171,2.9,1.10,10.33,5892,2687,166,39,1494
068930,디지털대성,61575,-4560,12.13,376,10.8,1.47,6.19,3101,898,100,83,1023
068940,아이씨케이,919875,1605,0.00,0,-42.8,2.90,,553,272,-73,-97,500
069080,웹젠,126988,+20350,21.09,965,11.9,2.67,9.87,7624,1663,440,300,7186
069110,코스온,313087,+13700,214.06,64,1.7,3.64,36.98,3760,1005,47,16,2533
069140,누리플랜,22054,-5640,940.00,6,0.1,1.29,30.28,4389,356,5,-0,268
069330,유아이디,18165,+2350,0.00,0,-21.8,0.78,,3003,89,-48,-87,279
069410,엔텔스,11192,+12500,0.00,0,-8.7,2.23,,5606,469,-18,-35,862
069510,에스텍,1579,-9990,8.48,1178,8.0,0.88,2.85,11407,3004,160,99,1090
069540,라이트론,77135,+8120,0.00,0,-7.4,1.48,74.20,5496,823,1,-30,1150
069920,아이에스이커머스,47723,-3870,2.61,1482,60.9,1.31,160.92,2964,365,-14,337,987
070300,한솔시큐어,2180,+5680,7.51,756,26.1,1.53,,3703,151,-19,54,418
070590,한솔인티큐브,0,1850,9.54,194,10.6,0.96,,1934,455,-33,27,257
071200,인피니트헬스케어,957053,+8150,129.37,63,2.2,2.81,18.11,2903,728,55,15,1988
071280,로체시스템즈,33146,-3840,16.92,227,5.7,0.87,10.76,4399,3370,21,33,587
071460,대유위니아,111677,-2815,21.65,130,4.7,1.00,6.24,2827,5026,98,46,1012
071670,에이테크솔루션,319761,+10250,0.00,0,-0.8,1.54,12.58,6645,2129,-4,-5,1025
071850,캐스텍코리아,143135,+4800,20.08,239,2.7,0.55,9.20,8659,2096,67,29,688
072020,중앙백신,43911,+23500,46.35,507,7.3,3.28,25.35,7156,319,55,46,2341
072470,우리산업홀딩스,5755,+5500,43.31,127,1.8,0.77,4.40,7178,3328,188,92,1039
072520,케이디 네이쳐 엔 바이오,257704,-1725,0.00,0,-71.7,5.04,10.66,342,202,22,-147,939
072770,네오디안테크놀로지,149944,+2140,0.00,0,-30.5,3.00,,713,564,-69,-78,758
072870,메가스터디,14638,-14050,0.00,0,-0.7,0.70,,20070,1321,-133,-35,1675
072950,빛샘전자,72883,+6300,10.54,598,6.8,0.71,3.63,8897,564,40,37,378
072990,에이치시티,12595,-11100,584.21,19,0.2,1.19,12.97,9341,279,4,1,508
073010,케이에스피,0,3760,0.00,0,-41.7,3.44,,1094,178,-38,-37,284
073070,에스모,4272370,-9420,96.12,98,12.7,10.89,90.24,865,823,76,79,8243
073110,엘엠에스,35913,5960,4.97,1198,8.5,0.47,2.29,12771,1437,195,95,530
073190,듀오백,23636,+2345,19.54,120,4.1,0.84,10.55,2793,389,6,13,281
073490,이노와이어리스,100782,20900,0.00,0,-0.3,1.90,45.68,11013,607,6,-2,1255
073540,에프알텍,196485,+3100,0.00,0,-7.6,1.02,,3025,232,-58,-27,353
073560,우리손에프앤지,283731,-2125,5.56,382,18.0,0.92,3.76,2308,2097,414,275,1471
073570,피엠지파마,82207,-6500,0.00,0,-58.1,2.61,,2490,121,-49,-108,687
073640,삼원테크,156195,-1780,0.00,0,-24.7,5.95,578.99,299,240,-2,-23,877
074430,아미노로직스,194880,+2520,420.00,6,1.2,4.90,147.85,514,168,11,5,2213
074600,원익QnC,57339,-16150,14.68,1100,18.1,2.48,11.84,6503,1973,296,294,4246
075130,플랜티넷,7082,+5170,0.00,0,-1.4,0.68,7.56,7618,221,12,-7,463
075970,동국알앤에스,88954,-2220,15.74,141,3.5,0.56,8.86,3950,952,38,26,408
076080,웰크론한텍,28828,+2740,0.00,0,-1.5,0.79,17.29,3447,2519,6,-50,531
076610,해성옵틱스,182762,+3370,0.00,0,-20.2,1.02,9.45,3304,3425,-88,-130,562
077280,한컴지엠디,13881,-2540,22.68,112,2.9,0.69,16.15,3707,95,7,9,299
077360,덕산하이메탈,10884,-6120,15.04,407,4.6,0.77,20.21,7934,451,27,80,1390
078020,이베스트투자증권,169,-10600,9.76,1086,10.2,1.10,,9627,1429,511,388,4291
078070,유비쿼스홀딩스,10710,+5500,0.82,6686,51.8,0.57,4.53,9688,78,16,967,1028
078130,국일제지,2076391,-1075,71.67,15,3.1,2.17,113.54,496,440,3,18,1251
078140,대봉엘에스,97698,+8940,13.88,644,10.8,1.43,7.59,6245,657,91,78,991
078150,HB테크놀러지,1063836,-2620,5.35,490,27.2,1.33,2.42,1976,2852,480,378,2070
078160,메디포스트,120651,+95100,0.00,0,-1.0,5.28,157.09,18002,423,-0,-14,7483
078340,컴투스,64095,+153700,13.49,11396,20.4,2.60,6.62,59141,5080,1946,1424,19776
078350,한양디지텍,32184,-5120,0.00,0,-5.2,1.29,,3964,767,-27,-22,512
078590,두올산업,72611,+1950,9.65,202,16.4,1.45,5.33,1345,400,23,26,254
078600,대주전자재료,134936,-29100,0.00,0,-14.5,7.96,63.12,3655,934,30,-79,4234
078650,코렌,63755,1370,0.00,0,-91.1,1.60,11.99,856,820,-111,-227,412
078860,아이오케이,51400,+2375,0.00,0,-5.7,0.91,374.14,2620,184,-1,-44,944
078890,가온미디어,53334,8330,17.54,475,5.7,0.89,5.94,9317,5284,210,62,1199
078940,일경산업개발,113421,-1165,0.00,0,-169.3,7.72,,151,186,-68,-340,507
079000,와토스코리아,19336,+5950,11.76,506,5.1,0.59,-0.24,10036,214,35,36,428
079170,한창산업,5636,+6660,28.58,233,2.3,0.67,9.56,9965,539,24,12,346
079190,EMW,208838,+2990,0.00,0,-6.9,1.73,17.72,1728,716,5,-33,950
079370,제우스,19656,-16150,8.93,1808,10.7,0.93,4.29,17455,3591,330,189,1677
079650,서산,29830,4380,22.46,195,5.4,1.19,2.78,3671,1004,73,61,876
079810,디이엔티,59294,+3400,9.44,360,12.5,1.08,12.84,3145,1804,26,31,305
079940,가비아,56962,+8850,23.92,370,8.9,2.15,4.17,4119,1162,127,97,1198
079950,인베니아,111298,3830,76.60,50,2.6,2.06,11.39,1861,1822,85,11,889
079960,동양이엔피,1764,-10100,14.77,684,2.8,0.42,-0.88,24330,4247,144,54,794
079970,투비소프트,201419,-8650,0.00,0,-58.0,3.37,,2567,395,-100,-256,2109
080000,에스엔유,18771,+3150,17.03,185,6.2,1.03,8.61,3047,1162,59,57,1081
080010,이상네트웍스,21983,-9160,10.14,903,10.8,1.07,8.08,8531,511,80,80,826
080160,모두투어,188804,22100,16.49,1340,20.3,3.10,9.06,7134,2909,321,242,4177
080220,제주반도체,141535,-4700,29.38,160,8.9,2.34,14.81,2008,1170,84,39,1342
080420,모다이노칩,14279,-8870,8.18,1085,14.0,1.24,6.60,7141,3118,509,389,3536
080440,에스제이케이,192479,+686,0.00,0,-52.9,1.75,,391,88,-49,-75,247
080470,성창오토텍,317163,+7920,0.00,0,-4.2,1.40,10.46,5655,1430,10,-13,578
080520,오디텍,20580,+6130,17.41,352,3.5,0.63,3.62,9714,490,43,40,720
080530,코디,0,3590,0.00,0,-66.8,1.45,,2472,123,-90,-192,353
080580,오킨스전자,9229,3450,0.00,0,-4.2,0.90,5.47,3834,393,1,-10,214
080720,한국유니온제약,358145,+16500,22.42,736,14.2,2.98,11.79,5540,508,79,31,948
081150,티플랙스,572189,+2735,21.54,127,3.6,0.81,18.18,3385,1177,38,29,664
081580,성우전자,9836,+3415,7.31,467,7.1,0.51,1.21,6661,1835,86,73,530
081970,넥스지,0,10450,28.40,368,5.9,1.64,55.85,6361,216,-6,21,843
082210,옵트론텍,45110,-5140,24.13,213,5.3,1.22,6.46,4199,1546,171,69,1160
082270,젬백스,491942,+13950,0.00,0,-20.4,6.41,317.45,2176,479,-14,-124,4772
082660,삼우엠스,214764,-1175,0.00,0,-45.3,0.77,,1520,1844,-140,-296,485
082800,루미마이크로,10511490,+2315,0.00,0,-34.3,5.46,,424,610,-50,-67,1260
082850,우리이티아이,26203,884,0.00,0,-9.6,0.28,3.80,3130,14746,-42,-233,367
082920,비츠로셀,52904,-13100,247.17,53,16.8,2.85,9.84,4601,1054,180,165,2566
083310,엘오티베큠,41275,+10500,5.59,1877,26.1,1.31,3.12,8036,2007,277,243,1392
083450,GST,13611,-6420,3.73,1719,23.3,0.81,1.85,7937,1628,223,158,598
083470,KJ프리텍,917663,+1165,0.00,0,-20.0,0.62,23.92,1875,968,-25,-86,256
083500,에프엔에스테크,5556,5840,0.00,0,-33.2,1.01,,5764,694,-25,-102,410
083550,케이엠,34228,+9790,20.61,475,6.1,1.37,10.53,7169,1109,53,41,979
083640,인콘,125173,-10350,265.38,39,2.1,5.42,77.87,1910,440,13,10,2614
083650,비에이치아이,96094,-3725,11.79,316,7.7,0.87,10.13,4304,3252,191,81,969
083660,CSA 코스믹,408150,-9450,0.00,0,-34.7,7.88,,1199,315,-95,-96,1866
083790,크리스탈,494823,+18650,0.00,0,-9.8,7.30,,2555,122,-64,-86,7389
083930,아바코,86267,-7460,0.00,0,-0.8,1.14,15.73,6560,1861,18,-18,1193
084110,휴온스글로벌,31870,+56200,22.84,2461,7.7,1.71,7.30,32818,3254,607,488,5847
084180,수성,0,5820,0.00,0,-47.8,1.77,102.58,3285,290,6,-142,633
084370,유진테크,68519,15050,12.17,1237,12.5,1.50,9.10,10038,1302,257,274,3449
084650,랩지노믹스,112175,+9190,0.00,0,-14.5,3.55,62.56,2590,248,-14,-34,831
084730,팅크웨어,23298,+8240,26.50,311,2.1,0.60,4.82,13794,1979,71,22,859
084990,바이로메드,126141,+221100,0.00,0,-3.9,21.45,,10307,32,-69,-65,35279
085370,루트로닉,109738,+12100,0.00,0,-5.4,2.32,63.06,5216,858,-28,-70,3044
08537M,루트로닉3우C,451,16050,0.00,0,,0.00,,0,,,,169
085660,차바이오텍,1029037,+18800,0.00,0,-21.7,3.97,61.31,4736,4189,1,-575,9864
085670,뉴프렉스,202871,+3190,15.95,200,9.4,1.42,6.64,2246,1527,71,43,675
085810,알티캐스트,32673,+3630,48.40,75,1.6,0.83,5.44,4374,706,57,11,770
085910,네오티스,2818,3995,0.00,0,-14.5,0.97,7.30,4111,435,33,-72,440
086040,바이오톡스텍,134979,+12000,125.00,96,5.4,6.55,44.57,1833,256,22,12,1748
086060,진바이오텍,54166,+6390,26.30,243,5.3,1.36,13.90,4702,555,23,18,550
086250,화신테크,25730,+3905,0.00,0,-3.5,1.37,33.06,2848,335,-2,-28,379
086390,유니테스트,188556,-18450,15.48,1192,29.3,4.21,10.20,4386,1686,326,240,3899
086450,동국제약,21415,+66800,14.83,4505,15.8,2.25,8.66,29683,3548,501,409,5940
086520,에코프로,369502,+37600,0.00,0,-4.7,5.67,22.28,6636,3290,218,-33,8306
086670,비엠티,82679,-8250,20.78,397,5.4,1.14,10.05,7209,636,60,31,672
086820,바이오솔루션,293287,-26400,0.00,0,-34.3,36.62,,721,50,-18,-18,2022
086890,이수앱지스,39318,+8050,0.00,0,-9.7,2.97,,2709,195,-48,-55,2143
086900,메디톡스,33321,-614900,44.45,13835,42.2,17.40,36.15,35329,1812,902,732,34782
086960,한컴MDS,15690,-18850,18.83,1001,9.0,1.67,9.13,11278,1489,112,92,1664
086980,쇼박스,65190,+4085,16.08,254,12.0,1.84,2.14,2219,1027,104,158,2557
087010,펩트론,133876,+25500,0.00,0,-8.7,7.91,,3224,32,-48,-44,3908
087260,모바일어플라이언스,863427,+6850,65.87,104,6.5,3.90,29.26,1758,545,20,15,1028
087600,픽셀플러스,201040,-10950,0.00,0,-2.2,0.93,,11813,549,-107,-22,894
087730,네패스신소재,50852,-30500,0.00,0,-15.8,7.00,,4359,163,-15,-21,1072
088130,동아엘텍,11100,-8970,8.59,1044,8.9,0.67,-0.05,13322,2505,275,150,1000
088290,이원컴포텍,22721,1470,0.00,0,-39.4,2.22,,661,409,-22,-38,209
088390,이녹스,7387,-8180,0.20,40044,115.5,0.47,,17497,461,-154,1677,765
088800,에이스테크,240116,+4930,0.00,0,-61.2,2.32,42.97,2126,3516,-145,-556,1590
088910,동우팜투테이블,64247,+3800,5.21,730,11.1,0.57,1.36,6635,2308,168,175,982
089010,켐트로닉스,52182,+7280,0.00,0,-21.4,1.32,31.66,5522,2928,-103,-161,919
089030,테크윙,62758,-15050,6.90,2182,29.2,1.83,7.91,8202,2228,415,394,2834
089140,넥스턴,19099,+13200,21.12,625,7.5,1.70,8.90,7746,437,101,68,1564
089150,케이씨티,57588,-2400,20.17,119,5.1,1.02,15.69,2357,279,28,20,412
089230,THE E&M,538022,-948,0.00,0,-40.8,2.42,22.69,391,136,25,-184,871
089530,에이티세미콘,216266,+661,6.74,98,22.2,1.35,4.00,491,1032,62,61,439
089600,나스미디어,34750,+44200,15.76,2805,22.6,3.24,9.41,13659,1203,343,267,3870
089790,제이티,35764,3200,0.00,0,-1.2,1.63,23.08,1967,322,6,-2,321
089850,유비벨록스,17341,+8770,0.00,0,-8.2,0.92,14.23,9575,994,19,-103,624
089890,코세스,166814,+6000,9.58,626,112.7,7.00,15.78,857,409,50,106,1011
089970,에이피티씨,1450916,+8050,15.85,508,,7.19,,1119,,,,1870
089980,상아프론테크,89360,15650,28.45,550,7.2,2.04,13.37,7676,1532,108,75,2232
090150,광진윈텍,303139,+2710,0.00,0,-7.2,0.66,,4103,972,-35,-30,262
090360,로보스타,219420,+32100,32.99,973,16.1,4.98,23.95,6445,2065,105,75,3130
090410,덕신하우징,85733,+1645,7.25,227,14.9,1.06,7.66,1556,1259,81,87,659
090460,비에이치,412492,+23550,15.79,1491,35.8,4.82,8.38,4885,6913,757,464,7364
090470,제이스텍,43506,-8040,1.57,5124,80.0,0.91,0.56,8841,5708,1006,741,1174
090710,디에스티로봇,759344,1655,20.18,82,21.5,3.37,25.30,491,715,44,44,1156
090740,연이정보통신,186779,-2275,0.00,0,-25.1,0.68,,3362,2720,-131,-183,364
090850,이지웰페어,458889,+9510,39.96,238,9.3,3.77,12.60,2525,584,43,22,941
091120,이엠텍,64347,+17200,46.74,368,4.0,1.74,8.58,9871,1944,136,59,2614
091340,S&K폴리텍,103339,-3985,10.66,374,5.9,0.68,7.66,5872,1786,98,43,466
091440,텔레필드,28095,-3920,39.60,99,2.1,1.09,16.47,3599,374,9,6,331
091580,상신이디피,676394,+14950,71.19,210,6.5,4.55,16.44,3289,998,61,24,1893
091590,남화토건,297579,+13650,20.62,662,6.2,1.25,23.97,10960,664,53,82,1603
091700,파트론,162201,7470,311.25,24,0.4,1.31,7.20,5707,7913,110,45,4045
091970,나노캠텍,110933,-5280,0.00,0,-13.8,1.92,,2753,647,-62,-81,1119
091990,셀트리온헬스케어,503593,+94200,74.94,1257,14.0,7.72,81.08,12197,9209,1537,1574,132371
092040,아미코젠,327887,+42300,0.00,0,-5.4,9.10,87.47,4648,737,19,-36,8118
092070,디엔에프,12841,+11300,9.00,1256,17.3,1.49,5.94,7572,744,151,132,1216
092130,이크레더블,38998,-14850,16.41,905,27.5,4.26,9.79,3486,341,134,109,1788
092300,현우산업,26383,+3385,9.78,346,6.7,0.71,4.51,4742,1274,60,43,485
092460,한라IMS,9765,-6990,37.58,186,2.7,1.01,123.48,6901,354,-6,19,801
092600,넥스트칩,8376754,+8970,0.00,0,-16.1,2.54,,3536,534,-109,-90,1206
092730,네오팜,36697,+50900,31.15,1634,26.8,7.98,23.49,6377,536,140,116,3798
092870,엑시콘,69089,+7420,8.00,928,11.2,0.88,5.01,8475,672,76,82,659
093190,빅솔론,36248,+6280,5.44,1155,16.2,0.88,2.76,7166,894,141,206,1208
093320,케이아이엔엑스,35870,+26650,19.51,1366,11.8,2.29,8.57,11621,473,92,67,1301
093380,풍강,8172,+3370,12.17,277,4.5,0.55,5.88,6130,833,31,26,333
093520,매커스,178713,-4990,7.70,648,20.6,1.70,5.22,2931,874,110,91,807
093640,다믈멀티미디어,56019,7290,0.00,0,-68.4,11.70,,623,183,-28,-41,540
093920,서원인텍,17167,+5400,32.93,164,1.9,0.65,2.65,8260,2841,90,31,1004
094170,동운아나텍,57943,-6440,0.00,0,-10.5,3.02,,2129,550,-18,-31,804
094190,이엘케이,368323,-851,0.00,0,-26.8,1.42,11.81,600,2510,-22,-76,562
094360,칩스앤미디어,166856,+8290,0.00,0,-8.3,2.32,,3578,91,-15,-23,614
094480,갤럭시아컴즈,75094,+3965,30.27,131,7.4,2.18,42.85,1815,691,40,31,1555
094820,일진파워,65602,-6020,6.07,992,20.4,1.16,3.44,5170,1407,178,146,908
094840,슈프리마에이치큐,92965,+6190,13.11,472,4.0,0.53,4.09,11578,286,37,47,648
094850,참좋은여행,15438,+10150,11.47,885,17.8,1.94,7.74,5236,565,149,122,1421
094860,코닉글로리,181549,+659,219.67,3,1.3,2.16,26.72,305,93,2,2,314
094940,푸른기술,1472186,+27900,187.25,149,3.7,7.61,128.31,3666,215,8,9,1834
094970,제이엠티,351308,+3785,8.10,467,19.3,1.45,4.56,2613,1480,140,78,634
095190,이엠코리아,500277,-4115,0.00,0,-2.8,1.73,32.22,2384,1046,-3,-24,1495
095270,웨이브일렉트로,22386,26850,671.25,40,1.0,6.85,83.06,3919,553,21,10,2864
095340,ISC,65715,-13000,10.31,1261,11.1,1.12,4.51,11575,1141,222,161,1803
095500,미래나노텍,14851,+3550,7.52,472,7.1,0.57,4.11,6227,2806,55,103,827
095610,테스,193636,+19350,6.96,2781,32.2,2.02,4.58,9592,2758,633,543,3825
095660,네오위즈,163763,+16350,0.00,0,-0.6,1.35,17.44,12129,1740,109,-21,3583
095700,제넥신,240556,+89900,0.00,0,-15.8,15.84,,5676,285,-269,-193,18354
095910,에스에너지,25599,+6910,0.00,0,-3.6,0.90,11.41,7636,2311,76,-28,918
096040,이트론,822863,+273,0.00,0,-3.8,1.01,48.66,269,156,2,-19,655
096240,청담러닝,116652,20800,22.98,905,9.1,2.34,6.04,8901,1510,188,108,1593
096350,대창솔루션,12671804,+725,0.00,0,-19.8,1.18,,617,428,-80,-113,786
096530,씨젠,80209,+25800,168.63,153,2.8,4.84,29.32,5334,877,140,41,6768
096610,알에프세미,2105961,-6350,0.00,0,-2.6,0.99,12.04,6403,622,2,-14,516
096630,에스코넥,244287,+2075,8.83,235,17.1,1.58,4.62,1314,3656,194,141,1354
096640,멜파스,10305,+3460,0.00,0,-38.5,1.06,,3252,558,-277,-315,735
096690,제이스테판,1134713,-282,0.00,0,-9.4,0.86,,327,367,-14,-87,735
096870,엘디티,8729,3275,0.00,0,-29.6,2.02,54.75,1625,93,-10,-38,219
097520,엠씨넥스,27270,-16000,0.00,0,-1.1,1.80,4.80,8880,6685,197,-9,1471
097780,에스맥,5628661,-1430,25.09,57,6.6,1.56,12.25,917,1682,113,78,3159
097800,윈팩,740791,+1570,0.00,0,-24.9,1.61,14.44,974,472,-36,-71,535
097870,효성오앤비,164470,-12250,19.02,644,8.9,1.74,12.40,7043,344,61,53,1040
098120,마이크로컨텍솔,85346,+3530,0.00,0,-9.2,0.80,,4414,270,-18,-39,293
098460,고영,33321,-105300,52.31,2013,16.8,8.93,28.87,11787,2034,437,267,14413
098660,에스티오,3001,-3175,0.00,0,-0.4,0.80,11.79,3981,908,11,-1,268
099190,아이센스,31553,+22150,19.33,1146,10.1,1.87,10.61,11853,1570,228,151,3043
099220,SDN,292172,-1800,23.08,78,5.3,1.18,18.45,1525,526,38,27,672
099320,쎄트렉아이,6856,+27600,17.73,1557,10.8,1.84,9.14,14984,428,54,54,1010
099410,동방선기,129022,-2030,0.00,0,-10.9,0.90,159.91,2248,193,-7,-37,275
099440,스맥,101224,-3375,241.07,14,0.4,0.89,15.18,3795,1611,47,3,919
099520,ITX엠투엠,60949,+1850,0.00,0,-2.1,1.77,17.69,1043,311,4,-3,305
100030,모바일리더,10563,+10250,31.25,328,3.1,1.14,24.93,9009,133,6,10,337
100090,삼강엠앤티,111960,-4195,0.80,5275,82.9,0.48,,8766,1231,-210,963,1089
100120,뷰웍스,38636,+38450,19.51,1971,16.6,3.05,10.44,12614,1235,286,196,3846
100130,동국S&C,99349,-4040,30.84,131,2.7,0.87,9.83,4651,3679,113,62,2309
100660,서암기계공업,174710,5500,30.22,182,4.1,1.21,7.59,4540,408,23,23,693
100700,세운메디칼,312108,+4475,21.11,212,12.2,2.52,12.11,1774,612,125,93,1960
101000,디엠씨,0,1575,0.00,0,-19.1,0.98,,1602,957,-44,-110,631
101160,월덱스,48817,+6210,14.58,426,13.9,1.92,7.67,3228,888,114,69,1025
101170,우림기계,192686,-4805,0.00,0,-2.3,0.76,14.99,6287,542,-18,-20,649
101240,씨큐브,12919,+7250,12.70,571,8.4,1.24,8.19,5841,402,50,38,584
101330,모베이스,26448,4400,6.63,664,7.7,0.51,1.67,8577,3208,234,154,1054
101390,아이엠,2266182,+1935,0.00,0,-7.5,1.08,10.85,1794,2494,12,-37,727
101400,엔시트론,517930,-685,0.00,0,-62.4,3.53,,194,263,-58,-87,696
101490,에스앤에스텍,35392,-3980,25.03,159,4.1,1.00,9.83,3971,539,24,31,785
101670,코리아에스이,2739317,-2180,10.19,214,12.2,1.25,51.38,1750,156,-8,37,412
101680,한국정밀기계,0,2410,0.00,0,-29.0,0.26,,9256,447,-138,-271,203
101730,조이맥스,26351,+8140,0.00,0,-16.5,1.17,,6985,322,-83,-120,692
101930,인화정공,20813,-5490,4.84,1135,7.3,0.35,10.35,15506,1035,-5,104,512
102120,어보브반도체,66627,+5660,0.00,0,-6.4,1.34,7.00,4230,1058,75,-50,988
102210,해덕파워웨이,0,9000,0.00,0,-1.6,0.81,123.48,11123,417,-14,-20,1327
102710,이엔에프테크놀로지,191001,+14300,7.78,1838,15.9,1.08,3.47,13247,3870,453,260,2035
102940,코오롱생명과학,44090,+76800,0.00,0,-0.4,1.61,148.72,47809,1181,-55,-14,8765
103230,에스앤더블류,129811,+12400,0.00,0,-7.7,1.70,,7283,327,-46,-42,893
104040,대성파인텍,679876,+1960,25.45,77,4.8,1.26,14.88,1557,432,33,21,614
104200,NHN벅스,9761,+8370,0.00,0,-7.3,1.97,,4246,928,-60,-54,1241
104460,동양피엔에프,41475,+4005,0.00,0,-4.7,0.80,10.96,4997,954,24,-28,429
104480,티케이케미칼,368210,-2300,9.79,235,8.1,0.83,18.74,2782,7144,95,202,2091
104540,코렌텍,8778,+7060,0.00,0,-12.9,1.29,15.68,5466,378,-6,-74,702
104830,원익머트리얼즈,12064,+57000,17.51,3255,9.1,1.52,6.84,37422,2030,329,178,3593
105330,케이엔더블유,75577,+7020,0.00,0,-4.8,1.06,33.19,6623,938,-16,-19,397
105550,트루윈,395962,+8000,0.00,0,-34.4,4.63,90.53,1728,354,-25,-66,819
105740,디케이락,347585,+9700,156.45,62,0.6,0.99,20.77,9820,536,18,5,799
106080,알비케이이엠디,234748,+710,0.00,0,-38.1,2.49,23.08,285,434,-16,-92,733
106190,하이텍팜,13389,+12250,41.39,296,2.1,0.85,21.83,14416,661,33,21,868
106240,파인테크닉스,105029,2240,0.00,0,-49.6,1.26,,1784,1750,-269,-424,842
106520,디지탈옵틱,373401,-1295,0.00,0,-39.7,0.75,,1737,603,-162,-259,648
108230,톱텍,313439,-18600,4.57,4073,57.9,2.08,2.08,8921,11384,2117,1495,6844
108320,실리콘웍스,71480,+45000,15.55,2894,11.9,1.78,8.97,25345,6928,455,471,7319
108380,대양전기공업,21111,-12250,9.75,1256,6.7,0.64,0.27,19204,1431,147,118,1172
108790,인터파크,101200,+6240,24.66,253,5.0,1.22,5.19,5119,4826,165,88,2067
108860,셀바스AI,133132,+5530,0.00,0,-8.3,2.67,39.90,2072,469,6,-43,1220
109080,옵티시스,9395,+7690,22.10,348,5.3,1.31,8.08,5855,179,21,17,433
109610,에스와이패널,88199,+7040,586.67,12,0.4,1.60,15.47,4411,3935,95,5,1756
109740,디에스케이,0,7180,0.00,0,-41.9,1.77,7.89,4055,1471,106,-294,1461
109820,진매트릭스,38800,-4170,0.00,0,-12.5,5.78,,722,52,-18,-17,639
109860,동일금속,31899,+10650,18.33,581,3.7,0.73,12.17,14500,712,28,38,746
109960,에이프로젠 H&G,277773,1275,0.00,0,-5.4,1.12,,1141,112,-26,-40,2278
110990,디아이티,228485,-8150,11.12,733,9.5,1.01,4.87,8091,860,113,111,1540
111820,지와이커머스,150308,-2430,54.00,45,1.1,0.59,20.41,4108,276,14,9,490
111870,삼본정밀전자,258492,+17400,45.19,385,4.1,1.97,23.71,8853,474,39,35,1653
112040,위메이드,70052,-32100,54.78,586,3.3,1.82,24.81,17623,1096,60,-9,5393
112240,에스에프씨,589990,+5000,0.00,0,-21.3,2.32,,2151,446,-31,-159,2199
113810,디젠스,969068,-740,0.00,0,-21.8,0.68,16.70,1090,1077,-14,-65,241
114120,크루셜텍,186219,-2600,0.00,0,-66.9,1.01,,2568,1727,-396,-637,1190
114190,웰크론강원,175974,-5170,0.00,0,-12.6,1.71,,3023,820,-56,-65,789
114450,KPX생명과학,212164,+5200,35.14,148,3.6,1.26,10.07,4139,426,24,22,780
114570,지스마트글로벌,97706,-10550,15.38,686,14.1,1.96,10.99,5385,962,213,140,2215
114630,우노앤컴퍼니,892,+4810,0.00,0,-1.5,0.89,10.67,5391,388,14,-6,653
114810,아이원스,40403,-14150,36.85,384,3.9,1.55,12.18,9108,1296,111,41,1898
115160,휴맥스,132539,+6510,0.00,0,-7.0,0.36,10.81,18079,16116,80,-317,1557
115180,큐리언트,151181,+22000,0.00,0,-62.7,11.45,,1921,-0,-127,-122,1689
115310,인포바인,1673,23900,5.00,4783,14.6,1.04,1.21,22872,227,125,106,763
115440,우리넷,20175,-8020,14.88,539,7.0,1.01,8.97,7941,517,32,34,511
115450,지트리비앤티,208946,-31200,0.00,0,-13.3,18.77,,1662,172,-45,-52,7362
115480,씨유메디칼,547263,+3050,0.00,0,-7.5,1.13,197.51,2702,583,-13,-32,485
115500,케이씨에스,69774,+4810,47.16,102,6.8,3.17,36.09,1517,293,12,12,577
115530,씨엔플러스,0,839,0.00,0,-2.5,1.85,26.19,454,306,-0,-3,311
115570,스타플렉스,805,+5150,0.00,0,-9.5,0.50,17.01,10213,870,26,-87,332
115610,이미지스,18106,-4285,0.00,0,-17.5,1.23,,3471,276,-53,-52,329
115960,연우,344828,+26850,42.75,628,4.3,1.79,15.17,15038,2293,90,78,3329
117670,알파홀딩스,509370,+13800,0.00,0,-22.0,4.10,,3368,700,-63,-103,1814
118990,모트렉스,1153315,-6560,7.22,909,20.1,1.33,4.17,4931,2549,266,201,1788
119500,포메탈,33537,+4490,21.69,207,6.0,1.27,11.97,3525,540,31,25,532
119610,인터로조,15049,-33750,18.98,1778,20.0,3.62,12.47,9319,806,242,193,3708
119830,아이텍반도체,131193,-16600,57.64,288,6.0,3.35,16.05,4949,258,25,15,1059
119850,지엔씨에너지,256986,-5220,14.46,361,9.1,1.29,10.98,4062,967,67,58,851
119860,다나와,132241,+20550,19.61,1048,19.0,3.50,13.79,5877,1076,152,135,2687
120240,대정화금,34126,+14050,11.61,1210,8.0,0.89,7.61,15837,665,90,73,998
121440,골프존뉴딘홀딩스,127743,+4500,0.00,0,-4.2,0.38,11.25,11694,2138,184,-216,1928
121600,나노신소재,362547,+18000,28.26,637,8.5,2.37,14.83,7589,456,85,68,1953
121800,비덴트,244191,-12000,3.50,3431,68.9,1.82,,6605,239,-64,658,2708
121850,코이즈,19105,-3050,0.00,0,-36.3,1.43,,2140,264,-75,-95,321
121890,에스디시스템,13427,-2310,0.00,0,-49.3,1.07,,2169,554,-75,-91,202
122310,제노레이,101884,+26550,17.08,1554,26.5,3.88,14.05,6834,445,62,52,1109
122350,삼기오토모티브,795324,+3085,8.74,353,9.5,0.80,6.07,3857,2926,133,109,951
122450,KMH,24480,-7250,5.33,1359,20.6,1.04,2.36,6999,2049,361,428,1566
122640,예스티,52267,-13200,9.60,1375,30.1,2.59,8.97,5103,1504,157,147,1452
122690,서진오토모티브,28998,+3030,0.00,0,-9.2,0.55,6.30,5503,12383,-77,-178,592
122800,썬텍,0,1000,0.00,0,-64.2,1.59,,628,152,-50,-129,332
122870,와이지엔터테인먼트,484493,+40050,40.21,996,5.7,2.28,17.10,17539,3499,242,119,7283
122990,와이솔,341860,+17400,8.80,1978,23.6,1.90,4.52,9135,4461,526,445,4193
123010,옵토팩,19079,-4265,0.00,0,-28.4,2.04,,2088,142,-31,-32,213
123040,엠에스오토텍,70269,2690,0.00,0,-10.9,0.83,4.97,3247,7042,238,-112,732
123100,원익테라세미콘,37098,+15350,3.99,3843,31.1,1.09,1.72,14129,3611,630,432,1735
123260,STC,73455,2350,0.00,0,-38.4,1.33,,1763,193,-79,-141,553
123330,제닉,54656,+14100,0.00,0,-12.9,1.82,,7762,647,-83,-75,987
123410,코리아에프티,1376555,+2705,37.57,72,1.7,0.65,8.69,4172,3481,10,23,753
123420,선데이토즈,163205,+24050,16.42,1465,11.1,1.81,10.52,13307,727,125,141,2302
123570,이엠넷,149332,+2995,17.31,173,9.3,1.53,8.53,1958,288,42,38,667
123750,알톤스포츠,20131,+3255,0.00,0,-51.7,1.37,,2378,434,-132,-213,415
123840,한일진공,226586,-1885,3.21,587,26.1,0.76,,2485,229,-36,220,1036
123860,아나패스,171076,+19300,264.38,73,0.9,2.57,13.89,7506,871,50,7,1955
124500,아이티센,519031,-5070,69.45,73,3.7,2.19,14.44,2317,3115,35,-1,796
126600,코프라,43906,+3890,14.46,269,6.0,0.84,5.78,4648,1348,84,56,821
126640,화신정공,196641,-1340,15.23,88,3.8,0.61,4.88,2208,2004,28,31,487
126700,하이비젼시스템,232291,+15000,10.34,1451,23.2,2.31,6.11,6497,1689,281,204,2241
126870,뉴로스,194402,+6500,0.00,0,-10.8,1.98,37.69,3281,448,23,-55,1245
126880,제이엔케이히터,70673,+3940,0.00,0,-17.9,0.98,30.35,4012,1194,10,-137,657
127120,디엔에이링크,87483,+6240,135.65,46,2.7,2.83,22.24,2203,145,9,3,670
127160,매직마이크로,225309,-4545,0.00,0,-13.2,4.22,69.31,1078,777,-34,-46,2463
127710,아시아경제,109675,-2675,7.43,360,13.1,0.86,2.69,3111,543,64,100,675
128660,피제이메탈,26246,-2115,9.79,216,13.8,1.30,9.94,1629,1350,60,54,525
130500,GH신소재,20513,+3440,14.76,233,6.0,0.81,5.11,4255,545,24,23,378
130580,나이스디앤비,5003,-8070,19.40,416,17.8,3.23,10.73,2502,423,85,64,1243
130740,티피씨글로벌,47434,-2880,18.00,160,2.8,0.50,16.45,5815,516,13,15,272
131030,디에이치피코리아,228102,+13700,17.36,789,15.9,2.62,11.09,5225,498,126,129,2269
131090,시큐브,1042878,+2025,21.54,94,13.3,2.97,16.07,681,218,28,31,729
131100,리켐,24238,-20850,0.00,0,-113.2,7.37,,2830,240,-44,-96,806
131180,딜리,1677642,+2300,26.14,88,4.6,1.19,14.75,1930,509,25,25,675
131220,대한과학,21172,+5730,40.35,142,4.3,1.71,12.54,3354,414,19,13,427
131290,티에스이,21758,+9450,6.86,1377,11.2,0.78,2.43,12071,1857,228,169,1045
131370,알서포트,259364,+2480,46.79,53,5.8,2.69,26.59,923,231,34,27,1321
131390,피앤이솔루션,143886,+14700,28.16,522,14.6,3.86,21.17,3805,736,88,75,2099
131400,액트,80976,+2810,37.97,74,3.6,1.46,7.37,1927,871,47,12,488
131760,파인텍,238986,+3330,0.00,0,-50.4,0.82,5.12,4049,1223,79,-223,368
131970,테스나,66875,+29500,21.88,1348,14.3,3.02,8.30,9781,472,99,90,2021
133750,메가엠디,393560,+3010,0.00,0,-4.7,1.16,15.40,2596,692,-21,-32,673
134060,이퓨쳐,2709,4985,0.00,0,-3.5,1.44,20.63,3459,86,-2,-6,238
134580,디엠티,39167,+4270,0.00,0,-33.2,1.75,,2445,470,-108,-105,480
134780,화진,253501,-3070,0.00,0,-8.1,0.97,8.27,3165,890,45,-66,738
136480,하림,251095,-3140,7.89,398,8.5,0.88,6.88,3551,8673,181,222,2730
136510,쎄미시스코,3157,+10600,18.56,571,9.8,1.76,12.22,6013,250,33,30,572
136540,윈스,33258,+13250,17.81,744,9.1,1.68,12.84,7866,720,75,77,1531
137400,피엔티,484209,+14150,24.35,581,7.3,1.75,11.37,8097,1498,103,22,1248
137940,넥스트아이,371738,+3120,0.00,0,-2.9,3.17,79.55,983,595,13,-27,2137
137950,제이씨케미칼,77050,-4050,506.25,8,0.2,1.17,13.22,3467,1718,58,-21,783
138070,신진에스엠,6960,+6900,12.15,568,7.7,0.92,6.87,7517,570,55,47,619
138080,오이솔루션,109877,11300,0.00,0,-2.9,1.31,31.73,8650,766,-19,-18,875
138360,에이씨티,474661,+8810,0.00,0,-13.7,4.86,124.69,1811,241,4,-50,1834
138580,비즈니스온,59679,+23650,34.63,683,25.4,7.05,32.49,3354,135,57,53,2257
138610,나이벡,93220,+12800,0.00,0,-23.1,6.22,282.79,2057,63,-11,-26,815
138690,엘아이에스,49162,11750,0.00,0,-81.8,6.85,,1716,919,-66,-306,1765
139050,데일리블록체인,249955,-2000,0.00,0,-32.0,1.59,,1261,493,-32,-94,580
139670,넥스트리밍,2058,+3340,0.00,0,-27.3,1.74,,1925,101,-34,-43,234
140070,서플러스글로벌,183803,-4410,8.18,539,24.2,1.51,6.27,2922,1117,267,199,1631
140410,메지온,24964,-61500,0.00,0,-28.1,9.65,,6373,56,-168,-149,5300
140520,대창스틸,38660,-3820,35.05,109,1.7,0.69,18.93,5559,3181,56,19,764
140670,알에스오토메이션,172561,+14750,37.34,395,9.9,3.42,24.74,4313,874,39,29,1343
140860,파크시스템스,11737,-40750,58.72,694,16.0,8.79,40.21,4637,329,60,45,2706
141000,비아트론,55059,+12200,12.15,1004,11.7,1.36,3.91,8955,1008,208,122,1478
141020,포티스,105748,+1985,25.13,79,13.4,2.84,37.75,699,464,20,25,891
141070,맥스로텍,65221,-1510,0.00,0,-6.7,1.16,9.67,1306,387,13,-23,375
141080,레고켐바이오,58374,+38000,0.00,0,-23.9,7.85,,4843,221,-98,-129,4024
142210,유니트론텍,40785,+6240,19.68,317,9.6,1.93,12.86,3240,1773,53,30,620
142280,녹십자엠에스,172063,+10200,0.00,0,-8.1,4.02,36.20,2537,984,1,-23,975
142760,바이오리더스,277414,+14750,0.00,0,-25.3,6.67,,2211,76,-68,-66,2354
143160,아이디스,241000,+12900,13.90,928,6.7,0.91,19.22,14178,952,-49,95,1382
143240,사람인에이치알,9058,18150,58.55,310,4.6,2.79,10.06,6507,813,155,34,2112
143540,영우디에스피,10086,3180,0.00,0,-7.9,1.07,7.83,2970,2581,7,-30,387
144510,녹십자랩셀,203229,+50800,508.00,100,2.2,11.09,211.19,4579,458,17,11,5361
144960,뉴파워프라즈마,17770,-15250,6.77,2253,16.9,1.05,2.67,14543,1045,228,186,1258
145020,휴젤,45376,-401000,20.59,19475,15.4,2.48,11.33,161504,1821,1019,814,17476
147760,마이크로프랜드,21714,-4835,9.41,514,12.2,1.09,4.07,4440,502,63,55,523
147830,제룡산업,117630,+9910,11.98,827,16.8,1.87,17.44,5309,343,30,83,991
148140,비디아이,18176,+14300,17.17,833,14.8,2.38,16.34,5996,949,56,36,755
148250,알엔투테크놀로지,732493,+12900,104.88,123,3.7,3.81,29.39,3386,144,7,8,816
149940,모다,0,7870,0.00,0,-203.5,18.87,122.63,417,1185,-43,-434,1665
149950,아바텍,479,-6300,6.55,962,11.2,0.72,0.41,8810,956,159,144,983
149980,하이로닉,72634,+5490,94.66,58,1.9,1.94,23.14,2831,181,17,8,774
150840,인트로메딕,125825,-9380,0.00,0,-34.4,12.41,,756,90,-8,-42,1443
150900,파수닷컴,10913,-4050,57.86,70,4.0,2.31,14.85,1756,293,13,6,387
151860,KG ETS,306553,-3870,11.83,327,8.2,0.95,7.22,4087,1088,138,117,1393
151910,나노스,227498,-8320,0.00,0,-65.1,120.58,,69,358,-147,-202,40838
153460,네이블,24813,-4335,0.00,0,-21.2,1.06,,4090,135,-65,-63,283
153490,우리이앤엘,41807,-771,0.00,0,-42.1,0.71,,1083,1586,-68,-291,385
154030,아시아종묘,175429,-5270,19.66,268,14.1,2.58,45.32,2039,210,6,22,486
154040,솔루에타,21715,+4185,4185.00,1,0.0,0.63,6.90,6592,1559,28,0,506
155650,와이엠씨,52498,-8300,9.37,886,26.7,2.20,0.35,3770,1540,200,165,819
155960,지디,0,1180,0.00,0,-30.2,0.32,,3698,127,-126,-245,221
156100,엘앤케이바이오,98050,+9750,0.00,0,-23.3,2.43,199.03,4020,371,-24,-113,1025
158310,인터불스,294673,+3200,0.00,0,-26.7,1.14,,2818,135,-3,-64,277
159580,제로투세븐,121089,+8050,0.00,0,-52.2,3.54,489.09,2271,1843,-25,-199,989
159910,스킨앤스킨,488331,-691,0.00,0,-47.4,2.04,,338,299,-81,-187,710
160550,NEW,117934,+6840,0.00,0,-6.0,1.47,,4659,945,-52,-75,1875
160600,에스엔텍,21736,6120,100.33,61,2.0,1.93,21.64,3163,606,19,7,719
160980,싸이맥스,58225,-10350,5.42,1909,23.0,1.11,4.18,9290,1641,238,176,1095
161570,미동앤씨네마,315000,+4110,0.00,0,-7.6,1.28,,3221,282,-39,-36,567
161580,필옵틱스,261477,9340,8.50,1099,26.6,1.64,5.79,5695,2854,229,175,1613
166090,하나머티리얼즈,63944,+19800,18.02,1099,30.6,4.39,13.27,4515,1029,235,194,3805
166480,코아스템,370613,-16350,0.00,0,-6.1,3.92,,4174,181,-51,-48,2570
168330,내츄럴엔도텍,201443,+20750,0.00,0,-18.7,8.81,,2354,92,-54,-89,4288
170030,현대공업,31878,+3145,7.69,409,6.5,0.49,0.90,6354,1766,91,62,482
170790,파이오링크,981,-5050,0.00,0,-7.0,1.04,,4862,294,-30,-30,346
170920,엘티씨,13151,10700,0.00,0,-1.6,0.94,12.03,11380,657,23,-20,805
171010,램테크놀러지,7059,+4090,50.49,81,5.3,2.64,17.26,1550,244,12,9,467
171090,선익시스템,17144,-14800,8.03,1844,14.5,0.98,3.36,15140,1236,145,98,888
171120,라이온켐텍,17741,-10100,40.24,251,3.5,1.44,10.90,6994,1314,80,38,1554
173130,오파스넷,3131596,-14200,13.38,1061,20.6,2.53,13.46,5608,714,35,31,572
173940,에프엔씨엔터,71227,+9590,0.00,0,-9.6,2.03,7.83,4725,1167,31,-65,1378
174880,장원테크,1596343,-13950,0.00,0,-5.2,1.49,9.90,9367,886,28,-31,843
174900,앱클론,99225,+46500,0.00,0,-10.1,18.18,,2558,35,-15,-15,3162
175140,인포마크,3159,+13750,0.00,0,-28.9,2.31,,5946,564,-70,-74,499
175250,아이큐어,205120,+39250,356.82,110,3.1,11.03,865.03,3560,398,-3,3,2403
176440,에이치엔티,228225,-4335,0.00,0,-3.9,1.21,10.17,3574,2043,17,-20,581
177350,베셀,301380,-4780,10.58,452,11.4,1.18,5.39,4045,806,103,50,535
177830,파버나인,450297,-7510,112.09,67,1.4,1.55,11.95,4841,1061,31,7,814
178320,서진시스템,113473,-36900,36.83,1002,5.6,2.11,12.86,17449,2379,178,63,3340
178780,유테크,123164,3200,0.00,0,-69.8,1.94,,1652,320,-86,-157,474
178920,SKC코오롱PI,98512,+49050,43.95,1116,13.8,5.80,20.43,8453,2164,530,328,14404
179900,유티아이,11504,+14700,6.28,2339,29.3,1.43,2.84,10251,509,148,108,784
180400,캔서롭,269405,+10450,0.00,0,-6.8,6.01,,1738,47,-33,-22,1974
181340,이즈미디어,13332,+5380,97.82,55,1.2,1.09,9.12,4914,532,24,3,379
182360,큐브엔터,440636,+2960,0.00,0,-5.9,4.98,71.26,594,244,2,-10,787
182400,에이티젠,103986,+15650,0.00,0,-41.3,9.39,,1666,48,-160,-166,3866
182690,테라셈,151204,+2480,0.00,0,-46.8,3.33,,745,81,-52,-63,346
183300,코미코,34978,+30650,13.26,2312,34.4,3.86,7.73,7948,1251,265,188,2690
183490,엔지켐생명과학,48017,+99000,0.00,0,-22.0,27.55,,3593,261,-54,-57,7601
184230,SGA솔루션즈,413413,-2270,33.88,67,4.6,1.58,15.01,1440,553,39,22,770
185490,아이진,138658,+22150,0.00,0,-42.3,10.23,,2166,3,-93,-85,2435
187220,디티앤씨,47899,-10200,26.36,387,5.3,1.35,9.54,7531,498,56,41,1005
187270,신화콘텍,27478,-3740,5.57,671,13.5,0.72,3.36,5189,553,99,62,379
187420,제노포커스,295039,+9100,116.67,78,2.2,3.08,69.57,2957,115,12,13,1911
187790,나노,231779,+2110,0.00,0,-0.2,1.04,12.18,2026,731,17,1,497
187870,디바이스이엔지,47042,-10600,7.75,1368,20.1,1.47,3.55,7212,1153,109,75,719
189300,인텔리안테크,4742,14150,29.73,476,5.4,1.58,10.50,8930,837,70,34,1025
189690,포시에스,71871,+6570,22.97,286,4.9,1.14,15.63,5767,128,20,21,471
189860,서전기전,51440,+8950,15.57,575,8.6,1.29,14.73,6939,502,23,28,434
189980,흥국에프엔비,3420,+7970,21.37,373,4.6,1.02,8.21,7820,449,29,26,585
190510,나무가,17524,+21050,0.00,0,-79.3,2.34,,8981,2576,-315,-409,722
191410,육일씨엔에쓰,82770,-5000,3.09,1617,59.7,1.49,4.10,3364,1483,156,136,468
191420,테고사이언스,345425,-63300,0.00,0,-20.0,13.64,213.47,4640,86,21,-63,5111
192080,더블유게임즈,101092,+68400,31.03,2204,9.0,2.97,17.19,22996,3193,810,356,12422
192250,케이사인,351249,+1615,0.00,0,-8.8,2.17,,744,265,-51,-49,1044
192390,윈하이텍,45859,-5050,12.50,404,7.7,0.96,10.96,5259,686,47,39,498
192410,감마누,0,6170,0.00,0,-9.3,4.87,32.58,1266,344,32,-21,1508
192440,슈피겐코리아,7856,+51200,7.74,6613,19.6,1.44,4.12,35611,2250,483,407,3183
193250,와이제이엠게임즈,1915576,-2960,0.00,0,-12.0,1.71,,1726,351,-25,-104,1351
194480,데브시스터즈,63070,15000,0.00,0,-11.1,1.21,,12374,176,-144,-160,1680
194510,파티게임즈,0,10600,0.00,0,-16.9,1.93,,5497,305,-31,-162,2568
194610,우성아이비,0,1310,0.00,0,-105.3,2.09,,626,299,-138,-174,283
195440,퓨전데이타,55644,+6370,0.00,0,-59.2,5.16,,1234,247,-78,-83,536
195990,유지인트,1704263,-899,0.00,0,-11.2,0.68,,1323,459,-117,-115,718
196170,알테오젠,202506,+28800,0.00,0,-17.5,9.11,,3160,121,-62,-74,3641
196300,애니젠,909887,+17650,193.96,91,1.9,3.68,59.82,4794,46,3,4,885
196450,텔루스,635726,+1215,0.00,0,-42.4,2.26,538.12,538,142,-8,-188,1054
196490,디에이테크놀로지,67962,-15850,89.55,177,2.9,2.42,25.72,6562,1013,46,11,1325
196700,웹스,17361,-4560,0.00,0,-2.0,0.80,10.78,5687,307,7,-8,312
197210,리드,631542,+2275,0.00,0,-208.8,15.07,,151,374,-104,-225,1678
198440,고려시멘트,1096803,-3575,96.62,37,1.4,1.41,21.96,2539,877,30,10,1143
200130,콜마비앤에이치,58151,+26100,16.85,1549,30.9,4.57,13.33,5713,4198,488,474,7711
200230,텔콘RF제약,2200022,+8240,0.00,0,-17.4,5.45,,1512,418,-103,-172,6453
200470,하이셈,3054981,+5200,106.12,49,2.1,2.24,10.85,2325,226,19,9,913
200670,휴메딕스,19939,34150,26.78,1275,10.7,2.98,17.57,11452,547,119,134,3192
200710,에이디테크놀로지,304928,-11650,554.76,21,0.5,2.72,924.74,4285,322,-4,2,1077
200780,비씨월드제약,20868,+27750,26.28,1056,10.4,2.76,21.22,10066,502,89,81,2222
201490,미투온,335817,+6970,85.00,82,4.9,3.83,58.04,1819,272,29,31,2173
203450,유니온커뮤니티,101847,-3090,24.72,125,5.7,1.44,13.56,2143,373,22,18,454
203650,드림시큐리티,789473,+4985,0.00,0,-10.7,8.76,109.27,569,248,11,-16,1785
203690,프로스테믹스,5269895,+8830,0.00,0,-7.5,10.18,,867,66,-42,-32,4007
204020,엠코르셋,308830,-12650,13.76,919,15.2,1.96,10.68,6450,1258,101,77,1274
204620,글로벌텍스프리,79920,+7080,0.00,0,-4.2,2.11,33.76,3352,330,8,-24,1365
204630,화이브라더스코리아,26498,+3660,0.00,0,-5.3,2.30,436.77,1589,465,-5,-25,1047
204840,지엘팜텍,551106,+5150,0.00,0,-58.4,27.54,,187,24,-42,-42,1661
204990,현성바이탈,86116,+4000,31.75,126,3.7,1.02,24.56,3937,257,40,31,1266
205100,엑셈,395828,-3470,0.00,0,-1.3,2.65,14.24,1310,337,54,-0,1154
205470,휴마시스,207629,+1990,0.00,0,-63.8,3.21,58.64,620,85,3,-92,552
205500,액션스퀘어,26774,-5580,0.00,0,-66.0,10.33,,540,94,-108,-123,1478
206400,엔터메이트,128093,-2705,0.00,0,-81.4,8.40,,322,189,-100,-122,1196
206560,덱스터,1345723,-7920,0.00,0,-57.5,4.34,,1826,253,-219,-342,1951
206640,바디텍메드,51993,+15750,0.00,0,-3.0,5.41,56.12,2913,526,29,-31,3679
206650,유바이오로직스,115708,+6500,0.00,0,-43.8,8.76,,742,116,-43,-47,1644
207760,미스터블루,77461,+3000,25.86,116,10.1,2.51,15.13,1194,302,36,31,732
208140,정다운,70279,+2930,6.08,482,29.0,1.53,4.34,1914,806,111,99,602
208350,지란지교시큐리티,148324,+1795,11.51,156,20.0,1.81,5.10,993,436,97,88,650
208370,셀바스헬스케어,21310,-4340,0.00,0,-4.1,2.05,36.53,2116,296,2,-11,571
208640,썸에이지,335786,-2820,0.00,0,-27.5,7.90,,357,36,-89,-87,2144
208710,바이오로그디바이스,1967320,+2275,17.91,127,8.8,1.47,5.14,1543,700,67,34,627
208860,엔지스테크널러지,4056,+29200,5840.00,5,0.2,9.75,377.18,2996,34,0,0,913
211270,AP위성,9275,+8300,1660.00,5,0.1,1.52,20.15,5465,300,27,1,1246
212560,네오오토,20332,-5030,9.58,525,5.8,0.55,3.89,9208,1282,16,41,396
213090,미래테크놀로지,8359,+8600,9.49,906,9.5,0.92,6.98,9324,224,46,49,526
213420,덕산네오룩스,112621,16750,23.96,699,14.5,3.28,16.27,5101,1004,184,168,4022
214150,클래시스,278623,+5850,0.00,0,-20.0,10.09,33.01,580,349,108,-51,3625
214180,민앤지,27668,-20750,16.95,1224,16.7,2.98,5.05,6964,805,214,173,2466
214270,퓨쳐스트림네트웍스,1359116,+1720,215.00,8,1.6,4.06,351.92,424,342,2,4,1495
214310,세미콘라이트,538041,2155,0.00,0,-61.9,5.95,25.92,362,480,-1,-145,1408
214370,케어젠,23223,-81100,34.13,2376,10.4,3.76,21.26,21579,579,317,241,8713
214430,아이쓰리시스템,30884,-17300,12.46,1388,15.7,1.86,8.19,9290,696,92,94,1229
214450,파마리서치프로덕트,33218,+42900,30.95,1386,7.4,2.27,19.54,18894,545,148,125,4061
214680,디알텍,170575,-1820,0.00,0,-6.8,2.84,156.49,641,388,-11,-18,805
214870,에치디프로,232338,+3075,0.00,0,-25.4,1.14,,2688,306,-60,-91,448
215000,골프존,1506,-40450,3.20,12645,51.2,1.34,3.76,30160,2001,375,794,2538
215090,한컴유니맥스,396335,+2920,208.57,14,9.5,1.50,24.50,1950,194,16,7,530
215100,로보로보,29541,-2690,0.00,0,-6.2,2.03,20.03,1322,144,18,-11,479
215200,메가스터디교육,0,143200,34.42,4160,5.5,1.86,11.06,76818,2521,144,108,3329
215360,우리산업,51336,+27750,21.46,1293,14.3,2.57,11.20,10805,2794,171,118,2534
215380,우정바이오,284292,-3060,0.00,0,-49.2,3.62,,845,289,-24,-69,768
215480,토박스코리아,435003,+1280,80.00,16,3.6,2.26,8.80,567,305,45,5,482
215600,신라젠,2102181,+65000,0.00,0,-27.8,21.90,,2968,69,-506,-570,45300
215790,이노인스트루먼트,12864,+6700,30.45,220,8.3,2.21,13.21,3035,685,78,42,1359
216050,인크로스,29312,-21300,19.89,1071,15.3,2.71,11.88,7850,368,102,83,1704
217190,제너셈,147750,-2745,0.00,0,-20.8,0.93,,2967,277,-38,-53,241
217270,넵튠,274092,+12950,7.16,1808,54.2,2.90,,4464,205,-86,321,2528
217480,에스디생명공학,604077,+13150,20.02,657,17.9,2.77,13.13,4746,1274,194,135,2948
217500,러셀,155067,-2680,670.00,4,39.5,1.41,9.98,1905,361,80,62,826
217600,켐온,893764,+2105,0.00,0,-5.2,4.01,192.86,525,155,-5,-16,1344
217620,디딤,526133,-3490,45.32,77,10.7,3.93,30.51,889,688,15,23,1279
217730,강스템바이오텍,238410,+12650,0.00,0,-47.7,8.86,,1428,91,-117,-115,2631
217820,엔에스,10785,+12050,59.36,203,4.2,2.47,19.42,4870,422,23,10,590
218150,미래생명자원,84282,+2825,0.00,0,-9.8,1.96,24.20,1442,409,15,-20,527
218410,RFHIC,102430,+25350,86.52,293,5.4,4.54,49.18,5587,621,81,61,5640
219130,타이거일렉,11938,+5640,9.45,597,10.0,0.90,3.76,6265,334,47,38,356
219420,링크제니시스,103494,+9150,24.66,371,23.6,6.81,22.53,1344,118,35,27,915
219550,MP한강,1769013,-2970,23.57,126,21.7,4.24,13.27,701,637,108,64,1688
220100,퓨쳐켐,42370,+18950,0.00,0,-15.3,3.92,,4838,30,-45,-45,1065
220180,핸디소프트,5439,-4150,0.00,0,-12.8,0.97,,4280,401,-13,-46,310
220260,켐트로스,185629,3690,72.35,51,4.3,2.89,13.78,1278,435,55,11,887
220630,해마로푸드서비스,11277766,-2845,23.51,121,22.5,4.69,14.15,606,2396,155,113,2671
221610,한솔씨앤피,40417,-7710,0.00,0,-0.9,0.86,7.76,8953,458,8,-4,308
221840,하이즈항공,11860,5750,147.44,39,0.9,1.39,18.20,4148,447,20,7,1018
221980,케이디켐,4341,13600,8.24,1650,10.1,0.82,3.84,16637,510,72,66,549
222040,뉴트리바이오텍,55176,19350,63.86,303,7.5,4.70,39.90,4116,1364,115,64,3992
222080,씨아이에스,924822,+2845,0.00,0,-18.4,3.30,,863,261,-48,-75,1526
222110,팬젠,28998,+16250,0.00,0,-21.1,4.99,,3256,24,-39,-70,1567
222420,쎄노텍,204013,-2380,39.02,61,6.4,2.40,17.87,993,405,41,23,933
222800,심텍,62819,+8550,12.52,683,8.2,1.00,4.69,8586,8116,338,161,1945
222810,바이오닉스진,605662,-7220,0.00,0,-44.0,11.39,,634,149,-10,-53,1155
222980,한국맥널티,6736,+11200,44.09,254,4.5,1.97,14.69,5673,329,20,13,557
223310,이에스브이,2066325,+982,0.00,0,-133.0,5.52,,178,152,-156,-276,1045
224060,코디엠,1743023,-1265,0.00,0,-9.3,2.81,,450,735,-34,-40,1791
224110,에이텍티앤,16953,-8380,5.03,1665,26.1,1.17,7.75,7143,409,37,115,447
225190,삼양옵틱스,3581,+16500,9.25,1784,51.2,4.62,6.83,3573,663,201,178,1650
225330,씨엠에스에듀,24619,-7580,13.78,550,22.3,2.79,9.65,2717,677,121,101,1436
225430,IBKS제3호스팩,1128978,+5000,1666.67,3,0.2,2.66,,1883,-0,-1,0,225
225530,보광산업,64618,5380,20.30,265,16.1,3.17,13.49,1698,420,93,91,1854
225570,넷게임즈,26652,+10250,0.00,0,-13.8,8.01,,1280,224,-37,-31,2459
225590,패션플랫폼,17614,-1940,0.00,0,26.7,0.99,7.58,1965,653,52,42,441
225650,쿠첸,37976,+7130,0.00,0,-10.3,1.27,,5624,2373,-84,-65,762
226340,에이치엠씨3호스팩,208812,-2370,131.67,18,0.9,1.22,,1950,-0,-0,1,154
226350,아이엠텍,60499,-2455,0.00,0,-67.8,2.07,,1186,690,-66,-210,503
226360,이엑스티,1094600,+2830,16.55,171,12.3,1.98,6.15,1427,353,71,35,745
226400,오스테오닉,6633,-5710,0.00,0,-44.4,4.61,18.28,1238,85,22,-42,483
226440,한송네오텍,1465306,+1690,0.00,0,55.7,0.86,7.53,1958,620,88,54,646
226950,올릭스,215347,+49550,0.00,0,-33.1,13.81,,3588,2,-54,-52,3188
227610,아우딘퓨쳐스,52396,-22250,0.00,0,-0.9,4.84,438.94,4594,510,-5,-3,2225
227950,골든브릿지제4호스팩,32422,+2075,122.06,17,1.0,1.13,,1843,-0,-0,1,157
228340,동양파일,21006,-4245,10.30,412,5.7,0.58,2.08,7345,886,147,82,849
228850,레이언스,23554,19000,21.28,893,8.6,1.78,9.81,10647,1065,173,144,3152
230240,하나금융7호스팩,117447,-2540,141.11,18,1.0,1.34,,1894,-0,-0,1,203
230360,에코마케팅,84004,+11300,23.64,478,10.9,2.57,15.08,4399,241,79,76,1830
230980,솔트웍스,156281,4080,0.00,0,-0.9,4.08,,1000,82,-3,-1,421
232140,와이아이케이,206884,-4170,16.95,246,23.7,3.18,11.78,1311,1505,194,144,2577
232270,케이비제9호스팩,111880,2050,120.59,17,0.8,1.03,,1988,-0,-1,2,283
232330,SK3호스팩,57792,-2065,258.13,8,0.4,1.09,,1900,-0,-0,0,74
234100,세원,1240034,+3205,0.00,0,-0.2,2.61,17.32,1229,454,13,-0,717
234300,에스트래픽,328863,-15250,49.19,310,9.6,4.11,30.29,3708,773,51,29,1818
234920,자이글,18098,+5660,14.74,384,6.2,0.90,6.57,6292,825,60,52,766
235010,하이에이아이1호스팩,249380,+2050,170.83,12,0.6,1.06,,1939,-0,-0,1,101
236200,슈프리마,28057,20850,16.24,1284,9.8,1.52,6.27,13729,471,124,91,1476
237690,에스티팜,106639,+33800,13.96,2422,13.6,1.80,6.79,18819,2028,618,450,6306
237750,피앤씨테크,47446,+12000,20.51,585,7.1,1.41,9.73,8502,298,48,38,780
237880,클리오,185623,-16850,35.62,473,5.6,2.13,14.05,7894,1937,109,79,2858
238090,앤디포스,19023,+6650,12.38,537,10.0,1.24,7.05,5343,523,91,81,1002
238120,로고스바이오,1094079,+20150,0.00,0,-7.5,3.20,,6298,56,-15,-18,724
238490,힘스,111768,-14650,5.59,2623,32.5,1.48,3.82,9926,914,156,121,771
239340,미래에셋제5호스팩,4980,+2090,174.17,12,0.6,1.07,,1946,-0,-0,1,100
239610,에이치엘사이언스,13944,+36600,37.85,967,9.6,3.54,26.29,10333,402,53,49,1882
240540,한국4호스팩,13189,-2055,205.50,10,0.5,1.08,,1904,-0,-1,1,113
240810,원익IPS,248317,-24650,10.67,2311,35.8,3.25,6.56,7595,6309,1223,954,10174
241520,DSC인베스트먼트,2057298,+4715,37.72,125,11.0,3.41,,1382,68,28,22,825
241690,유니테크노,47547,+17700,34.04,520,11.8,3.82,21.21,4631,661,69,62,2111
241710,코스메카코리아,88841,+35100,37.74,930,9.1,3.30,22.82,10625,1823,110,99,3749
241770,메카로,41508,-23200,5.78,4014,44.8,1.92,3.09,12082,1060,434,322,2316
241790,오션브릿지,15579,-8100,8.32,973,25.0,1.84,5.57,4391,560,115,90,739
241820,피씨엘,47135,+12800,0.00,0,-33.8,7.40,,1730,5,-41,-39,1144
242040,교보비엔케이스팩,891092,-2175,241.67,9,0.5,1.18,,1842,-0,-1,1,155
243070,휴온스,22678,+96200,22.75,4229,31.4,6.24,18.12,15419,2848,353,341,7858
243840,신흥에스이씨,42985,+44500,44.32,1004,9.9,4.18,17.96,10647,1331,99,58,2915
245620,EDGC,466531,+6380,0.00,0,-99.3,16.61,,384,32,-52,-61,2299
246690,티에스인베스트먼트,776855,+2900,38.16,76,7.5,2.67,,1085,52,22,17,650
246720,아스타,57263,+10900,0.00,0,-45.6,7.52,,1450,10,-52,-43,1252
250000,보라티알,9888,+10200,8.06,1265,24.3,1.46,4.59,6997,421,92,76,689
250060,모비스,176436,+2375,0.00,0,-23.5,3.93,,604,24,-16,-27,764
250930,케이비제10호스팩,5619,+2065,344.17,6,0.3,1.06,,1954,-0,-1,0,108
251370,와이엠티,42402,-24050,24.69,974,14.2,3.06,10.03,7867,692,161,90,1781
251630,브이원텍,83776,-31550,18.95,1665,25.7,3.79,11.65,8322,387,154,110,2324
252500,세화피앤씨,556483,+4875,0.00,0,-14.3,3.93,39.47,1242,329,14,-27,1011
253450,스튜디오드래곤,250918,+112700,107.03,1053,9.5,8.58,40.09,13141,2868,330,238,31598
253590,대신밸런스제3호스팩,73875,-2235,0.00,0,-3.9,0.00,,0,-0,-0,-0,123
254120,IBKS제5호스팩,70384,-2150,195.45,11,0.6,1.14,,1878,-0,-1,0,97
255220,SG,103446,-12450,10.35,1203,39.0,3.37,9.88,3697,1261,166,120,1557
255440,야스,72727,+24550,17.66,1390,20.8,2.98,13.08,8250,865,178,162,3205
256630,엔에이치스팩10호,1317,2040,408.00,5,0.4,1.07,,1913,-0,-0,0,143
256840,엔에이치스팩11호,8440,2040,127.50,16,0.8,1.05,,1951,-0,-0,1,139
256940,케이피에스,4797,-9430,15.04,627,13.7,1.56,7.31,6030,240,43,22,403
257730,신한제3호스팩,594,2150,307.14,7,0.7,1.17,,1838,-0,-0,0,75
258610,이더블유케이,29343,+5050,40.73,124,4.3,1.63,13.97,3100,240,22,7,373
258790,케이비제11호스팩,2865,+2100,0.00,0,-1.6,1.11,,1886,-0,-1,-1,67
258830,세종메디칼,16002,-17950,30.68,585,16.0,4.56,19.01,3940,146,52,27,1217
259630,엠플러스,68331,+23650,21.10,1121,22.2,3.62,13.45,6538,721,80,49,1209
260660,알리코제약,2345615,+14950,28.00,534,18.9,5.21,14.88,2872,714,89,33,1435
260930,씨티케이코스메틱스,27896,-22100,11.93,1853,14.7,1.30,3.41,16954,1130,244,153,2237
261200,하나금융9호스팩,0,+2070,295.71,7,0.4,1.08,,1912,-0,-0,0,88
262830,대신밸런스제4호스팩,0,2050,410.00,5,,1.07,,1918,-0,-0,0,103
263540,샘코,7977,+5370,47.11,114,2.4,1.02,9.68,5259,301,32,7,426
263600,덕우전자,42415,+10950,5.35,2046,23.3,1.05,2.08,10440,1157,187,146,888
263700,케어랩스,19481,+29900,27.31,1095,28.3,5.91,25.42,5059,393,63,51,1787
263720,디앤씨미디어,58826,12950,32.70,396,23.4,4.88,23.56,2655,265,54,45,1559
263750,펄어비스,46415,248700,177.39,1402,101.5,10.90,51.70,22807,927,596,509,32024
263770,유에스티,377508,-10250,0.00,0,12.9,5.26,35.30,1949,502,52,43,2338
263800,데이타솔루션,280297,-4080,61.82,66,3.8,2.14,17.05,1906,900,6,9,641
263810,상신전자,17990,+14400,10.42,1382,18.9,1.83,7.82,7887,850,61,46,565
263860,지니언스,20090,+6170,14.73,419,13.6,1.82,9.41,3382,208,39,35,583
263920,에스엔피월드,585101,+7100,79.78,89,4.2,2.55,40.60,2789,271,11,7,559
264290,한화에이스스팩3호,543,+2160,0.00,0,,1.14,,1887,-0,-0,-0,67
264450,유비쿼스,80875,+31700,13.25,2392,,2.40,7.72,13226,762,138,123,1624
264660,씨앤지하이테크,16670,+13400,4.62,2898,40.1,1.48,4.18,9034,752,102,83,563
264850,IBKS제6호스팩,0,2180,1090.00,2,,1.13,,1935,-0,-0,0,94
265480,미래에셋대우스팩1호,0,2070,414.00,5,,1.14,,1823,-0,-0,0,100
265520,AP시스템,119633,+21800,15.63,1395,,3.72,10.33,5856,9624,262,191,3030
265560,영화테크,8784,+11750,9.48,1240,14.9,1.34,5.01,8754,592,69,58,628
265920,한화수성스팩,52,2070,2070.00,1,,1.09,,1898,-0,-0,0,92
267320,교보7호스팩,51,2065,0.00,0,,1.06,,1949,-0,-1,-0,83
267790,배럴,89305,-12650,17.28,732,37.7,6.01,15.57,2106,353,57,40,982
267980,매일유업,27404,-84200,18.10,4652,,2.23,10.52,37786,8812,512,347,6604
269620,시스웍,40624,+3285,7.90,416,24.4,1.85,6.12,1778,314,66,55,591
270520,하나금융10호스팩,1368,+2080,1040.00,2,,1.13,,1845,-0,-0,0,96
271740,한국제5호스팩,0,2070,0.00,0,,1.11,,1858,-0,-0,-0,83
272290,이녹스첨단소재,33989,+55200,28.34,1948,,3.93,19.01,14059,1931,222,173,4951
273060,엔에이치스팩12호,248,+2050,292.86,7,,1.10,,1856,-0,-0,0,154
275630,에스에스알,126460,-20600,34.39,599,43.0,9.48,36.86,2173,113,26,25,1166
276920,IBKS제7호스팩,174138,2400,0.00,0,,1.23,,1959,-0,-0,-0,88
277070,린드먼아시아,1427579,+6700,28.88,232,15.1,4.12,,1628,69,29,23,905
277410,IBKS제8호스팩,5186889,+3690,0.00,0,,1.96,,1886,-0,-0,-0,82
277480,신한제4호스팩,299,2040,1020.00,2,,1.12,,1815,-0,-0,0,123
279410,한화에이스스팩4호,3048,+2080,0.00,0,,1.10,,1896,-0,-0,-0,73
281410,한국제6호스팩,4049,-2065,0.00,0,,1.11,,1862,-0,-0,-0,93
281740,동부스팩5호,8010,+2060,0.00,0,,1.14,,1808,-0,-0,-0,100
284620,하나금융11호스팩,1867,2070,0.00,0,,0.00,,0,-0,-0,-0,112
287410,유안타제3호스팩,20191,+2050,0.00,0,,0.00,,0,-0,-0,-0,87
289080,SV인베스트먼트,510895,-5600,20.59,272,29.1,5.43,,1031,180,76,61,1491
290270,휴네시온,298592,13150,13.31,988,45.4,4.90,16.06,2683,140,34,30,632
290380,대유,623172,+16500,18.13,910,20.1,3.37,19.09,4891,285,69,55,1494
291210,한국제7호스팩,19010,-2040,0.00,0,,0.00,,0,,,,103
297570,IBKS제9호스팩,36226,+2350,0.00,0,,0.00,,0,,,,65
950110,SBI핀테크솔루션즈,23085,+8370,0.00,0,28.6,0.00,3.33,0,1304,124,80,2064
950170,JTC,648367,-9790,0.00,0,19.7,0.00,8.79,0,5665,330,261,3427
950130,엑세스바이오,62390,+4370,0.00,0,-12.8,0.00,,0,295,-69,-92,1183
950140,잉글우드랩,30938,+5080,0.00,0,-20.5,0.00,,0,871,-89,-139,1009
950160,코오롱티슈진(Reg.S),175068,+38300,0.00,0,-18.3,0.00,,0,32,-151,-198,23343
900280,골든센츄리,2056700,-1130,0.00,0,18.0,0.00,3.33,0,1061,266,191,1055
900040,차이나그레이트,1035083,+441,0.00,0,-3.4,0.00,,0,5093,-187,-162,555
900120,씨케이에이치,616195,+444,0.00,0,0.1,0.00,-77.38,0,1463,30,8,490
900250,크리스탈신소재,86890,-1600,0.00,0,13.6,0.00,-0.76,0,715,343,284,1085
900070,글로벌에스엠,72025,-1055,0.00,0,-0.4,0.00,3.54,0,1047,38,7,567
900100,뉴프라이드,1099438,-3275,0.00,0,-59.2,0.00,,0,376,-127,-218,2603
