000020,동화약품,86595,-11400,6.71,1700,17.1,1.07,8.39,10631,2589,110,470,3184
000030,우리은행,590152,+16350,8.18,1999,7.4,0.54,,30127,85507,21567,15301,110526
000040,KR모터스,889263,-536,0.00,0,-61.3,1.53,,350,417,-260,-315,642
000050,경방,6113,+13700,14.84,923,3.7,0.54,9.04,25502,3608,423,253,3756
000060,메리츠화재,170271,18550,5.28,3510,22.5,1.15,,16071,64287,5136,3846,21088
000070,삼양홀딩스,11720,-101500,20.84,4871,2.8,0.66,6.50,154881,23963,988,672,8693
000075,삼양홀딩스우,118,+53500,0.00,0,,0.00,,0,,,,163
000080,하이트진로,85269,+16700,91.76,182,1.0,0.98,8.78,17074,18899,873,127,11712
000087,하이트진로2우B,1050,-14700,0.00,0,,0.00,,0,,,,166
000100,유한양행,15231,230000,23.59,9751,7.0,1.79,17.32,128815,14622,887,1096,28082
000105,유한양행우,15,+212000,0.00,0,,0.00,,0,,,,501
000120,CJ대한통운,34321,-154500,86.51,1786,1.3,1.49,14.03,103964,71104,2357,389,35245
000140,하이트진로홀딩스,2307,+8090,0.00,0,-2.8,0.39,6.81,21002,18812,1001,-76,1877
000145,하이트진로홀딩스우,94,+8450,0.00,0,,0.00,,0,,,,40
000150,두산,39625,-108000,56.57,1909,1.7,1.07,6.51,100593,175852,11799,459,20734
000155,두산우,1070,+75600,0.00,0,,0.00,,0,,,,3335
000157,두산2우B,251,-75300,0.00,0,,0.00,,0,,,,742
000180,성창기업지주,203393,-2705,44.34,61,0.8,0.38,29.83,7193,1783,-2,41,1887
000210,대림산업,106603,+80400,6.33,12702,10.1,0.61,5.15,131198,123355,5459,5080,27979
000215,대림산업우,26134,31700,0.00,0,,0.00,,0,,,,1205
000220,유유제약,349683,+15100,18.60,812,5.7,1.41,18.94,10692,629,36,43,962
000225,유유제약1우,41340,+8680,0.00,0,,0.00,,0,,,,98
000227,유유제약2우B,401,+19050,0.00,0,,0.00,,0,,,,31
000230,일동홀딩스,7821,+14100,204.35,69,0.5,0.85,261.68,16513,411,-18,0,1479
000240,한국타이어월드와이드,21908,18250,9.87,1849,5.9,0.58,6.49,31402,8248,1993,1790,16976
000270,기아차,660875,-31250,12.95,2414,3.6,0.47,4.68,66264,535357,6622,9680,126676
000300,대유플러스,339103,-985,0.00,0,-15.9,1.14,2.91,864,4577,71,-35,992
000320,노루홀딩스,10739,+14350,3.49,4114,11.7,0.51,5.14,28287,7713,173,620,1907
000325,노루홀딩스우,103,+18650,0.00,0,,0.00,,0,,,,35
000370,한화손해보험,69738,+6710,4.42,1519,14.3,0.66,,10145,52773,1975,1476,7833
000390,삼화페인트,94219,-8680,105.85,82,0.7,0.78,13.46,11137,4881,88,20,2295
000400,롯데손해보험,406730,+2550,4.72,540,14.2,0.63,,4075,22800,1011,746,3424
000430,대원강업,7603,+4100,11.68,351,4.8,0.56,5.25,7374,10282,382,262,2542
000480,조선내화,312,+83400,19.75,4223,2.5,0.60,14.19,139324,6943,-32,227,3336
000490,대동공업,87623,-7080,15.26,464,4.5,0.79,10.31,8991,6101,172,99,1680
000500,가온전선,2546,-21500,60.39,356,0.5,0.35,11.30,62234,8370,79,15,894
000520,삼일제약,2084047,+26500,0.00,0,-2.4,2.98,46.96,8898,920,13,-13,1723
000540,흥국화재,39531,-5920,4.81,1231,14.4,0.61,,9658,31607,1072,853,3803
000545,흥국화재우,4431,5880,0.00,0,,0.00,,0,,,,45
000547,흥국화재2우B,1880,30600,0.00,0,,0.00,,0,,,,47
000590,CS홀딩스,3928,-69000,13.43,5138,2.7,0.37,-2.88,187283,1210,170,143,797
000640,동아쏘시오홀딩스,13816,+100500,18.92,5311,3.6,0.68,10.85,148700,6903,534,325,6169
000650,천일고속,593,+83600,4.40,18993,63.0,2.53,166.11,32982,552,-20,271,1195
000660,SK하이닉스,3611187,+81800,5.43,15073,36.8,1.76,2.94,46449,301094,137213,106422,595506
000670,영풍,1211,-707000,4.97,142197,8.6,0.44,4.10,1610072,37249,1594,2723,13023
000680,LS네트웍스,27483,+3010,10.75,280,3.4,0.38,49.11,7902,4434,28,206,2372
000700,유수홀딩스,24960,+5570,0.00,0,-2.1,0.75,2.02,7432,4336,579,224,1451
000720,현대건설,819149,+63900,35.30,1810,3.2,1.10,4.86,58029,168871,9861,3716,71156
000725,현대건설우,4236,+243500,0.00,0,,0.00,,0,,,,241
000760,이화산업,904,+21350,0.00,0,-2.0,0.56,71.01,38463,657,8,-30,598
000810,삼성화재,40984,-270000,11.88,22731,8.4,1.15,,235548,186684,11388,9689,127912
000815,삼성화재우,807,+184500,0.00,0,,0.00,,0,,,,5889
000850,화천기공,2821,-48800,12.32,3961,3.2,0.39,3.33,126071,2084,110,87,1074
000860,강남제비스코,2888,-26900,7.54,3568,4.9,0.36,2.23,74589,3424,123,220,1749
000880,한화,198909,+30750,5.47,5619,9.1,0.66,3.40,46382,504044,21589,13109,23050
000885,한화우,6830,22100,0.00,0,,0.00,,0,,,,106
00088K,한화3우B,20999,14650,0.00,0,,0.00,,0,,,,3292
000890,보해양조,6440259,-860,7.75,111,11.5,0.83,10.56,1032,996,21,107,831
000910,유니온,42590,-4285,11.90,360,3.7,0.45,11.09,9537,1811,5,19,669
000950,전방,852,-21600,0.00,0,-7.8,0.24,,88632,1825,-181,-130,363
000970,한국주철관,122846,-10000,8.81,1135,4.7,0.92,7.89,10868,4207,192,112,2280
000990,DB하이텍,448429,17250,6.78,2546,27.6,1.68,4.53,10240,6797,1432,1102,7659
000995,DB하이텍1우,104,38850,0.00,0,,0.00,,0,,,,44
001020,페이퍼코리아,124517,-1200,0.00,0,-115.2,1.06,,1128,5565,-342,-1030,651
001040,CJ,118136,-134500,8.26,16286,12.1,1.08,4.49,125004,268986,13260,11377,39243
001045,CJ우,1465,-61700,0.00,0,,0.00,,0,,,,1395
001060,JW중외제약,1277235,+43000,0.00,0,-0.3,3.43,25.91,12541,5029,217,-7,8475
001065,JW중외제약우,10565,+29000,0.00,0,,0.00,,0,,,,48
001067,JW중외제약2우B,9916,+46600,0.00,0,,0.00,,0,,,,40
001070,대한방직,25023,+12300,0.00,0,-5.5,0.39,,31785,2086,-99,-96,652
001080,만호제강,14723,-19650,14.48,1357,1.8,0.36,1.59,55125,2142,29,42,815
001120,LG상사,109639,-22250,14.29,1557,4.9,0.72,6.32,30815,128272,2123,882,8624
001130,대한제분,1536,-176000,5.74,30644,7.4,0.42,2.68,420360,8108,362,510,2974
001140,국보,13644,14750,0.00,0,-17.2,1.39,,10597,783,-39,-29,248
001200,유진투자증권,169368,+2740,4.72,580,8.2,0.37,,7309,2407,714,561,2654
001210,금호전기,22221,+7410,0.00,0,-22.4,0.83,17.61,8938,3387,-12,-202,517
001230,동국제강,241338,-8100,165.31,49,0.2,0.34,6.73,23619,60493,2413,48,7730
001250,GS글로벌,603629,-3030,11.79,257,6.2,0.68,10.75,4452,33874,480,225,2501
001260,남광토건,96736,+21850,125.57,174,4.1,4.95,85.31,4411,1156,18,17,2147
001270,부국증권,14309,+22950,6.04,3797,8.0,0.64,,35752,1319,473,376,2380
001275,부국증권우,18,20350,0.00,0,,0.00,,0,,,,611
001290,골든브릿지증권,438182,+3130,0.00,0,-3.3,1.14,,2736,190,-61,-42,1587
001340,백광산업,72011,-2885,17.59,164,5.4,0.99,10.13,2909,1450,95,68,1296
001360,삼성제약,1120670,+3280,0.00,0,-8.6,1.58,,2076,419,-69,-75,1907
001380,SG충방,117998,2485,310.63,8,0.3,0.90,112.65,2760,1433,-18,4,1117
001390,KG케미칼,28398,-27000,71.62,377,1.9,1.37,4.83,19661,10995,762,102,3359
001420,태원물산,56840,+4155,37.10,112,2.5,0.97,17.47,4287,249,3,8,316
001430,세아베스틸,48813,-20050,5.63,3560,7.1,0.39,4.67,51205,30553,1885,1372,7190
001440,대한전선,321413,-1205,0.00,0,-12.6,3.19,19.74,378,15876,547,-488,10320
001450,현대해상,160281,+37650,6.46,5824,15.6,1.08,,34717,128624,6308,4644,33659
001460,BYC,32,-260500,35.14,7414,1.6,0.55,12.64,475434,1958,172,62,1627
001465,BYC우,189,136000,0.00,0,,0.00,,0,,,,293
001470,삼부토건,79854,-5910,0.00,0,-14.5,0.47,,12582,2804,-194,-404,1115
001500,현대차증권,8414,-9690,5.66,1711,6.0,0.34,,28815,2123,668,502,2843
001510,SK증권,2161219,1020,17.00,60,4.4,0.76,,1349,2069,285,188,3265
001515,SK증권우,125985,-3465,0.00,0,,0.00,,0,,,,136
001520,동양,160475,+1915,24.55,78,1.9,0.54,12.86,3555,4831,68,158,4571
001525,동양우,2143,+9840,0.00,0,,0.00,,0,,,,61
001527,동양2우B,716,-10800,0.00,0,,0.00,,0,,,,33
001529,동양3우B,12,-29550,0.00,0,,0.00,,0,,,,27
001530,동일방직,180348,+70100,0.00,0,-1.3,0.34,9.34,204370,8471,220,-41,1667
001550,조비,219837,-34600,149.78,231,2.5,3.76,80.32,9202,599,16,11,1797
001560,제일연마,668,+6310,11.82,534,5.6,0.87,5.88,7264,825,63,40,631
001570,금양,11264,+2275,4.40,517,41.2,1.71,8.47,1333,1804,131,186,982
001620,동국실업,201666,-1080,0.00,0,-19.0,0.33,,3298,6020,-367,-411,576
001630,종근당홀딩스,1568,+68900,7.06,9766,12.5,0.84,4.36,81622,4507,435,674,3452
001680,대상,112461,-27450,18.71,1467,6.1,1.14,8.25,24181,29688,967,518,9511
001685,대상우,555,-13300,0.00,0,,0.00,,0,,,,182
001720,신영증권,1079,-57800,8.76,6601,6.7,0.88,,65617,2393,1166,790,5425
001725,신영증권우,1531,+52200,0.00,0,,0.00,,0,,,,3682
001740,SK네트웍스,787311,-4480,32.94,136,1.4,0.47,7.66,9546,152023,1428,346,11119
001745,SK네트웍스우,149,+55300,0.00,0,,0.00,,0,,,,63
001750,한양증권,2171,+7350,19.86,370,1.8,0.36,,20290,461,61,49,936
001755,한양증권우,15,-8930,0.00,0,,0.00,,0,,,,47
001770,신화실업,783,+20800,0.00,0,-5.5,0.69,,30320,613,-18,-21,253
001780,알루코,741830,-3805,22.12,172,6.3,1.37,9.15,2774,4617,208,129,2836
001790,대한제당,3989,+23450,19.07,1230,2.4,0.50,15.10,46923,12745,165,108,2073
001795,대한제당우,863,+13800,0.00,0,,0.00,,0,,,,89
001799,대한제당3우B,1871,+25300,0.00,0,,0.00,,0,,,,33
001800,오리온홀딩스,63560,20100,0.51,39092,85.9,0.68,16.84,29498,1127,49,14864,12591
001820,삼화콘덴서,440958,-83000,54.89,1512,25.7,12.66,31.62,6555,1993,220,155,8628
001880,삼호,429,14200,3.34,4256,22.2,0.67,-0.07,21250,8586,838,646,2156
001940,KISCO홀딩스,11512,12050,14.29,843,1.7,0.29,-3.54,41227,12213,974,-72,2226
002000,한국유리,7424,-53900,4.13,13042,21.7,0.81,6.28,66487,3454,174,1394,5433
002005,한국유리우,5231,-41600,0.00,0,,0.00,,0,,,,189
002020,코오롱,24543,+37250,5.04,7396,14.2,0.64,12.09,58235,43930,1068,1096,4493
002025,코오롱우,1236,+21600,0.00,0,,0.00,,0,,,,233
002030,아세아,3118,-125500,5.45,23008,6.6,0.40,2.02,310339,11978,641,735,2750
002070,남영비비안,3595,-6920,41.69,166,0.8,0.36,20.84,18980,2094,5,16,475
002100,경농,435692,-11950,21.04,568,5.8,1.46,23.72,8157,2065,84,101,2592
002140,고려산업,98973,-2850,13.70,208,5.9,0.80,11.66,3559,1745,59,51,711
002150,도화엔지니어링,172301,-7640,21.70,352,5.1,1.09,11.35,6992,3990,165,117,2576
002170,삼양통상,2764,-41000,4.93,8310,9.6,0.45,0.91,90524,1706,302,249,1230
002200,수출포장,2900,+23100,0.00,0,-2.4,0.43,24.81,54230,2444,-69,-53,924
002210,동성제약,14958352,+33700,0.00,0,-0.3,12.98,306.21,2596,824,10,-2,8343
002220,한일철강,1048,+23500,4.40,5343,6.2,0.30,12.72,79035,1558,45,94,525
002240,고려제강,10772,-26400,22.28,1185,1.7,0.39,6.02,68324,15505,388,225,5280
002250,알보젠코리아,444,-27100,29.81,909,5.6,1.84,10.66,14758,1901,258,104,3213
002270,롯데푸드,4326,+845000,11.29,74827,11.8,1.44,9.99,587907,18186,662,951,9564
002300,한국제지,3924,21300,10.44,2040,2.0,0.21,6.85,99906,6779,97,80,1066
002310,아세아제지,39343,+36050,64.15,562,1.1,0.70,11.77,51433,7286,54,50,3229
002320,한진,152557,+28550,0.00,0,-6.1,0.48,13.04,59896,18126,216,-470,3419
002350,넥센타이어,159115,-9990,8.15,1226,9.9,0.78,4.71,12821,19648,1854,1254,9757
002355,넥센타이어1우B,63,+4350,0.00,0,,0.00,,0,,,,283
002360,SH에너지화학,1099962,+1315,15.29,86,9.2,1.38,6.91,950,1881,142,99,1461
002380,KCC,12543,-333500,78.49,4249,0.7,0.60,8.94,554654,38640,3298,423,35206
002390,한독,104407,+26350,67.39,391,1.7,1.17,32.74,22573,4180,-19,35,3627
002410,범양건영,322987,+2160,46.96,46,2.6,1.19,21.47,1819,1368,26,11,536
002420,세기상사,898,+83700,359.23,233,0.4,1.44,165.31,58095,56,-4,1,341
002450,삼익악기,355915,1910,0.00,0,-2.4,0.81,26.43,2369,2624,57,-55,1729
002460,화성산업,18568,-14150,3.84,3687,13.5,0.51,2.09,28003,5680,590,446,1762
002600,조흥,6,-206000,10.94,18830,9.7,1.03,6.57,200652,1621,141,113,1236
002620,제일파마홀딩스,2864,+24850,0.18,138848,249.6,0.65,23.71,38370,444,3,5193,1080
002630,오리엔트바이오,4810844,+956,0.00,0,-23.9,2.19,250.58,436,1212,-66,-162,1568
002690,동일제강,125989,-4025,44.23,91,1.1,0.46,9.48,8754,1076,11,14,604
002700,신일산업,721506,+1360,10.15,134,17.8,1.71,8.00,797,1446,106,94,966
002710,TCC동양,12449,-2080,28.89,72,1.5,0.46,11.83,4502,3914,81,15,465
002720,국제약품,411932,+5350,83.59,64,1.6,1.43,24.51,3753,1233,26,10,966
002760,보락,992271,3075,146.43,21,2.9,4.26,65.22,722,335,13,12,1842
002780,진흥기업,8214,+1880,11.33,166,66.3,3.63,5.89,518,5733,416,218,2733
002785,진흥기업우B,3410,+3600,0.00,0,,0.00,,0,,,,31
002787,진흥기업2우B,424,-8630,0.00,0,,0.00,,0,,,,25
002790,아모레G,71597,-99700,41.00,2432,7.0,2.96,7.04,33714,60291,7315,4895,82211
002795,아모레G우,76,51000,0.00,0,,0.00,,0,,,,3286
002810,삼영무역,9232,-15750,9.04,1742,9.6,0.84,13.95,18764,2594,99,286,2593
002820,선창산업,18238,6690,0.00,0,-1.3,0.32,11.54,21135,6218,25,-41,843
002840,미원상사,214,-249000,7.66,32510,14.9,1.09,6.82,228360,3187,110,299,1974
002870,신풍제지,504369,-1495,45.30,33,2.2,1.18,8.25,1267,1443,-21,8,523
002880,대유에이텍,183387,1045,55.00,19,2.2,0.91,7.52,1152,10755,149,31,1024
002900,동양물산,323247,+2160,93.91,23,1.1,1.06,11.38,2029,3738,108,15,1412
002920,유성기업,4675,+3120,12.84,243,2.4,0.31,-1.47,10215,2517,32,67,810
002960,한국쉘석유,297,343000,18.39,18649,24.6,4.48,12.56,76494,2105,300,242,4459
002990,금호산업,52408,11250,4.22,2665,27.1,1.04,15.17,10865,12979,311,953,4033
002995,금호산업우,2490,+25150,0.00,0,,0.00,,0,,,,74
003000,부광약품,266241,+23900,97.95,244,5.2,5.52,83.03,4329,1507,77,111,11680
003010,혜인,1113768,+6880,38.65,178,2.0,0.87,23.41,7905,2375,25,13,875
003030,세아제강,95513,-71000,16.20,4384,2.0,0.34,5.59,206172,22899,1191,291,4260
003060,에이프로젠제약,956560,+4035,0.00,0,-20.7,4.39,2080.54,920,461,-15,-169,4353
003070,코오롱글로벌,26102,+8050,13.39,601,3.4,0.44,7.92,18236,36536,725,152,2029
003075,코오롱글로벌우,1736,-14600,0.00,0,,0.00,,0,,,,46
003080,성보화학,4354,+6330,13.44,471,5.8,0.79,,8063,584,-28,93,1267
003090,대웅,250144,+17500,11.41,1534,12.9,1.87,8.43,9367,11240,845,857,10175
003120,일성신약,121,-101000,51.64,1956,0.8,0.83,39.17,121363,670,26,26,2687
003160,디아이,315884,+5060,7.92,639,15.2,1.23,8.51,4104,1522,115,194,1594
003200,일신방직,2261,+118500,17.28,6858,2.3,0.41,5.19,286250,4925,145,170,2844
003220,대원제약,87444,-18950,33.07,573,6.5,2.15,10.67,8809,2655,253,103,3619
003230,삼양식품,27402,-84700,22.24,3808,15.3,3.19,12.91,26560,4585,433,291,6380
003240,태광산업,534,+1525000,9.25,164917,5.3,0.63,1.93,2430678,29158,2412,1792,16979
003280,흥아해운,480540,-559,0.00,0,-47.5,0.65,23.61,854,8364,-131,-735,982
003300,한일홀딩스,8878,81800,9.44,8669,3.8,0.38,3.22,213895,15743,1328,656,2781
003350,한국화장품제조,234908,+42900,35.11,1222,9.7,4.09,45.09,10481,672,29,44,1944
003410,쌍용양회,2882022,+6040,9.68,624,16.6,1.56,10.13,3879,15171,2509,3012,30433
003415,쌍용양회우,39594,-5760,0.00,0,,0.00,,0,,,,89
003460,유화증권,822,-14200,22.87,621,1.7,0.46,,30967,170,73,79,1610
003465,유화증권우,3163,+14000,0.00,0,,0.00,,0,,,,489
003470,유안타증권,334114,-3410,9.91,344,6.6,0.66,,5174,3599,585,707,6806
003475,유안타증권우,12849,+2375,0.00,0,,0.00,,0,,,,307
003480,한진중공업홀딩스,22209,-3670,0.00,0,-33.6,0.33,11.58,11219,9067,243,-1596,1084
003490,대한항공,207545,+27900,3.23,8639,29.4,0.74,6.14,37824,120922,9398,8019,26462
003495,대한항공우,1966,13200,0.00,0,,0.00,,0,,,,147
003520,영진약품,2361882,+8030,803.00,10,1.7,12.28,153.11,654,1950,30,19,14686
003530,한화투자증권,188471,+2525,8.28,305,6.4,0.51,,4925,2755,646,541,4354
003535,한화투자증권우,16791,2390,0.00,0,,0.00,,0,,,,115
003540,대신증권,75931,+12250,7.59,1615,6.4,0.57,,21524,4686,1330,1159,6220
003545,대신증권우,58996,9190,0.00,0,,0.00,,0,,,,2389
003547,대신증권2우B,3389,+8570,0.00,0,,0.00,,0,,,,857
003550,LG,173534,+70600,5.18,13630,16.0,0.78,4.84,90990,118411,21858,24356,121825
003555,LG우,429,-41400,0.00,0,,0.00,,0,,,,1372
003560,IHQ,2374485,+2145,119.17,18,1.1,1.38,3.86,1558,1268,153,26,3137
003570,S&T중공업,11203,+6590,0.00,0,-4.9,0.35,,18616,4363,-375,-309,2140
003580,동원,840937,+10250,0.00,0,-0.7,3.17,17364.95,3237,157,-5,-4,2254
003610,방림,3161,+23200,13.04,1779,3.8,0.53,5.22,43681,1481,63,70,982
003620,쌍용차,95331,-4700,0.00,0,-8.3,0.84,5.87,5619,34946,-653,-658,6484
003650,미창석유,1028,-80000,10.94,7310,5.1,0.56,1.78,142513,3132,136,125,1392
003680,한성기업,14716,7400,14.51,510,4.8,0.72,13.14,10248,3228,67,26,405
003690,코리안리,221873,+10700,10.02,1068,6.2,0.60,,17970,72081,1756,1330,12879
003720,삼영화학,219719,+902,0.00,0,-31.2,0.58,,1562,1004,-138,-318,307
003780,진양산업,11071,-3110,24.30,128,4.8,1.18,13.64,2632,448,18,17,404
003830,대한화섬,818,+125500,6.91,18171,4.7,0.36,16.72,353044,1108,57,204,1667
003850,보령제약,177876,+10250,7.68,1334,25.5,1.81,29.10,5662,4227,10,565,4531
003920,남양유업,746,-632000,106.72,5922,0.6,0.63,3.91,1009374,11670,51,50,4550
003925,남양유업우,16,+208000,0.00,0,,0.00,,0,,,,347
003960,사조대림,40371,-22400,4.65,4813,14.5,0.63,4.38,35596,9874,554,423,1335
004000,롯데정밀화학,44768,+60900,17.39,3503,7.7,1.32,8.00,46229,11595,1111,892,15712
004020,현대제철,172340,52800,9.68,5455,4.4,0.42,6.15,125261,191660,13676,7275,70459
004060,SG세계물산,457285,+824,0.00,0,-3.3,0.86,,953,2854,-67,-65,1668
004080,신흥,1608,-10450,31.48,332,3.7,1.16,17.05,8997,1211,40,32,1003
004090,한국석유,11342,-176500,11.70,15083,6.8,0.79,10.10,224172,4245,142,99,1156
004100,태양금속,743993,+1545,0.00,0,-3.9,0.60,8.17,2580,4692,100,-42,567
004105,태양금속우,45689,-3550,0.00,0,,0.00,,0,,,,117
004130,대덕GDS,107920,+12850,8.37,1536,7.2,0.61,2.63,21063,4824,300,337,2644
004135,대덕GDS우,7293,-8130,0.00,0,,0.00,,0,,,,176
004140,동방,565395,+1910,0.00,0,-9.3,0.65,8.40,2945,5061,152,-94,639
004150,한솔홀딩스,243929,+5250,0.00,0,-11.1,0.52,13.18,10073,8837,-4,-867,2434
004170,신세계,92147,+313500,16.92,18530,5.5,0.90,8.73,347557,38714,3457,2136,30865
004200,고려개발,6709,+4970,22.59,220,11.5,1.72,6.59,2886,6631,563,57,1513
004250,NPC,2595,-4660,16.64,280,4.7,0.78,3.88,5966,3863,167,118,1711
004255,NPC우,906,+2455,0.00,0,,0.00,,0,,,,130
004270,남성,76544,-1730,31.45,55,1.7,0.72,12.74,2419,920,72,14,626
004310,현대약품,1579424,+5510,88.87,62,1.5,1.57,43.55,3504,1305,20,15,1763
004360,세방,12218,+13050,9.51,1372,4.1,0.39,7.86,33681,6661,115,314,2520
004365,세방우,216,-6830,0.00,0,,0.00,,0,,,,252
004370,농심,23896,-253000,16.14,15678,5.0,0.84,5.88,300600,22083,964,907,15389
004380,삼익THK,46213,+12900,9.46,1364,16.6,1.49,6.76,8633,3711,349,282,2709
004410,서울식품,18972459,+223,223.00,1,0.7,2.82,28.21,79,565,9,2,752
004415,서울식품우,441781,-4245,0.00,0,,0.00,,0,,,,94
004430,송원산업,145741,+26000,17.63,1475,9.6,1.64,9.86,15869,7249,545,347,6240
004440,대림씨엔에스,19167,-11900,34.39,346,1.5,0.53,4.70,22424,2209,129,44,1515
004450,삼화왕관,110,+46800,10.36,4516,6.4,0.75,5.05,62303,1049,110,84,1008
004490,세방전지,39395,+35350,7.30,4843,7.8,0.56,2.79,63549,11111,698,667,4949
004540,깨끗한나라,205994,+4015,0.00,0,-11.4,0.81,194.92,4949,6599,-253,-222,1495
004545,깨끗한나라우,9099,-20600,0.00,0,,0.00,,0,,,,75
004560,현대비앤지스틸,24374,-12100,9.30,1301,5.6,0.50,4.43,24033,7259,307,198,1825
004565,현대비앤지스틸우,1364,+69000,0.00,0,,0.00,,0,,,,76
004690,삼천리,2887,+107500,28.98,3709,1.1,0.35,5.52,305706,32951,611,51,4359
004700,조광피혁,1321,-34450,5.74,6005,10.2,1.02,7.60,33938,1743,246,220,2291
004710,한솔테크닉스,70547,-9540,10.93,873,9.0,0.99,6.27,9638,9353,305,187,2109
004720,우리들제약,210108,+8550,21.65,395,9.9,1.89,10.80,4516,799,60,44,989
004770,써니전자,278173,+2370,67.71,35,2.8,1.85,33.01,1278,187,13,10,710
004800,효성,108396,+41400,3.58,11575,9.0,0.34,5.04,123059,125464,7708,3408,5711
004830,덕성,258449,+3475,105.30,33,0.8,0.91,12.08,3827,1007,18,5,545
004835,덕성우,159432,3810,0.00,0,,0.00,,0,,,,53
004840,DRB동일,17184,+7350,7.69,956,5.4,0.42,3.46,17367,5469,339,191,1432
004870,티웨이홀딩스,302049,-3645,8.42,433,45.5,3.10,2.28,1177,6128,455,371,2586
004890,동일산업,5815,+67300,6.41,10500,7.0,0.47,-0.35,142147,3791,235,233,1632
004910,조광페인트,30358,+7910,19.29,410,2.4,0.56,17.84,14205,2012,52,43,1012
004920,씨아이테크,172568,+722,0.00,0,-39.1,1.45,,498,217,-29,-112,345
004960,한신공영,50283,+18500,2.70,6860,23.6,0.58,2.05,31749,19843,1333,725,2141
004970,신라교역,8027,14050,8.48,1657,5.7,0.47,0.82,29975,4131,294,265,2248
004980,성신양회,562993,11650,23.78,490,3.5,0.79,6.91,14800,6472,328,121,2797
004985,성신양회우,28751,+14200,0.00,0,,0.00,,0,,,,104
004987,성신양회2우B,12525,-18900,0.00,0,,0.00,,0,,,,42
004989,성신양회3우B,636,-10200,0.00,0,,0.00,,0,,,,29
004990,롯데지주,93490,-48400,6.35,7625,11.0,0.59,150.39,81890,23760,102,4953,56418
00499K,롯데지주우,885,52000,0.00,0,,0.00,,0,,,,514
005010,휴스틸,37472,13900,26.08,533,1.0,0.26,7.66,54480,6906,227,37,1047
005030,부산주공,3504385,+720,0.00,0,-17.6,0.32,24.73,2247,1907,-23,-101,305
005070,코스모신소재,274643,+25050,47.62,526,13.1,6.27,34.71,3996,3146,85,82,4947
005090,삼광글라스,11209,+36500,49.06,744,1.2,0.59,42.79,61724,3200,-180,25,1772
005110,한창,391018,-1850,43.02,43,3.6,1.64,10.04,1127,1120,45,44,637
005180,빙그레,32545,+68900,20.57,3349,5.6,1.28,7.56,53683,8575,347,296,6788
005190,동성화학,16570,+13250,13.40,989,5.1,0.69,4.13,19067,2043,82,51,707
005250,녹십자홀딩스,50392,+29900,31.31,955,5.5,1.82,11.91,16406,14655,1120,707,14061
005257,녹십자홀딩스2우,989,-20200,0.00,0,,0.00,,0,,,,171
005300,롯데칠성,1163,-1360000,12.53,108521,7.4,0.91,9.98,1497124,22793,754,1215,10871
005305,롯데칠성우,43,-676000,0.00,0,,0.00,,0,,,,524
005320,국동,48993,+3320,0.00,0,-19.0,1.01,,3271,1916,-59,-90,456
005360,모나미,23473,-3015,20.65,146,3.7,0.78,8.60,3876,1377,76,29,570
005380,현대차,231933,124500,8.30,14993,5.9,0.51,8.53,242062,963761,45747,45464,266017
005385,현대차우,8914,-79000,0.00,0,,0.00,,0,,,,19242
005387,현대차2우B,22057,-86700,0.00,0,,0.00,,0,,,,31633
005389,현대차3우B,963,-75900,0.00,0,,0.00,,0,,,,1843
005390,신성통상,406250,-1060,19.27,55,3.6,0.68,12.61,1565,8820,91,79,1523
005420,코스모화학,101842,-19000,12.36,1537,23.9,2.69,13.72,7066,4316,207,273,2967
005430,한국공항,5733,-37700,5.15,7316,7.5,0.38,0.67,99734,4854,270,224,1194
005440,현대그린푸드,106928,+13300,10.24,1299,7.1,0.78,8.45,17132,25340,871,1215,12995
005450,신한,6963,4730,0.00,0,-7.2,0.62,7.30,7682,467,81,-42,332
005490,POSCO,145676,+319000,9.26,34464,6.5,0.64,4.88,501600,606551,46218,29735,278126
005500,삼진제약,60264,+55400,19.16,2891,19.7,3.98,13.92,13919,2453,469,358,7701
005610,SPC삼립,12906,+126000,26.89,4685,13.3,3.88,14.09,32469,20655,547,382,10873
005680,삼영전자,92091,+14500,27.41,529,2.3,0.62,3.61,23542,2294,89,106,2900
005690,파미셀,2545025,+16950,0.00,0,-52.1,17.67,,959,252,-45,-392,10163
005720,넥센,30769,+6070,4.05,1499,9.4,0.38,3.88,16048,3140,734,818,3250
005725,넥센우,160,+4185,0.00,0,,0.00,,0,,,,151
005740,크라운해태홀딩스,15934,+14750,1.02,14475,58.1,0.79,9.40,18608,10021,342,1753,2190
005745,크라운해태홀딩스우,2409,+13000,0.00,0,,0.00,,0,,,,78
005750,대림B&Co,99759,+5250,12.44,422,4.5,0.55,7.55,9576,2329,121,67,875
005800,신영와코루,84,-142000,14.00,10140,3.0,0.42,5.10,338648,1824,60,91,1278
005810,풍산홀딩스,815,-41100,3.98,10325,10.3,0.48,3.47,85824,3148,736,677,3220
005820,원림,540,-19650,10.39,1892,4.2,0.48,3.93,40538,741,50,55,432
005830,DB손해보험,148097,-66100,6.33,10445,15.0,1.01,,65368,135717,8679,6692,46799
005850,에스엘,40370,+20950,7.46,2810,10.2,0.74,5.08,28436,14855,548,962,7095
005870,휴니드,32960,+8820,7.49,1177,15.2,1.09,6.00,8123,1809,181,162,1245
005880,대한해운,77324,-23250,4.48,5186,20.0,0.86,10.54,27104,15607,1009,1092,5679
005930,삼성전자,6443602,-46150,7.70,5997,21.0,1.64,3.06,28126,2395754,536450,421867,2962518
005935,삼성전자우,682361,-38050,0.00,0,,0.00,,0,,,,343831
005940,NH투자증권,699177,+12750,10.90,1170,7.4,0.79,,16087,11684,4592,3496,35880
005945,NH투자증권우,12813,+8970,0.00,0,,0.00,,0,,,,1693
005950,이수화학,40996,-11750,37.90,310,1.6,0.63,10.85,18553,15078,344,23,1795
005960,동부건설,39503,-9740,2.13,4572,34.6,0.68,1.83,14425,7015,256,963,2032
005965,동부건설우,938,+17950,0.00,0,,0.00,,0,,,,41
005980,성지건설,0,8770,0.00,0,-18.6,2.00,,4390,1124,-48,-92,1246
006040,동원산업,2752,+295000,5.95,49609,19.7,1.10,6.09,269402,23811,2246,1678,9921
006060,화승인더,482098,-8530,12.87,663,15.4,1.95,5.70,4379,11519,948,485,4719
006090,사조오양,27000,+11550,4.54,2546,17.3,0.73,6.11,15779,3102,242,240,1088
006110,삼아알미늄,430257,-6030,548.18,11,0.1,0.64,11.76,9478,1369,35,1,663
006120,SK디스커버리,29728,+31850,1.04,30647,54.0,0.36,9.11,88491,67467,1098,8023,6064
006125,SK디스커버리우,2131,-15600,0.00,0,,0.00,,0,,,,212
006200,한국전자홀딩스,59582,879,8.70,101,3.7,0.34,2.82,2552,2574,62,50,411
006220,제주은행,6364,-5680,5.12,1110,6.8,0.31,,18293,1765,337,251,1257
006260,LS,112055,-67300,6.30,10691,11.5,0.80,7.29,84524,95151,4072,3648,21671
006280,녹십자,29997,+186500,39.98,4665,5.2,2.10,18.27,89010,12879,903,567,21795
006340,대원전선,759759,+1960,196.00,10,0.9,1.73,38.54,1136,5051,10,16,1335
006345,대원전선우,53481,-4150,0.00,0,,0.00,,0,,,,109
006360,GS건설,369746,-48050,0.00,0,-5.2,1.09,12.90,44190,116795,3187,-1637,37563
006370,대구백화점,1511,-9710,0.00,0,-4.7,0.31,,31301,947,-131,-156,1051
006380,카프로,163208,+6360,20.58,309,4.8,0.97,5.94,6590,5413,242,123,2544
006390,한일현대시멘트,140067,+74300,20.25,3670,34.9,5.95,31.00,12492,3487,249,615,12452
006400,삼성SDI,203911,+224000,22.80,9824,6.0,1.40,27.07,159945,63216,1169,6432,154033
006405,삼성SDI우,1182,+93900,0.00,0,,0.00,,0,,,,1519
006490,인스코비,4855095,+9750,0.00,0,-1.5,23.67,453.03,412,496,-2,-4,8748
006570,대림통상,275,+4620,0.00,0,-3.8,0.64,14.31,7264,1972,20,-43,703
006650,대한유화,32388,+225500,6.50,34701,15.5,0.99,4.42,226646,17794,2842,2145,14658
006660,삼성공조,2039,+10800,7.73,1398,5.6,0.42,-4.44,25465,918,43,110,878
006740,영풍제지,51698,+3735,17.29,216,4.0,0.85,9.40,4400,1051,33,39,829
006800,미래에셋대우,1121120,+7980,8.65,923,7.2,0.75,,10570,17119,6278,5049,52534
006805,미래에셋대우우,9947,+4545,0.00,0,,0.00,,0,,,,640
00680K,미래에셋대우2우B,75546,+4140,0.00,0,,0.00,,0,,,,5796
006840,AK홀딩스,32965,-67200,8.70,7727,15.1,1.27,3.02,52954,33925,2656,1854,8902
006880,신송홀딩스,19938,+5470,0.00,0,-5.8,0.47,31.85,11762,2918,-7,-82,647
006890,태경화학,45414,+4890,34.68,141,1.7,0.58,12.26,8401,489,18,16,567
006980,우성사료,112906,3170,68.91,46,0.7,0.59,59.90,5359,2755,-19,10,980
007070,GS리테일,86306,-36950,24.07,1535,5.9,1.40,8.38,26369,82666,1657,1151,28452
007110,일신석재,3111453,+2200,1100.00,2,0.3,3.36,110.13,655,527,10,2,1704
007120,미래아이앤지,255711,+530,0.00,0,-4.6,0.84,,634,77,-29,-27,549
007160,사조산업,11128,-58400,6.60,8847,12.2,0.76,8.08,76465,8160,591,541,2920
007210,벽산,49573,+3305,17.77,186,4.7,0.97,5.86,3394,4147,216,134,2266
007280,한국특수형강,25980,2995,4.66,643,19.2,0.87,4.58,3430,3463,85,116,540
007310,오뚜기,3971,-745000,18.88,39458,12.3,2.33,12.10,319178,21262,1461,1324,25628
007340,디티알오토모티브,12839,+33500,12.70,2637,7.8,0.68,3.56,49436,8779,595,535,3348
007460,에이프로젠 KIC,146175,10050,85.90,117,2.5,3.34,98.85,3005,449,18,23,5002
007540,샘표,21603,-31400,8.65,3632,6.4,0.64,2.64,49201,2748,180,128,903
007570,일양약품,71988,+33650,0.00,0,-0.5,3.37,21.60,9996,2698,239,57,6409
007575,일양약품우,352,+22900,0.00,0,,0.00,,0,,,,102
007590,동방아그로,34242,-7650,15.00,510,4.6,0.81,5.88,9492,1202,67,59,1042
007610,선도전기,604239,+5740,61.72,93,1.9,1.15,34.74,4999,1084,15,17,1033
007630,폴루스바이오팜,136967,+15450,0.00,0,-18.1,17.60,,878,296,-51,-30,4888
007660,이수페타시스,156013,-3410,0.00,0,-7.6,0.82,16.36,4184,5313,-80,-149,1407
007690,국도화학,4350,+58300,8.21,7101,9.2,0.74,5.41,78858,10760,565,420,3388
007700,F&F,105089,+95000,19.54,4863,28.7,4.94,13.31,19218,5605,981,749,14630
007810,코리아써키트,27894,+6740,7.88,855,6.6,0.50,2.83,13413,5916,111,296,1592
007815,코리아써우,1971,-3345,0.00,0,,0.00,,0,,,,99
00781K,코리아써키트2우B,806,+4825,0.00,0,,0.00,,0,,,,38
007860,서연,44716,+4805,0.00,0,-2.8,0.22,5.65,21594,29132,-258,-222,1128
007980,태평양물산,42291,-2895,13.16,220,7.9,1.06,10.52,2730,9222,237,99,1445
008040,사조동아원,63204,-1400,3.97,353,26.4,1.21,11.16,1153,3951,293,292,1976
008060,대덕전자,91278,+8320,9.73,855,7.2,0.78,3.00,10658,5121,306,356,4060
008110,대동전자,362,-3780,18.09,209,0.4,0.33,-6.50,11615,398,-3,7,397
008250,이건산업,174208,-13200,23.16,570,3.4,0.81,9.44,16251,2987,160,54,1237
008260,NI스틸,116718,+2990,7.75,386,11.9,0.87,7.47,3452,1506,156,110,855
008350,남선알미늄,5112872,+1260,6.40,197,16.1,0.94,6.60,1338,4007,208,217,1388
008355,남선알미우,40113,+11350,0.00,0,,0.00,,0,,,,35
008420,문배철강,1794383,+3880,6.97,557,10.5,0.78,15.56,4964,1560,65,101,796
008490,서흥,11225,+29600,14.84,1995,8.7,1.27,9.24,23330,3500,373,264,3424
008500,일정실업,125,-18550,0.00,0,-10.4,0.44,,42431,491,-64,-57,223
008560,메리츠종금증권,801564,+3700,5.84,634,13.8,0.83,,4478,8484,4436,3552,22409
008600,윌비스,411951,-1470,133.64,11,0.4,0.63,8.56,2350,2910,70,7,838
008700,아남전자,8481170,+3985,0.00,0,-2.5,4.44,49.90,898,1763,35,-17,3073
008730,율촌화학,65221,12950,11.76,1101,8.3,0.96,6.62,13537,4922,404,273,3212
008770,호텔신라,405818,+107500,161.17,667,3.8,6.44,31.91,16687,40115,731,253,42192
008775,호텔신라우,2417,+56600,0.00,0,,0.00,,0,,,,426
008870,금비,686,-69000,15.88,4344,3.8,0.74,3.78,93582,1855,117,66,690
008930,한미사이언스,88810,+80500,164.96,488,4.6,7.68,272.99,10484,6523,140,308,51117
008970,동양철관,3153292,+2775,0.00,0,-45.9,4.57,498.43,607,1471,-65,-306,2467
009070,KCTC,54355,+2815,9.45,298,5.0,0.46,8.75,6092,3646,116,90,845
009140,경인전자,120,-23100,0.00,0,-5.2,0.65,,35687,220,-7,-30,363
009150,삼성전기,707222,+152500,71.30,2139,3.8,2.80,14.30,54531,68385,3062,1773,113908
009155,삼성전기우,18211,+53600,0.00,0,,0.00,,0,,,,1558
009160,SIMPAC,128787,+2780,5.46,509,5.4,0.34,11.04,8280,2306,117,129,1819
009180,한솔로지스틱스,150726,-2120,12.18,174,6.3,0.74,5.70,2864,3553,23,29,349
009190,대양금속,13984,-5190,6.91,751,46.5,5.24,6.58,990,1729,129,99,639
009200,무림페이퍼,138499,+3535,5.51,641,6.7,0.36,6.40,9866,10346,698,409,1471
009240,한샘,96329,-87600,16.18,5413,18.3,4.06,12.79,21565,20625,1405,959,20616
009270,신원,2296113,+2385,0.00,0,-5.4,0.89,32.85,2670,6399,8,-98,1830
009275,신원우,5915,+59500,0.00,0,,0.00,,0,,,,54
009290,광동제약,349764,+7480,13.08,572,6.1,1.00,7.88,7476,11416,357,231,3921
009310,참엔지니어링,98600,-1635,8.98,182,18.4,1.68,0.97,976,2763,297,146,804
009320,대우부품,259905,-2250,36.89,61,7.9,2.81,19.37,800,580,30,29,1072
009410,태영건설,200647,-13900,10.52,1321,10.1,1.15,5.23,12120,32664,3111,1233,10620
009415,태영건설우,14287,-5810,0.00,0,,0.00,,0,,,,149
009420,한올바이오파마,926285,+29550,259.21,114,5.4,13.88,253.97,2129,842,35,58,15437
009440,KC그린홀딩스,24852,-4405,18.99,232,3.2,0.61,3.21,7226,3524,198,94,988
009450,경동나비엔,45195,+55000,26.28,2093,10.7,2.73,11.38,20135,6847,478,270,7007
009460,한창제지,588544,+1010,5.10,198,18.3,0.86,3.52,1177,2009,175,118,603
009470,삼화전기,213071,-29700,22.97,1293,30.2,5.49,18.22,5410,2070,86,101,1964
009540,현대중공업,160881,-114000,2.66,42777,18.2,0.61,15.79,187375,154688,146,26931,78849
009580,무림P&P,596621,+11200,19.15,585,6.7,1.24,10.66,9029,6079,447,365,6985
009680,모토닉,8948,+9430,16.51,571,3.2,0.79,0.93,11991,2115,128,127,3112
009770,삼정펄프,290,36600,8.77,4172,5.8,0.50,0.00,73362,1434,77,104,915
009810,엔케이물산,1153107,-696,0.00,0,-14.7,0.98,,709,281,-27,-78,561
009830,한화케미칼,956487,+19600,3.90,5021,14.6,0.54,5.41,36250,93418,7564,8345,31970
009835,한화케미칼우,5897,+12500,0.00,0,,0.00,,0,,,,140
009970,영원무역홀딩스,1153,+54500,8.83,6169,8.2,0.84,2.13,65108,23848,2103,1176,7431
010040,한국내화,84899,-3265,5.96,548,10.1,0.61,7.39,5387,2704,108,116,746
010050,우리종금,52214401,+787,18.74,42,8.7,1.82,,433,1835,217,202,5306
010060,OCI,216166,+109500,11.12,9849,7.2,0.78,5.92,140563,36316,2844,2326,26115
010100,한국프랜지,4922889,+1860,0.00,0,-9.8,0.27,17.64,6832,9850,-171,-236,566
010120,LS산전,87258,+71200,19.87,3583,9.5,1.86,9.64,38191,23437,1584,1060,21360
010130,고려아연,23223,+395500,11.11,35591,11.0,1.25,4.96,315862,65967,8948,6340,74631
010140,삼성중공업,2572320,-7000,0.00,0,-5.6,0.53,,13097,79012,-5242,-3407,44100
010145,삼성중공우,1528,+48550,0.00,0,,0.00,,0,,,,56
010420,한솔PNS,361510,+1330,11.08,120,7.1,0.76,1.97,1754,2238,34,25,273
010580,지코,946918,+770,0.00,0,-29.1,1.96,352.38,392,721,-29,-54,389
010600,웰바이오텍,112176,-7900,0.00,0,-29.6,4.73,,1670,708,-51,-87,1830
010620,현대미포조선,161252,-95100,4.34,21910,20.1,0.86,11.03,110839,24534,1079,4452,19020
010640,진양폴리,17582,+2025,37.50,54,3.0,1.11,67.71,1820,236,-8,5,203
010660,화천기계,481,20900,71.09,294,0.5,0.37,3.61,55972,2084,3,6,460
010690,화신,34472,-3245,0.00,0,-8.1,0.32,11.12,10100,10669,-228,-309,1133
010770,평화홀딩스,19837,-4990,0.00,0,-1.3,0.44,13.45,11284,5501,-60,-55,730
010780,아이에스동서,65657,+35700,5.62,6355,19.9,1.03,4.28,34537,18330,3245,1950,11006
010820,퍼스텍,1821159,+5200,66.67,78,4.9,3.19,50.19,1628,1620,11,38,2432
010950,S-Oil,311255,+123000,11.49,10706,18.8,2.10,9.88,58682,208914,13733,12465,138477
010955,S-Oil우,21246,+91900,0.00,0,,0.00,,0,,,,3696
010960,삼호개발,60860,-5320,6.19,860,13.8,0.81,2.37,6578,2657,242,214,1330
011000,진원생명과학,274277,+6150,0.00,0,-65.6,3.56,,1726,272,-249,-237,1302
011070,LG이노텍,779448,-137000,18.55,7386,9.4,1.66,6.72,82426,76414,2965,1748,32424
011090,에넥스,126563,+1420,36.41,39,3.7,1.43,11.72,995,4345,35,21,852
011150,CJ씨푸드,47092,+2690,21.18,127,8.0,1.62,10.45,1662,1646,66,46,967
011155,CJ씨푸드1우,307,+28250,0.00,0,,0.00,,0,,,,57
011160,두산건설,64823,+2155,0.00,0,-18.9,0.22,12.91,9944,15359,589,-1840,1580
011170,롯데케미칼,144650,+311500,4.75,65625,21.5,0.93,2.76,335215,158745,29297,22846,106768
011200,현대상선,1304652,-4890,0.00,0,-130.3,1.71,,2853,50280,-4068,-12182,15247
011210,현대위아,96793,-43200,0.00,0,-2.0,0.37,7.24,115466,74874,167,-630,11748
011230,삼화전자,209647,-3650,0.00,0,-54.2,5.45,24.66,670,442,-13,-32,382
011280,태림포장,45600,+3450,0.00,0,-0.0,0.79,17.27,4343,5657,33,-7,2443
011300,성안,35191,+655,0.00,0,-11.6,0.43,18.30,1506,2031,-50,-87,372
011330,유니켐,135546,+1560,13.57,115,18.5,2.28,26.56,684,661,36,59,875
011390,부산산업,50732,+218500,73.77,2962,6.4,4.61,18.35,47358,1178,68,48,2307
011420,갤럭시아에스엠,72792,-1690,0.00,0,-13.8,1.15,,1470,373,-35,-59,466
011500,한농화성,27064,+4610,8.10,569,8.3,0.66,6.34,6935,2363,79,87,721
011690,유양디앤유,948327,+9680,118.05,82,4.4,4.01,1110.49,2413,1121,-32,41,5401
011700,한신기계,101641,2620,17.82,147,6.0,1.09,9.16,2407,562,62,47,850
011760,현대상사,234321,-32050,16.27,1970,6.3,1.17,16.27,27347,43060,340,251,4240
011780,금호석유,126403,+102500,13.40,7647,12.3,1.86,9.74,55019,50648,2626,2176,31229
011785,금호석유우,2385,+35600,0.00,0,,0.00,,0,,,,1076
011790,SKC,104101,+45750,14.74,3104,7.7,1.18,9.91,38631,26535,1757,1363,17172
011810,STX,202716,-18850,0.90,20985,-232.2,8.48,11.53,2224,18039,441,3344,3367
011930,신성이엔지,337518,-1385,0.00,0,-38.3,2.93,23.73,473,9905,-57,-392,2396
012030,DB,484471,+843,0.00,0,-0.5,1.15,27.36,735,1995,41,-8,1696
012160,영흥철강,406938,+1305,0.00,0,-2.5,0.67,18.77,1945,1774,11,-42,1120
012170,키위미디어그룹,1702926,-449,0.00,0,-62.5,1.38,,326,359,-43,-390,820
012200,계양전기,46178,+4180,16.39,255,4.8,0.78,5.77,5364,3399,113,91,1363
012205,계양전기우,123704,-9510,0.00,0,,0.00,,0,,,,133
012280,영화금속,247322,+1505,14.07,107,6.8,0.97,11.56,1544,1805,72,47,684
012320,경동인베스트,7590,-49000,2.36,20799,11.0,0.33,1.98,149216,1951,364,519,1159
012330,현대모비스,132948,+232000,14.01,16558,5.4,0.77,6.04,300935,351446,20249,15577,225838
012450,한화에어로스페이스,271974,+24450,0.00,0,-2.1,0.59,10.27,41433,42155,829,-477,12724
012510,더존비즈온,48503,+56800,42.07,1350,23.8,9.16,24.28,6203,2056,517,406,16854
012600,청호컴넷,3647,-3025,0.00,0,-22.0,1.07,,2816,474,-70,-57,253
012610,경인양행,227273,+6010,66.78,90,1.9,1.25,18.15,4812,3000,74,48,2428
012630,HDC,1608404,+24550,4.26,5763,14.4,0.63,0.88,38991,53587,6461,4137,7720
012690,모나리자,44177,3340,29.56,113,6.0,1.75,11.42,1914,1174,50,41,1221
012750,에스원,32517,+86200,20.33,4239,12.4,2.71,8.27,31786,19423,2026,1433,32755
012800,대창,333024,-1105,6.66,166,8.3,0.63,7.41,1766,9833,406,143,1007
013000,세우글로벌,225418,+1655,87.11,19,1.4,1.22,14.86,1361,364,17,4,392
013360,일성건설,594270,+1830,0.00,0,-13.2,1.17,9.10,1560,4208,129,-120,989
013520,화승알앤에이,28081,-2300,0.00,0,-14.2,0.55,8.20,4172,14434,358,-418,1485
013570,디와이,22111,5670,6.92,819,6.2,0.44,3.01,12954,8223,454,409,1492
013580,계룡건설,64549,-24650,4.03,6112,16.7,0.65,4.05,37841,22408,1150,565,2201
013700,까뮤이앤씨,111024,+1255,6.61,190,15.3,0.96,6.91,1309,1722,101,84,567
013870,지엠비코리아,47970,+7040,11.35,620,5.1,0.59,6.19,12011,4668,135,118,1343
014130,한익스프레스,41032,-4820,8.64,558,11.2,0.92,9.82,5242,5279,101,67,578
014160,대영포장,402664,+908,0.00,0,-2.2,0.75,21.62,1213,3121,-27,-30,984
014280,금강공업,2285,+23750,4.40,5400,9.0,0.43,2.82,54792,6132,460,266,1153
014285,금강공업우,1845,-36800,0.00,0,,0.00,,0,,,,43
014440,영보화학,31306,-4140,2.76,1502,23.2,0.59,2.60,6986,1646,125,296,828
014530,극동유화,27239,-3465,7.79,445,10.5,0.81,8.04,4256,4901,136,151,1208
014580,백광소재,120021,-3320,16.12,206,5.0,0.80,6.59,4162,2122,74,67,916
014680,한솔케미칼,34711,-83900,17.15,4893,18.0,2.95,9.95,28396,5216,792,581,9477
014710,사조씨푸드,31353,-6640,5.91,1124,9.9,0.55,10.52,12168,3782,158,194,1143
014790,한라,229444,-5700,10.67,534,12.8,0.70,5.80,8199,19206,1572,466,2170
014820,동원시스템즈,29152,+32700,11.85,2759,20.8,2.19,7.96,14935,12832,1026,847,8377
014825,동원시스템즈우,281,+23150,0.00,0,,0.00,,0,,,,61
014830,유니드,11577,50100,11.25,4454,6.2,0.68,6.41,73283,7624,671,411,4454
014910,성문전자,126786,2365,0.00,0,-9.4,1.63,32.05,1450,461,-5,-27,461
014915,성문전자우,3937,+7940,0.00,0,,0.00,,0,,,,48
014990,인디에프,532668,+2160,166.15,13,1.2,1.91,26.44,1128,2011,16,8,1273
015020,이스타코,142598,+859,0.00,0,-4.4,0.89,118.51,965,539,0,-30,368
015230,대창단조,1619,+44600,7.27,6136,7.7,0.54,2.21,81948,2576,189,127,892
015260,에이엔피,261388,+620,0.00,0,-20.1,0.66,,944,1012,-60,-127,513
015350,부산가스,656,-36050,8.01,4501,8.0,0.68,3.36,52811,9352,378,450,3966
015360,예스코홀딩스,289,39700,8.86,4481,3.6,0.37,4.54,106531,11152,244,271,2382
015540,메디플란트,10046,+7980,0.00,0,-110.6,4.69,,1703,666,-58,-73,427
015590,큐로,237473,+808,0.00,0,-10.7,1.22,15.32,662,1562,67,-71,1008
015760,한국전력,850898,+30750,15.20,2023,1.8,0.28,4.79,111660,598149,49532,14414,197404
015860,일진홀딩스,36551,-4460,0.00,0,-7.1,0.82,16.64,5439,9447,63,-198,2201
015890,태경산업,65079,6500,17.33,375,6.1,1.04,6.76,6261,5637,196,78,1900
016090,대현,61085,+2570,9.11,282,7.4,0.67,4.00,3819,2837,139,125,1164
016360,삼성증권,138703,+31900,10.18,3135,6.6,0.65,,49380,9670,3603,2710,28487
016380,동부제철,3632,+8050,0.00,0,-86.5,1.24,18.84,6506,25962,-118,-1245,2192
016385,동부제철우,137,+37450,0.00,0,,0.00,,0,,,,60
016450,한세예스24홀딩스,86428,+8390,10.49,800,11.5,1.18,4.56,7133,24623,784,604,3356
016580,환인제약,34958,+21000,11.80,1780,11.7,1.61,9.70,13069,1480,297,272,3906
016590,신대양제지,38553,+89800,12.77,7032,10.4,1.31,11.29,68314,5128,288,272,3619
016610,DB금융투자,49987,+4250,39.72,107,0.7,0.30,,14360,2220,224,154,1804
016710,대성홀딩스,1871,+7320,5.59,1309,5.3,0.29,3.62,24992,9031,245,322,1178
016740,두올,75219,+3910,9.31,420,9.9,0.86,3.25,4554,3450,220,142,713
016800,퍼시스,552,-30500,13.05,2338,5.9,0.91,6.72,33427,2895,230,221,3508
016880,웅진,149845,-2725,77.86,35,0.7,0.55,3.45,4973,2828,104,9,1980
017040,광명전기,317628,+3200,0.00,0,-2.2,1.58,32.84,2029,1016,22,-20,1387
017180,명문제약,1768075,+6770,21.16,320,8.3,1.70,25.75,3985,1401,75,81,1661
017370,우신시스템,6863,-8990,0.00,0,-0.7,1.41,15.72,6391,2440,67,-8,1646
017390,서울가스,41,-88000,9.41,9350,4.0,0.48,-0.58,182485,13504,101,366,4400
017550,수산중공업,322106,-1700,30.36,56,3.2,0.99,12.93,1712,1019,33,29,918
017670,SK텔레콤,152870,+263500,7.20,36582,15.4,1.19,5.59,220967,175200,15366,26576,212765
017800,현대엘리베이,426329,+104000,27.36,3801,11.6,3.06,18.09,33952,19937,1353,790,28245
017810,풀무원,5012,+119000,11.51,10339,14.6,1.69,6.10,70316,22381,535,304,4533
017900,광전자,62252,+2555,46.45,55,1.4,0.72,3.40,3558,1774,83,29,1480
017940,E1,5320,65800,4.51,14600,7.4,0.38,13.46,171187,44082,937,868,4514
017960,한국카본,412983,6230,346.11,18,0.2,0.88,13.73,7059,2391,49,7,2739
018250,애경산업,301333,+71500,40.06,1785,37.2,12.94,33.12,5524,6289,497,381,18746
018260,삼성에스디에스,114694,+232500,33.91,6856,9.9,3.24,14.16,71833,92992,7316,5418,179903
018470,조일알미늄,209885,-1105,0.00,0,-0.9,0.39,17.96,2804,2992,-4,-18,769
018500,동원금속,205809,-1170,0.00,0,-14.9,0.75,6.70,1564,4289,-31,-94,547
018670,SK가스,11071,-84100,7.21,11663,7.1,0.51,11.97,165535,66897,1254,1499,7615
018880,한온시스템,462179,+11950,22.09,541,15.2,3.22,9.71,3707,55857,4684,2984,63789
019170,신풍제약,414900,+7450,177.38,42,1.0,1.91,24.85,3893,1850,90,21,3947
019175,신풍제약우,27530,-7910,0.00,0,,0.00,,0,,,,174
019180,티에이치엔,67565,-2375,13.49,176,8.6,1.13,6.46,2100,3127,97,31,428
019440,세아특수강,485,-17100,6.08,2814,7.8,0.47,4.32,36363,7299,351,237,1465
019490,하이트론,5351,-4375,0.00,0,-29.6,0.74,,5909,376,-114,-114,242
019680,대교,24224,+7240,15.54,466,6.3,1.12,5.09,6440,8122,455,416,6132
019685,대교우B,13247,-4745,0.00,0,,0.00,,0,,,,922
020000,한섬,41122,+38350,15.65,2451,6.0,1.02,12.36,37575,12287,550,539,9446
020120,키다리스튜디오,250031,-3310,0.00,0,-13.5,3.18,,1041,143,-5,-23,524
020150,일진머티리얼즈,1624171,+54800,53.41,1026,10.3,4.75,31.30,11531,4540,495,422,25269
020560,아시아나항공,413093,+4195,3.42,1227,24.7,0.75,7.01,5607,62271,2759,2479,8610
020760,일진디스플,99552,4200,6.75,622,24.0,1.44,4.47,2919,2513,197,176,1189
021050,서원,102510,1170,29.25,40,2.1,0.63,9.92,1856,2572,128,20,555
021240,코웨이,91759,91500,20.41,4484,30.1,6.97,10.26,13128,25168,4727,3256,67527
021820,세원정공,1165,-9810,35.67,275,0.6,0.23,-7.91,42950,2330,-95,-22,981
023000,삼원강재,2276,2950,10.73,275,5.7,0.61,3.99,4874,2762,126,110,1180
023150,MH에탄올,2983,-5370,5.70,942,10.4,0.60,20.82,8930,520,81,43,396
023350,한국종합기술,57197,-5400,0.00,0,-6.6,0.52,,10446,1996,-73,-78,591
023450,동남합성,7,-61100,54.36,1124,2.8,1.57,8.94,38920,1374,9,16,803
023530,롯데쇼핑,78223,+180000,0.00,0,-0.9,0.40,6.21,450130,181799,5299,-206,50920
023590,다우기술,105280,-22300,8.42,2648,11.5,0.95,-5.28,23560,13911,3315,2431,10005
023800,인지컨트롤스,41112,-5730,0.00,0,-0.0,0.45,6.79,12671,5409,50,-9,869
023810,인팩,2079,-4475,0.00,0,-1.5,0.44,14.32,10078,2388,-24,-20,448
023960,에쓰씨엔지니어링,222476,-1930,0.00,0,-33.3,1.86,15.20,1038,2517,47,-144,483
024070,WISCOM,11165,-3245,811.25,4,0.1,0.42,0.53,7754,1169,3,1,488
024090,디씨엠,1075,-12350,9.01,1371,8.6,0.93,4.23,13211,1336,166,141,1445
024110,기업은행,382208,+15050,6.91,2178,8.0,0.50,,29937,80760,20283,15085,84277
024720,한국콜마홀딩스,40440,-38500,22.88,1683,10.3,2.19,10.04,17540,4906,618,517,6907
024890,대원화성,69727,+2060,52.82,39,2.2,1.17,8.53,1755,1184,100,16,850
024900,덕양산업,67285,-1480,64.35,23,1.3,0.81,4.11,1825,10465,44,13,482
025000,KPX케미칼,790,+64700,11.67,5543,6.2,0.72,4.03,89789,7037,300,271,3131
025530,SJM홀딩스,9551,-3905,3.46,1130,11.0,0.40,-1.32,9716,1698,104,193,583
025540,한국단자,6832,-43600,9.12,4783,7.7,0.67,2.66,64864,7444,661,498,4541
025560,미래산업,1747874,+226,0.00,0,-20.4,2.35,,96,345,-95,-137,1428
025620,제이준코스메틱,305654,20050,18.06,1110,25.7,4.18,23.21,4796,1297,223,274,5317
025750,한솔홈데코,919766,+1740,39.55,44,2.4,0.91,12.16,1912,2543,95,36,1402
025820,이구산업,56960,+1795,5.34,336,10.6,0.54,8.83,3302,2293,142,112,600
025860,남해화학,154135,-14950,26.70,560,6.6,1.76,15.25,8478,11224,281,267,7427
025890,한국주강,16652,+2360,0.00,0,-7.9,0.47,,4982,299,-21,-47,267
026890,디피씨,253168,+3480,18.51,188,5.2,1.06,7.94,3277,1548,122,73,1450
026940,부국철강,159560,+2890,24.91,116,2.1,0.51,14.41,5626,1461,13,23,578
026960,동서,53449,+23300,18.90,1233,10.2,1.90,31.65,12239,5591,477,1261,23230
027390,한화갤러리아타임월드,22469,+32500,0.00,0,-4.4,0.81,23.15,40158,3307,-73,-107,1950
027410,BGF,133115,-9370,0.12,74964,428.6,0.43,4.50,21952,1238,104,34979,8936
027740,마니커,2516356,-897,0.00,0,-12.5,1.21,14.28,742,2546,69,-103,1194
027970,세하,38122,+1460,0.00,0,-15.8,2.32,23.48,629,1645,7,-25,432
028050,삼성엔지니어링,549296,-16350,0.00,0,-4.5,3.12,31.55,5236,55362,469,-521,32046
028100,동아지질,136133,+18800,12.42,1514,11.2,1.38,3.25,13585,3397,203,171,2162
028260,삼성물산,179234,123500,31.84,3879,3.1,1.05,19.19,117902,292790,8813,4811,234267
02826K,삼성물산우B,511,+76800,0.00,0,,0.00,,0,,,,1250
028670,팬오션,1006318,-5280,19.70,268,5.8,1.18,10.43,4469,23362,1950,1413,28224
029460,케이씨,128052,+21450,8.03,2671,27.7,1.37,3.06,15692,5730,555,850,2907
029530,신도리코,7435,-50300,15.61,3222,3.7,0.59,-1.44,84905,5584,326,317,5070
029780,삼성카드,72859,+34950,9.91,3528,5.7,0.58,,59753,30113,5056,3867,40493
030000,제일기획,173175,-19350,15.42,1255,15.8,2.63,9.66,7354,33750,1565,1284,22260
030200,KT,489061,+28800,14.80,1946,4.1,0.64,2.39,44749,233873,13753,5615,75200
030210,KTB투자증권,346419,+3760,8.41,447,7.7,0.55,,6862,2327,428,363,2268
030610,교보증권,63473,+9460,4.50,2103,9.4,0.42,,22662,2642,912,733,3406
030720,동원수산,38382,-9790,7.43,1318,14.7,1.04,7.73,9421,1617,66,51,453
030790,동양네트웍스,685596,-2720,0.00,0,-33.9,3.17,,857,863,-78,-203,2566
031430,신세계인터내셔날,52823,+196000,58.14,3371,5.0,2.83,27.65,69236,11025,254,241,13994
031440,신세계푸드,14726,+118500,22.26,5324,6.7,1.46,8.05,81360,12075,298,206,4589
031820,콤텍시스템,33120109,+1700,70.83,24,1.5,1.07,12.64,1592,1436,21,9,813
032350,롯데관광개발,40929,+18100,244.59,74,2.0,4.81,134.27,3761,703,52,34,8216
032560,황금에스티,80133,-11150,7.78,1434,9.7,0.72,5.24,15528,2247,275,227,1561
032640,LG유플러스,2027791,+16300,13.01,1253,10.9,1.36,3.95,11985,122794,8263,5471,71168
032830,삼성생명,166995,-91500,14.09,6494,4.2,0.62,,146795,166458,16906,12632,183000
033180,필룩스,6513817,+14400,100.00,144,5.1,5.00,72.60,2879,1120,84,37,7751
033240,자화전자,49790,12000,8.53,1406,8.5,0.76,1.96,15845,4456,279,249,2148
033250,체시스,440423,+1180,0.00,0,-13.2,0.96,21.31,1227,559,-25,-42,283
033270,유나이티드제약,46767,-29150,15.49,1882,14.7,2.34,11.62,12444,1970,317,279,4724
033530,세종공업,277258,+7440,0.00,0,-1.9,0.39,6.68,18845,10359,-67,-76,1492
033660,아주캐피탈,41385,+8340,9.19,908,7.2,0.68,,12221,2118,1126,538,4799
033780,KT&G,228447,-104000,11.28,9217,15.7,1.84,7.40,56609,46672,14261,11642,142784
033920,무학,14468,+14450,7.86,1839,10.0,0.77,6.17,18800,2505,287,515,4118
034020,두산중공업,322408,-14650,0.00,0,-8.5,0.52,7.18,28373,145236,9257,-1097,17162
034120,SBS,26569,-18000,21.18,850,2.7,0.59,6.31,30428,7732,187,159,3285
034220,LG디스플레이,3252042,-21450,4.26,5038,13.2,0.53,1.74,40170,277902,24616,19371,76751
034300,신세계건설,3340,-31700,4.37,7256,20.2,0.79,5.48,39918,10644,247,290,1268
034310,NICE,173690,+17050,12.28,1388,9.2,1.16,2.18,14726,14501,1226,928,6459
034590,인천도시가스,507,30000,9.01,3331,8.2,0.77,2.23,39095,5376,149,137,1312
034730,SK,44562,+264500,8.81,30007,12.5,1.37,3.51,192595,932964,58610,50665,186103
03473K,SK우,859,+135500,0.00,0,,0.00,,0,,,,767
034830,한국토지신탁,534115,-2810,4.12,682,25.7,0.99,,2834,2500,1711,1678,7095
035000,지투알,8846,+7660,8.81,869,9.3,0.81,-0.42,9469,5013,197,141,1269
035150,백산,55712,+6000,15.79,380,7.3,1.16,4.90,5167,2114,237,87,1452
035250,강원랜드,227849,-29650,13.73,2159,13.0,1.81,7.00,16365,16045,5309,4375,63433
035420,NAVER,51186,-758000,28.54,26562,18.5,5.25,15.73,144477,46785,11792,7701,249857
035510,신세계 I&C,6406,+111000,18.52,5993,6.0,1.15,3.93,96712,3202,155,99,1909
035720,카카오,280278,-124000,77.40,1602,2.9,2.09,29.43,59332,19723,1654,1251,94595
036460,한국가스공사,128826,+53900,0.00,0,-14.0,0.64,10.45,84640,221723,10339,-11917,49757
036530,S&T홀딩스,22783,+13250,31.70,418,1.1,0.36,-3.02,36826,15082,606,259,2160
036570,엔씨소프트,141138,+391000,18.84,20756,19.1,3.15,11.68,124037,17587,5850,4440,85782
036580,팜스코,26473,10850,9.77,1111,13.1,1.26,10.97,8600,10233,417,394,3985
037270,YG PLUS,93681,2410,0.00,0,-8.2,1.48,,1623,725,-71,-100,1402
037560,CJ헬로,615945,+8150,21.85,373,3.0,0.64,4.06,12746,11199,729,289,6312
037710,광주신세계,93,-209000,6.99,29904,8.6,0.58,5.40,362102,2096,563,478,3344
039130,하나투어,114562,+68000,58.02,1172,6.6,3.86,9.15,17628,6823,408,127,7899
039490,키움증권,62084,+89900,8.27,10870,17.4,1.30,,68988,5892,3158,2416,19868
039570,HDC아이콘트롤스,34443,+13000,9.01,1443,12.8,1.09,9.17,11953,2640,148,238,2140
041650,상신브레이크,8010,+5800,4.87,1190,14.5,0.75,4.46,7743,3845,359,241,1245
042660,대우조선해양,292606,-28850,4.04,7141,28.1,0.91,7.21,31816,111018,7330,6458,30929
042670,두산인프라코어,853427,+9840,15.69,627,8.1,1.28,6.07,7662,65679,6608,2966,20482
042700,한미반도체,982427,+11400,61.62,185,4.6,3.52,11.77,3243,1973,517,95,7248
044380,주연테크,306586,-484,0.00,0,-13.9,1.01,,480,609,-68,-62,478
044450,KSS해운,6065,-7330,6.54,1120,11.1,0.75,9.74,9806,1776,451,257,1700
044820,코스맥스비티아이,7604,-29800,74.13,402,1.3,0.99,22.96,30075,2983,101,58,2862
047040,대우건설,861274,+5360,8.51,630,12.1,0.99,6.70,5396,117668,4290,2579,22277
047050,포스코대우,341210,-17800,12.33,1444,6.6,0.78,9.63,22774,225717,4013,1668,21961
047400,유니온머티리얼,38011,+2400,0.00,0,-0.9,1.11,15.11,2162,1099,17,-8,1008
047810,한국항공우주,469330,+40400,0.00,0,-18.2,3.45,,11699,20722,-2089,-2352,39380
049770,동원F&B,6933,+283000,21.26,13313,9.0,1.84,12.50,153682,25526,724,514,10921
049800,우진플라임,23482,-4705,63.58,74,0.9,0.58,11.95,8114,2296,62,7,471
051600,한전KPS,115282,+36850,12.20,3021,16.0,1.83,7.20,20113,12368,1641,1360,16583
051630,진양화학,13033,+2170,0.00,0,-1.1,0.89,49.05,2441,496,-7,-3,260
051900,LG생활건강,26337,+1256000,34.70,36199,21.9,7.43,18.40,169155,62705,9303,6186,196165
051905,LG생활건강우,658,+695000,0.00,0,,0.00,,0,,,,14593
051910,LG화학,266766,+366000,14.43,25367,12.9,1.77,6.03,206544,256980,29285,20220,258368
051915,LG화학우,14441,+203000,0.00,0,,0.00,,0,,,,15608
052690,한전기술,112196,-21800,39.07,558,4.8,1.82,22.25,11958,4902,181,212,8332
053210,스카이라이프,28256,+13300,11.03,1206,10.3,1.10,3.04,12083,6858,754,573,6360
053690,한미글로벌,14010,-10150,11.29,899,9.1,1.11,6.45,9139,2008,108,97,1112
055490,테이팩스,33743,+27650,15.83,1747,9.6,1.48,10.50,18660,1059,120,77,1304
055550,신한지주,748970,+41800,6.83,6116,9.1,0.60,,69210,117987,38287,29481,198215
057050,현대홈쇼핑,8853,+112500,10.74,10473,8.2,0.87,4.37,128703,10431,1253,1225,13500
058430,포스코강판,17409,-21500,7.17,2999,8.6,0.60,5.02,36071,9121,244,175,1290
058650,세아홀딩스,1740,-123500,3.67,33612,7.5,0.26,3.60,466950,47944,2746,2111,4940
058730,다스코,213303,-9110,7.50,1214,16.6,1.16,6.79,7846,2232,211,186,1403
058850,KTcs,31173,+2320,13.65,170,4.7,0.64,1.70,3611,9678,101,74,990
058860,케이티스,33648,2695,10.96,246,5.2,0.58,3.02,4633,4381,111,83,938
060980,한라홀딩스,13905,-42000,10.42,4032,4.6,0.49,12.58,86433,9222,627,435,4537
063160,종근당바이오,9206,+20050,12.83,1563,5.8,0.74,4.93,27162,1182,90,80,1049
064350,현대로템,1830761,+31050,0.00,0,-3.5,1.96,28.09,15811,27257,454,-463,26393
064960,S&T모티브,25823,+32450,8.35,3888,8.1,0.66,1.96,49272,11375,967,591,4745
066570,LG전자,812975,+74700,7.80,9579,13.7,1.02,4.30,73129,613963,24685,18695,122245
066575,LG전자우,9198,30500,0.00,0,,0.00,,0,,,,5242
067830,세이브존I&C,18649,+4075,5.33,764,7.7,0.43,2.84,9498,1784,362,289,1672
068270,셀트리온,588311,+279500,87.18,3206,17.8,14.42,56.16,19381,9491,5220,4007,350482
068290,삼성출판사,16987,9700,28.70,338,3.9,1.11,6.38,8770,1766,110,59,970
068400,AJ렌터카,165902,+12900,22.55,572,5.3,1.16,3.84,11091,6368,409,123,2857
069260,휴켐스,68815,+25500,8.54,2985,21.3,1.79,4.45,14210,7158,1526,1101,10424
069460,대호에이엘,772051,+6170,33.53,184,19.8,6.21,37.24,993,1263,17,49,1674
069500,KODEX 200,2589416,+29570,0.00,0,,0.00,,0,,,,58386
069620,대웅제약,53666,+199000,65.03,3060,6.2,4.44,32.17,44831,9603,390,354,23057
069640,한세엠케이,7242,+8290,14.27,581,4.8,0.67,7.30,12284,3289,95,75,1070
069660,KOSEF 200,41502,+29820,0.00,0,,0.00,,0,,,,7291
069730,DSR제강,23969,-4870,13.99,348,3.9,0.54,8.27,9032,1775,25,50,701
069960,현대백화점,68148,-99200,8.82,11242,6.6,0.59,4.96,169016,18481,3937,3023,23215
070960,용평리조트,132251,-6890,19.57,352,4.2,0.81,9.13,8480,2097,335,170,3316
071050,한국금융지주,154348,-68200,7.81,8731,14.1,1.09,,62616,9172,6543,4631,38005
071055,한국금융지주우,2327,-38150,0.00,0,,0.00,,0,,,,2235
071090,하이스틸,25063,+37100,8.86,4187,6.4,0.55,7.76,68057,2117,110,84,742
071320,지역난방공사,3377,-64200,10.64,6035,3.9,0.41,10.52,158025,18344,1198,699,7434
071840,롯데하이마트,34559,-71100,11.31,6288,7.6,0.83,7.71,85810,40993,2075,1484,16785
071950,코아스,192610,+1720,0.00,0,-3.1,2.26,23.17,760,1141,7,-6,532
071970,STX중공업,144114,4405,0.13,33016,-315.8,0.75,3.82,5901,2524,302,7355,1094
072130,유엔젤,241083,+4185,0.00,0,-14.7,1.36,,3072,319,-10,-66,552
072710,농심홀딩스,2596,-88200,10.06,8765,4.8,0.47,8.17,185858,4966,471,407,4091
073240,금호타이어,944458,-5820,0.00,0,-12.1,0.96,60.11,6042,28764,-1572,-1118,16719
074610,나노메딕스,607969,+9610,0.00,0,-85.8,15.63,,615,447,-5,-118,2463
075180,새론오토모티브,18911,+5310,7.68,691,6.1,0.46,0.54,11439,1835,167,133,1020
075580,세진중공업,54155,+4630,94.49,49,1.2,1.13,21.87,4092,2518,71,19,1777
077500,유니퀘스트,36415,+8080,17.72,456,6.9,1.26,20.80,6427,2461,88,136,2194
077970,STX엔진,242222,-8690,0.00,0,-5.8,2.40,21.55,3617,4701,107,-60,1999
078000,텔코웨어,46790,+14650,15.55,942,5.0,1.32,8.77,11115,414,52,53,1421
078520,에이블씨엔씨,122781,+13550,27.65,490,3.3,1.11,6.57,12224,3733,112,88,3364
078930,GS,111184,+53600,5.15,10416,13.4,0.66,6.26,81628,162099,20712,10919,49803
078935,GS우,2072,37500,0.00,0,,0.00,,0,,,,669
079160,CJ CGV,124482,-52500,0.00,0,-0.4,3.61,7.88,14554,17144,862,100,11110
079430,현대리바트,57406,+24700,11.42,2163,10.7,1.23,7.47,20143,8884,493,370,5072
079440,아이엔지생명,86928,-35850,8.64,4149,8.7,0.80,,44738,31575,4503,3402,29397
079550,LIG넥스원,64047,+31550,0.00,0,-1.4,1.15,20.65,27454,17613,43,-86,6941
079660,사조해표,134267,-12350,6.28,1968,10.0,0.59,64.68,20786,6534,-16,141,884
079980,휴비스,174992,-9420,13.83,681,5.6,0.81,6.32,11639,12810,296,232,3250
081000,일진다이아,137140,-24000,35.61,674,8.4,2.80,15.41,8567,1237,115,74,2707
081660,휠라코리아,456122,+42700,41.46,1030,7.5,3.27,12.76,13074,25303,2175,1081,26096
082640,동양생명,98652,-6540,4.93,1327,9.0,0.44,,14974,51369,2466,1928,10553
082740,HSD엔진,112343,+3670,0.00,0,-1.9,0.50,12.45,7389,7689,135,-103,1209
083370,동북아12호,0,5030,0.00,0,6.0,0.00,16.41,0,5,5,5,80
083380,동북아13호,0,5040,0.00,0,6.0,0.00,16.69,0,5,5,5,80
083420,그린케미칼,13079,+4215,33.45,126,2.2,0.77,5.22,5487,2537,35,25,843
084010,대한제강,78736,-7050,5.15,1370,6.9,0.38,0.91,18670,12285,471,296,1738
084670,동양고속,3295,+25000,0.00,0,-1.4,0.66,8.39,37772,1419,59,-18,775
084680,이월드,207535,-1780,42.38,42,2.9,1.22,17.78,1455,350,67,38,1611
084690,대상홀딩스,22441,-8570,12.26,699,5.2,0.63,3.92,13705,33837,1145,594,3103
084695,대상홀딩스우,694,-6460,0.00,0,,0.00,,0,,,,59
084870,TBH글로벌,64997,+5110,0.00,0,-0.6,0.72,1.95,7082,6945,204,10,1066
085310,엔케이,513557,+1555,0.00,0,-4.7,0.82,,1887,1218,-97,-67,1244
085620,미래에셋생명,247119,+4975,3.23,1541,11.3,0.40,,12336,22844,640,2211,8807
086280,현대글로비스,35953,+125500,6.92,18147,18.2,1.18,5.93,106381,163583,7271,6805,47063
086790,하나금융지주,656355,+42650,6.26,6817,8.8,0.53,,80654,89324,27181,21166,128053
088260,이리츠코크렙,29745,+4620,0.00,0,1.1,0.00,21.76,0,259,186,33,2926
088350,한화생명,1447995,-4805,6.35,757,6.5,0.45,,10767,149501,9534,6887,41733
088790,진도,7971,-5500,7.21,763,9.6,0.67,8.36,8225,1283,115,95,685
088980,맥쿼리인프라,323703,-8980,0.00,0,,0.00,,0,,,,31344
089470,HDC현대EP,15453,-5910,5.90,1002,11.4,0.67,7.05,8772,9144,415,310,1885
089590,제주항공,59711,+39800,13.45,2960,25.8,3.17,5.95,12574,9964,1013,778,10490
090080,평화산업,918334,-2965,0.00,0,-12.5,1.63,65.12,1822,3245,-89,-79,1109
090350,노루페인트,203294,-11750,8.17,1439,10.2,0.80,8.52,14613,5514,278,294,2350
090355,노루페인트우,1881,+9590,0.00,0,,0.00,,0,,,,44
090370,메타랩스,246493,5770,0.00,0,-141.3,5.75,,1004,268,-159,-379,2571
090430,아모레퍼시픽,113600,-269500,47.19,5711,9.8,4.48,18.56,60186,51238,5964,3980,157546
090435,아모레퍼시픽우,3015,-144500,0.00,0,,0.00,,0,,,,15256
091090,세원셀론텍,603268,+4690,0.00,0,-4.0,1.50,38.03,3127,1581,38,-77,2860
091160,KODEX 반도체,4438,+23330,0.00,0,,0.00,,0,,,,187
091170,KODEX 은행,127470,+8070,0.00,0,,0.00,,0,,,,1049
091180,KODEX 자동차,405,+14325,0.00,0,,0.00,,0,,,,100
091210,TIGER KRX100,2,+47560,0.00,0,,0.00,,0,,,,93
091220,TIGER 은행,447,+8265,0.00,0,,0.00,,0,,,,35
091230,TIGER 반도체,125,+23760,0.00,0,,0.00,,0,,,,105
091810,티웨이항공,142629,11000,9.37,1174,227.6,10.19,6.73,1080,5840,471,397,5167
092200,디아이씨,42429,+6740,108.71,62,0.8,0.91,8.26,7406,6330,322,45,1514
092220,KEC,860566,+1300,130.00,10,0.5,0.66,10.59,1961,2372,66,14,1462
092230,KPX홀딩스,117,+64100,6.49,9872,6.8,0.44,-0.08,145038,7533,364,584,2708
092440,기신정기,4266,+4145,414.50,10,3.9,0.55,4.15,7523,1064,49,97,1210
092780,동양피스톤,397463,+4265,4.71,906,12.7,0.66,5.04,6436,2942,190,94,562
093050,LF,208532,+25750,10.22,2519,6.9,0.69,4.09,37363,16021,1101,700,7529
093230,이아이디,533481,293,48.83,6,1.5,0.52,,560,844,-45,7,710
093240,형지엘리트,64480,-3815,0.00,0,-15.2,1.16,108.21,3281,1741,-21,-99,731
093370,후성,1772011,+11800,36.88,320,18.2,6.18,18.47,1910,2488,355,282,10928
094280,효성ITX,11018,+11100,14.14,785,16.5,2.21,8.62,5025,3950,122,95,1283
094800,맵스리얼티1,15687,-3875,0.00,0,,0.00,,0,,,,3597
095570,AJ네트웍스,24121,5060,15.81,320,5.3,0.82,4.20,6168,14310,772,206,2369
095720,웅진씽크빅,32192,6120,8.21,745,8.6,0.71,3.39,8674,6243,342,249,2119
096300,베트남개발1,115808,+469,0.00,0,,0.00,,0,,,,583
096760,JW홀딩스,311226,+7970,9.27,860,38.0,3.01,16.02,2651,6839,414,569,5042
096770,SK이노베이션,122297,+197500,8.75,22574,12.0,1.02,4.72,192989,462609,32344,21451,182619
096775,SK이노베이션우,4793,+124500,0.00,0,,0.00,,0,,,,1554
097230,한진중공업,172858,-2595,0.00,0,-37.2,0.48,,5449,24523,-1167,-2780,2752
097750,TREX 중소형가치,32,+8355,0.00,0,,0.00,,0,,,,63
097950,CJ제일제당,22802,+338500,12.93,26179,10.9,1.45,8.49,232686,164772,7766,4128,50955
097955,CJ제일제당 우,3253,123500,0.00,0,,0.00,,0,,,,1639
098560,TIGER 방송통신,1215,+10460,0.00,0,,0.00,,0,,,,52
099140,KODEX China H,3755,-20050,0.00,0,,0.00,,0,,,,441
099340,하나니켈1호,103261,-1400,0.00,0,,0.00,,0,,,,319
099350,하나니켈2호,30701,+2085,0.00,0,,0.00,,0,,,,68
100220,비상교육,18403,-8170,5.53,1477,9.0,0.51,2.40,16098,1456,258,181,1062
100250,진양홀딩스,4026,-2680,14.64,183,3.3,0.49,3.77,5462,2652,157,174,1498
100840,S&TC,12574,+15950,25.36,629,2.0,0.50,2.75,32084,1841,192,46,1164
100910,KOSEF KRX100,50,+4805,0.00,0,,0.00,,0,,,,115
101060,SBS미디어홀딩스,6230,+2320,68.24,34,0.7,0.47,8.48,4955,4219,-43,5,3246
101140,아티스,433670,+3225,0.00,0,-14.2,6.73,,479,71,-15,-12,762
101280,KODEX 일본TOPIX100,971,-12715,0.00,0,,0.00,,0,,,,76
101530,해태제과식품,9271,+12650,45.02,281,2.6,1.28,13.78,9899,8015,189,75,3683
102110,TIGER 200,863686,+29575,0.00,0,,0.00,,0,,,,26174
102260,동성코퍼레이션,73559,+5870,26.32,223,3.3,0.90,16.69,6505,8273,37,-59,2668
102280,쌍방울,457955,+1170,1.05,1111,60.3,0.50,,2338,1096,-216,1434,1511
102460,이연제약,43654,+21150,26.40,801,6.3,1.51,16.32,13985,1263,167,134,3547
102780,KODEX 삼성그룹,235020,+6905,0.00,0,,0.00,,0,,,,11179
102960,KODEX 기계장비,13387,-5290,0.00,0,,0.00,,0,,,,101
102970,KODEX 증권,127979,+6470,0.00,0,,0.00,,0,,,,1068
103130,웅진에너지,132349,-2970,54.00,55,1.4,0.69,12.41,4280,2431,38,14,882
103140,풍산,139851,-32400,6.03,5375,11.9,0.69,5.35,46640,29450,2411,1507,9080
103590,일진전기,76946,-4470,0.00,0,-0.7,0.52,16.96,8575,7620,60,-21,1657
104520,KOSEF 블루칩,208825,+8385,0.00,0,,0.00,,0,,,,151
104530,KOSEF 고배당,2120,-8005,0.00,0,,0.00,,0,,,,136
104700,한국철강,15597,+6400,0.00,0,-5.8,0.41,-0.81,15598,7389,461,-434,2947
105010,TIGER 라틴35,3467,-3510,0.00,0,,0.00,,0,,,,46
105190,KINDEX 200,521631,+29735,0.00,0,,0.00,,0,,,,7657
105560,KB금융,588998,+51600,6.21,8305,10.2,0.63,,81411,113825,40153,33435,215746
105630,한세실업,158914,-18350,16.68,1100,9.3,1.54,10.20,11892,17113,565,461,7340
105780,KBSTAR 5대그룹주,46,+5635,0.00,0,,0.00,,0,,,,135
105840,우진,127186,-5230,0.00,0,-14.1,0.79,,6628,983,-28,-155,908
107590,미원홀딩스,384,+42500,11.91,3569,7.5,0.81,6.57,52436,1176,92,127,991
108450,KINDEX 삼성그룹섹터가중,8367,+10200,0.00,0,,0.00,,0,,,,377
108590,TREX 200,52,+29780,0.00,0,,0.00,,0,,,,238
108670,LG하우시스,20881,-66300,9.76,6794,7.1,0.67,6.00,98558,32565,1330,679,5946
108675,LG하우시스우,1029,+36600,0.00,0,,0.00,,0,,,,378
109070,컨버즈,439391,-9410,0.00,0,-129.1,14.00,,672,907,-166,-182,1090
111110,호전실업,2952,13200,24.86,531,4.3,0.94,7.77,14017,3284,151,44,1056
111770,영원무역,89309,+34800,14.05,2477,8.8,1.25,6.22,27747,20093,1811,947,15420
112610,씨에스윈드,45245,+29300,11.90,2462,13.0,1.68,9.73,17454,3122,354,390,5065
114090,GKL,159309,-24400,18.74,1302,15.3,2.84,7.74,8602,5013,1082,805,15093
114100,KBSTAR 국고채3년,1026,111170,0.00,0,,0.00,,0,,,,400
114260,KODEX 국고채3년,1050,+55570,0.00,0,,0.00,,0,,,,567
114460,KINDEX 중기국고채,3,+105685,0.00,0,,0.00,,0,,,,285
114470,KOSEF 국고채3년,194,+110730,0.00,0,,0.00,,0,,,,399
114800,KODEX 인버스,4410227,-6530,0.00,0,,0.00,,0,,,,6092
114820,TIGER 국채3년,67,+109505,0.00,0,,0.00,,0,,,,361
115390,락앤락,86174,-17300,26.86,644,5.3,1.49,11.46,11609,4174,516,349,9515
117460,KODEX 에너지화학,2949,+12490,0.00,0,,0.00,,0,,,,122
117580,대성에너지,6523,+5860,10.85,540,5.0,0.54,4.04,10916,7660,199,149,1612
117680,KODEX 철강,1016,+8380,0.00,0,,0.00,,0,,,,135
117690,TIGER 차이나항셍25,923,+17200,0.00,0,,0.00,,0,,,,77
117700,KODEX 건설,157134,+3355,0.00,0,,0.00,,0,,,,292
118000,우리들휴브레인,714177,+3545,0.00,0,-18.2,4.13,,859,369,-46,-29,861
119650,KC코트렐,8096,-3870,7.49,517,9.3,0.66,8.01,5861,1685,35,69,503
120030,조선선재,3238,+90700,6.96,13029,16.6,1.17,1.98,77519,660,177,154,1141
120110,코오롱인더,110720,-65400,13.54,4830,6.5,0.85,9.05,76824,46070,1980,1227,16838
120115,코오롱인더우,4243,+27800,0.00,0,,0.00,,0,,,,769
122090,ARIRANG 코스피50,14476,+19785,0.00,0,,0.00,,0,,,,748
122260,KOSEF 통안채1년,661,+101970,0.00,0,,0.00,,0,,,,337
122630,KODEX 레버리지,7331080,+14370,0.00,0,,0.00,,0,,,,27389
122900,아이마켓코리아,94020,-6960,31.49,221,2.0,0.66,-0.24,10532,30805,340,157,2502
123310,TIGER 인버스,14490,-7100,0.00,0,,0.00,,0,,,,426
123320,TIGER 레버리지,86632,+13230,0.00,0,,0.00,,0,,,,304
123690,한국화장품,464947,+14500,57.77,251,7.0,3.93,17.91,3691,1513,76,40,2330
123700,SJM,26567,+3760,10.36,363,3.6,0.37,1.38,10282,1631,84,57,587
123890,한국자산신탁,104076,+5340,4.34,1230,27.1,1.07,,4989,2225,1668,1267,5486
126560,현대에이치씨엔,53968,-4110,10.41,395,6.7,0.69,1.62,5928,2902,493,435,4639
128820,대성산업,82857,-5100,0.60,8533,73.0,0.54,115.68,9513,9003,-120,2231,2307
128940,한미약품,52473,+461000,85.74,5377,8.8,7.37,47.08,62534,9166,822,690,52488
129260,인터지스,10273,+2880,13.52,213,2.9,0.39,10.17,7430,5020,149,59,857
130660,한전산업,34421,+3530,8.25,428,20.4,1.61,4.91,2188,3380,187,139,1151
130680,TIGER 원유선물Enhanced(H),100829,+5235,0.00,0,,0.00,,0,,,,644
130730,KOSEF 단기자금,2103,101800,0.00,0,,0.00,,0,,,,671
131890,KINDEX 삼성그룹동일가중,37,+13565,0.00,0,,0.00,,0,,,,68
132030,KODEX 골드선물(H),42840,-8755,0.00,0,,0.00,,0,,,,560
133690,TIGER 미국나스닥100,18437,-37770,0.00,0,,0.00,,0,,,,491
133820,화인베스틸,55963,-2520,70.00,36,1.1,0.78,12.16,3214,1274,47,11,745
134380,미원화학,1033,-43400,6.93,6265,15.8,1.14,4.80,38134,1511,136,136,948
134790,시디즈,953,+51200,278.26,184,1.4,4.70,,10886,125,-2,3,1024
136340,KBSTAR 중기우량회사채,486,+102965,0.00,0,,0.00,,0,,,,525
136490,선진,30670,+13200,4.26,3102,21.0,0.97,7.38,13568,8167,547,556,3139
137610,TIGER 농산물선물Enhanced(H),16003,-4950,0.00,0,,0.00,,0,,,,446
137930,마이다스 200커버드콜5%OTM,8,+12985,0.00,0,,0.00,,0,,,,208
138040,메리츠금융지주,85626,-12150,4.68,2596,19.4,0.84,,14400,12356,10037,7557,17037
138230,KOSEF 미국달러선물,52612,-11540,0.00,0,,0.00,,0,,,,657
138250,엔에스쇼핑,52612,+12300,7.39,1664,13.9,0.99,6.16,12372,4768,800,552,4145
138490,코오롱플라스틱,19133,-6850,14.86,461,9.5,1.34,10.17,5114,2622,196,175,2603
138520,TIGER 삼성그룹펀더멘털,1,+9055,0.00,0,,0.00,,0,,,,54
138530,TIGER LG그룹+펀더멘털,1888,+7940,0.00,0,,0.00,,0,,,,57
138540,TIGER 현대차그룹+펀더멘털,700,-16495,0.00,0,,0.00,,0,,,,69
138910,KODEX 구리선물(H),2912,+5385,0.00,0,,0.00,,0,,,,43
138920,KODEX 콩선물(H),27962,-8610,0.00,0,,0.00,,0,,,,86
138930,BNK금융지주,400033,+8220,6.85,1200,5.8,0.38,,21653,33534,5943,4250,26792
139130,DGB금융지주,375239,+10100,5.65,1787,8.0,0.44,,23088,18239,4092,3163,17084
139220,TIGER 200 건설,47023,+3040,0.00,0,,0.00,,0,,,,311
139230,TIGER 200 중공업,35997,-3195,0.00,0,,0.00,,0,,,,102
139240,TIGER 200 철강소재,9298,-8625,0.00,0,,0.00,,0,,,,109
139250,TIGER 200 에너지화학,492,+14100,0.00,0,,0.00,,0,,,,164
139260,TIGER 200 IT,52788,+21970,0.00,0,,0.00,,0,,,,2553
139270,TIGER 200 금융,1535,+7545,0.00,0,,0.00,,0,,,,44
139280,TIGER 경기방어,11041,+12315,0.00,0,,0.00,,0,,,,2064
139290,TIGER 200 경기소비재,478,-14290,0.00,0,,0.00,,0,,,,74
139310,TIGER 금속선물(H),105,-5375,0.00,0,,0.00,,0,,,,32
139320,TIGER 금은선물(H),164,+6930,0.00,0,,0.00,,0,,,,42
139480,이마트,48096,+210500,9.74,21621,7.7,0.71,8.77,295657,158767,5669,6279,58679
139660,KOSEF 미국달러선물인버스,27,+11060,0.00,0,,0.00,,0,,,,117
140570,KBSTAR 수출주,25,+9450,0.00,0,,0.00,,0,,,,66
140580,KBSTAR 우량업종,12,+11105,0.00,0,,0.00,,0,,,,56
140700,KODEX 보험,4133,-8030,0.00,0,,0.00,,0,,,,120
140710,KODEX 운송,3253,+2760,0.00,0,,0.00,,0,,,,33
140890,트러스제7호,280,2875,0.00,0,0.6,0.00,37.58,0,32,14,3,278
140910,에이리츠,7470,+4970,0.00,0,-3.6,0.00,,0,5,-12,-9,183
140950,파워 코스피100,43,+22730,0.00,0,,0.00,,0,,,,173
141240,ARIRANG 코스피100동일가중,75,+9925,0.00,0,,0.00,,0,,,,69
143210,핸즈코퍼레이션,14656,+8030,7.51,1069,7.5,0.54,4.76,14783,6131,319,232,1756
143460,KINDEX 밸류대형,13915,+7210,0.00,0,,0.00,,0,,,,101
143850,TIGER 미국S&P500선물(H),7224,33865,0.00,0,,0.00,,0,,,,1219
143860,TIGER 헬스케어,25820,+39995,0.00,0,,0.00,,0,,,,1560
144600,KODEX 은선물(H),30731,-3355,0.00,0,,0.00,,0,,,,235
144620,코오롱머티리얼,103598,+3125,0.00,0,-36.4,1.09,,2865,3545,-448,-572,1406
145210,세화아이엠씨,0,2990,0.00,0,-13.8,0.70,,4276,1663,-178,-188,879
145270,케이탑리츠,21187,-897,0.00,0,4.2,0.00,18.80,0,86,50,25,397
145670,KINDEX 인버스,1715,-7920,0.00,0,,0.00,,0,,,,63
145720,덴티움,8074,-93500,25.37,3686,26.1,6.39,23.43,14622,1506,411,303,10349
145850,TREX 펀더멘탈 200,1,+30050,0.00,0,,0.00,,0,,,,75
145990,삼양사,11232,+72500,20.46,3543,3.3,0.71,7.19,101548,20412,889,492,7460
145995,삼양사우,38,-42500,0.00,0,,0.00,,0,,,,157
147970,TIGER 모멘텀,2163,+24230,0.00,0,,0.00,,0,,,,141
148020,KBSTAR 200,1392913,+29670,0.00,0,,0.00,,0,,,,13173
148070,KOSEF 국고채10년,129,+118840,0.00,0,,0.00,,0,,,,261
150460,TIGER 중국소비테마,13682,+8040,0.00,0,,0.00,,0,,,,2480
152100,ARIRANG 200,164170,+29695,0.00,0,,0.00,,0,,,,8448
152180,TIGER 생활필수품,1526,-13935,0.00,0,,0.00,,0,,,,95
152280,KOSEF 200 선물,152,+12885,0.00,0,,0.00,,0,,,,236
152330,코리아오토글라스,29845,+12350,5.52,2238,15.0,0.78,2.69,15910,4721,525,448,2470
152380,KODEX 국채선물10년,558,+65895,0.00,0,,0.00,,0,,,,67
152500,KINDEX 레버리지,26463,+5570,0.00,0,,0.00,,0,,,,150
152550,한국ANKOR유전,7899,+1900,0.00,0,,0.00,,0,,,,1330
152870,파워 200,46,+30030,0.00,0,,0.00,,0,,,,2508
153130,KODEX 단기채권,8921,-101150,0.00,0,,0.00,,0,,,,12304
153270,KOSEF 코스피100,292,+22630,0.00,0,,0.00,,0,,,,86
153360,하이골드3호,6499,1775,0.00,0,-24.8,0.00,13.28,0,88,-0,-95,287
155660,DSR,36959,-4345,6.28,692,8.2,0.50,5.31,8721,2264,139,110,695
155900,바다로19호,1212,2800,0.00,0,-9.5,0.00,8.09,0,62,26,-45,426
156080,KODEX MSCI Korea,6,+13650,0.00,0,,0.00,,0,,,,969
157450,TIGER 단기통안채,231,+101035,0.00,0,,0.00,,0,,,,8000
157490,TIGER 소프트웨어,1420,+8020,0.00,0,,0.00,,0,,,,277
157500,TIGER 증권,2252,+3805,0.00,0,,0.00,,0,,,,95
157510,TIGER 자동차,53,11965,0.00,0,,0.00,,0,,,,65
157520,TIGER 화학,193,+11245,0.00,0,,0.00,,0,,,,58
159650,하이골드8호,10218,1175,0.00,0,-47.0,0.00,,0,39,-20,-185,175
159800,마이티 코스피100,0,+22330,0.00,0,,0.00,,0,,,,89
160580,TIGER 구리실물,312,+6390,0.00,0,,0.00,,0,,,,75
161000,애경유화,79561,+11050,5.38,2054,23.2,1.16,3.50,9495,9598,751,647,3540
161390,한국타이어,198132,+44900,9.28,4837,9.7,0.87,5.08,51331,68129,7934,6065,55620
161510,ARIRANG 고배당주,26087,+12425,0.00,0,,0.00,,0,,,,2848
161890,한국콜마,75339,+73200,32.68,2240,16.4,5.06,20.32,14458,8216,670,486,16358
163560,동일고무벨트,18080,+7140,84.00,85,0.6,0.52,8.56,13616,2598,67,11,928
166400,TIGER 200커버드콜5%OTM,0,+13085,0.00,0,,0.00,,0,,,,92
167860,KOSEF 국고채10년레버리지,106,-124260,0.00,0,,0.00,,0,,,,75
168300,KTOP 코스피50,244,+20165,0.00,0,,0.00,,0,,,,206
168490,한국패러랠,18531,+2620,0.00,0,,0.00,,0,,,,2097
168580,KINDEX 중국본토CSI300,3391,+18825,0.00,0,,0.00,,0,,,,1864
169950,KODEX 중국본토 A50,1758,+14190,0.00,0,,0.00,,0,,,,639
170350,TIGER 베타플러스,1,+13360,0.00,0,,0.00,,0,,,,142
170900,동아에스티,30918,+99500,0.00,0,-0.9,1.45,18.14,68830,5550,239,-54,8402
172580,하이골드12호,31285,2945,0.00,0,-39.1,0.00,12.53,0,82,8,-171,384
174350,TIGER 로우볼,17718,+12370,0.00,0,,0.00,,0,,,,166
174360,KBSTAR 중국본토대형주CSI100,2061,+13415,0.00,0,,0.00,,0,,,,389
175330,JB금융지주,111575,-6100,5.05,1207,7.9,0.39,,15630,17741,3480,2644,9482
176710,파워 중기국고채,0,101315,0.00,0,,0.00,,0,,,,61
176950,KODEX 국채선물10년인버스,274,-48140,0.00,0,,0.00,,0,,,,2571
180640,한진칼,444112,+18550,4.99,3717,17.6,0.73,6.95,25481,11497,1153,2291,10976
18064K,한진칼우,1217,+12100,0.00,0,,0.00,,0,,,,65
181480,KINDEX 미국다우존스리츠(합성 H),6,-72090,0.00,0,,0.00,,0,,,,72
181710,NHN엔터테인먼트,60466,+61600,71.30,864,1.1,0.80,10.39,77006,9091,347,87,12052
182480,TIGER 미국MSCI리츠(합성 H),475,-12970,0.00,0,,0.00,,0,,,,454
182490,TIGER 단기선진하이일드(합성 H),706,+11325,0.00,0,,0.00,,0,,,,430
183190,아세아시멘트,8468,-132000,8.02,16465,8.2,0.64,5.32,206559,4612,532,554,5142
183700,KBSTAR 채권혼합,590,+55670,0.00,0,,0.00,,0,,,,167
183710,KBSTAR 주식혼합,5,+33910,0.00,0,,0.00,,0,,,,136
185680,KODEX 미국S&P바이오(합성),1254,-23930,0.00,0,,0.00,,0,,,,71
185750,종근당,18124,+104500,19.12,5465,14.2,2.56,10.92,40781,8844,778,537,10324
189400,ARIRANG 글로벌MSCI(합성 H),666,-13210,0.00,0,,0.00,,0,,,,67
190150,ARIRANG 바벨 채권,0,+112545,0.00,0,,0.00,,0,,,,135
190160,ARIRANG 단기유동성,2,108735,0.00,0,,0.00,,0,,,,384
190620,KINDEX 단기통안채,529,+101155,0.00,0,,0.00,,0,,,,1247
192090,TIGER 차이나CSI300,99359,-7350,0.00,0,,0.00,,0,,,,1397
192400,쿠쿠홀딩스,6326,+172000,3.02,57026,97.0,2.56,10.90,67311,4502,647,4520,12233
192530,광주은행,11598,-11250,4.47,2515,8.8,0.36,,30828,8021,1813,1342,5773
192720,파워 고배당저변동성,323,+28660,0.00,0,,0.00,,0,,,,172
192820,코스맥스,52239,148500,79.12,1877,8.8,6.84,33.48,21704,8840,351,155,14924
194370,제이에스코퍼레이션,37501,+15050,33.30,452,3.7,1.28,8.43,11721,2363,152,58,2007
195870,해성디에스,79237,+17950,12.73,1410,14.0,1.69,8.28,10644,3251,339,239,3052
195920,TIGER 일본TOPIX(합성 H),113562,+14205,0.00,0,,0.00,,0,,,,327
195930,TIGER 유로스탁스50(합성 H),1201,+11325,0.00,0,,0.00,,0,,,,362
195970,ARIRANG 선진국MSCI(합성 H),9,-10430,0.00,0,,0.00,,0,,,,56
195980,ARIRANG 신흥국MSCI(합성 H),1586,-10525,0.00,0,,0.00,,0,,,,248
196030,KINDEX 일본TOPIX레버리지(H),2910,+16720,0.00,0,,0.00,,0,,,,84
196220,KBSTAR 일본TOPIX레버리지(H),296,+16190,0.00,0,,0.00,,0,,,,81
196230,KBSTAR 단기통안채,34,104020,0.00,0,,0.00,,0,,,,3339
200020,KODEX 미국S&P IT(합성),220,+20970,0.00,0,,0.00,,0,,,,114
200030,KODEX 미국S&P산업재(합성),2728,-14970,0.00,0,,0.00,,0,,,,98
200040,KODEX 미국S&P금융(합성),59,-16365,0.00,0,,0.00,,0,,,,61
200050,KODEX 독일MSCI(합성),178,-10370,0.00,0,,0.00,,0,,,,42
200250,KOSEF 인도Nifty50(합성),4362,+13355,0.00,0,,0.00,,0,,,,140
200880,서연이화,41478,+6080,4.81,1264,5.1,0.25,4.92,24673,20075,-122,304,1643
203780,TIGER 미국나스닥바이오,1931,-15285,0.00,0,,0.00,,0,,,,107
204210,모두투어리츠,1636,3430,0.00,0,1.4,0.00,19.82,0,42,18,6,268
204320,만도,210231,+36450,357.35,102,0.3,1.27,8.81,28786,56847,835,183,17116
204420,ARIRANG 차이나H 레버리지(합성 H),674,+7005,0.00,0,,0.00,,0,,,,81
204450,KODEX China H 레버리지(H),43521,+8090,0.00,0,,0.00,,0,,,,453
204480,TIGER 차이나CSI300레버리지(합성),282443,-13640,0.00,0,,0.00,,0,,,,1678
205720,KINDEX 일본TOPIX인버스(합성 H),302,-6030,0.00,0,,0.00,,0,,,,90
207940,삼성바이오로직스,135722,+458000,0.00,0,-2.4,7.62,224.19,60099,4646,660,-970,303036
208470,SMART 선진국MSCI World(합성 H),2,-13110,0.00,0,,0.00,,0,,,,144
210540,디와이파워,70580,-18700,6.76,2767,26.7,1.61,5.95,11606,3245,336,305,2065
210780,TIGER 코스피고배당,266,+11900,0.00,0,,0.00,,0,,,,104
210980,SK디앤디,9470,-32200,9.58,3362,23.1,2.01,32.40,16007,3308,237,650,5202
211210,마이티 코스피고배당,7,-11935,0.00,0,,0.00,,0,,,,190
211260,KINDEX 배당성장,20,+31380,0.00,0,,0.00,,0,,,,63
211560,TIGER 배당성장,442,+15445,0.00,0,,0.00,,0,,,,125
211900,KODEX 배당성장,3343,+12370,0.00,0,,0.00,,0,,,,328
213500,한솔제지,275829,+21300,11.75,1813,8.8,0.97,9.16,21976,17571,675,420,5070
213610,KODEX 삼성그룹밸류,20,+7360,0.00,0,,0.00,,0,,,,346
213630,ARIRANG 미국다우존스고배당주(합성 H),317,-13175,0.00,0,,0.00,,0,,,,86
214320,이노션,21652,58400,19.00,3074,9.3,1.74,4.31,33615,11387,967,757,11680
214330,금호에이치티,60493,-6030,11.94,505,5.6,0.65,5.35,9294,1797,89,49,589
214390,경보제약,56047,+12500,16.64,751,13.3,2.11,8.91,5919,1917,246,180,2988
214420,토니모리,194738,+15100,0.00,0,-4.6,2.33,283.32,6473,2057,-19,-55,2664
214980,KODEX 단기채권PLUS,3346,+101250,0.00,0,,0.00,,0,,,,8833
215620,흥국 S&P코리아로우볼,7,-10810,0.00,0,,0.00,,0,,,,146
217770,TIGER 원유선물인버스(H),3700,-8880,0.00,0,,0.00,,0,,,,75
217780,TIGER 차이나CSI300인버스(합성),18800,-14500,0.00,0,,0.00,,0,,,,580
217790,TIGER 가격조정,62,+26170,0.00,0,,0.00,,0,,,,204
218420,KODEX 미국S&P에너지(합성),55,-9330,0.00,0,,0.00,,0,,,,93
219390,KBSTAR 미국S&P원유생산기업(합성 H),653,+8040,0.00,0,,0.00,,0,,,,113
219480,KODEX 미국S&P500선물(H),8921,13715,0.00,0,,0.00,,0,,,,473
219900,KINDEX 중국본토CSI300레버리지(합성),76300,-2550,0.00,0,,0.00,,0,,,,171
220130,SMART 중국본토 중소형 CSI500(합성 H),867,-3720,0.00,0,,0.00,,0,,,,37
222170,ARIRANG S&P한국배당성장,51,+9820,0.00,0,,0.00,,0,,,,54
222180,ARIRANG 스마트베타 Value,12235,+10170,0.00,0,,0.00,,0,,,,92
222190,ARIRANG 스마트베타 Momentum,72,+8945,0.00,0,,0.00,,0,,,,45
222200,ARIRANG 스마트베타 Quality,71,+9500,0.00,0,,0.00,,0,,,,57
223190,KODEX 200가치저변동,110225,+8550,0.00,0,,0.00,,0,,,,650
225030,TIGER 미국S&P500선물인버스(H),3170,-6805,0.00,0,,0.00,,0,,,,92
225040,TIGER 미국S&P500레버리지(합성 H),7435,+17040,0.00,0,,0.00,,0,,,,170
225050,TIGER 유로스탁스레버리지(합성 H),964,+8310,0.00,0,,0.00,,0,,,,83
225060,TIGER 이머징마켓MSCI레버리지(합성 H),286,-11465,0.00,0,,0.00,,0,,,,115
225130,KINDEX 골드선물 레버리지(합성 H),16851,-9775,0.00,0,,0.00,,0,,,,215
225800,KOSEF 미국달러선물 레버리지(합성),489981,-8585,0.00,0,,0.00,,0,,,,828
226320,잇츠한불,36223,+44400,23.99,1851,8.4,2.23,12.35,19940,2457,454,420,9737
226380,KINDEX 한류,1801,+7115,0.00,0,,0.00,,0,,,,57
226490,KODEX 코스피,75536,+23010,0.00,0,,0.00,,0,,,,3544
226810,파워 단기채,0,104510,0.00,0,,0.00,,0,,,,274
226980,KODEX 200 중소형,1147,+10495,0.00,0,,0.00,,0,,,,1091
227540,TIGER 200 헬스케어,6657,+22585,0.00,0,,0.00,,0,,,,113
227550,TIGER 200 산업재,20020,+5010,0.00,0,,0.00,,0,,,,73
227560,TIGER 200 생활소비재,20206,+12280,0.00,0,,0.00,,0,,,,93
227570,TIGER 우량가치,2412,+12160,0.00,0,,0.00,,0,,,,135
227830,ARIRANG 코스피,20686,+23265,0.00,0,,0.00,,0,,,,954
227840,현대코퍼레이션홀딩스,37124,+28750,21.49,1338,6.6,1.47,22.74,19568,1452,87,120,2616
228790,TIGER 화장품,67223,+4375,0.00,0,,0.00,,0,,,,113
228800,TIGER 여행레저,7623,+4120,0.00,0,,0.00,,0,,,,49
228810,TIGER 미디어컨텐츠,108125,+7645,0.00,0,,0.00,,0,,,,69
228820,TIGER KTOP30,85,+7395,0.00,0,,0.00,,0,,,,67
229200,KODEX 코스닥 150,2180534,+13415,0.00,0,,0.00,,0,,,,8451
229640,LS전선아시아,39945,-6470,15.44,419,10.7,1.69,8.05,3825,4037,198,143,1981
229720,KODEX KTOP30,279,+14990,0.00,0,,0.00,,0,,,,210
230480,KOSEF 미국달러선물 인버스2X(합성),340019,+9835,0.00,0,,0.00,,0,,,,282
232080,TIGER 코스닥150,691844,+13465,0.00,0,,0.00,,0,,,,5399
232590,KINDEX 골드선물 인버스2X(합성 H),4152,+7250,0.00,0,,0.00,,0,,,,80
233160,TIGER 코스닥150 레버리지,468818,+16895,0.00,0,,0.00,,0,,,,1242
233740,KODEX 코스닥150 레버리지,15227880,+16130,0.00,0,,0.00,,0,,,,12920
234080,JW생명과학,57091,+24800,23.40,1060,17.5,3.85,12.97,6448,1436,238,168,3927
234310,KBSTAR V&S셀렉트밸류,70,+10825,0.00,0,,0.00,,0,,,,76
236350,TIGER 인도니프티50레버리지(합성),2160,-16140,0.00,0,,0.00,,0,,,,161
236460,ARIRANG 스마트베타 LowVOL,2310,+10025,0.00,0,,0.00,,0,,,,55
237350,KODEX 코스피100,2144,+22395,0.00,0,,0.00,,0,,,,123
237370,KODEX 배당성장채권혼합,1419,+10655,0.00,0,,0.00,,0,,,,192
237440,TIGER 경기방어채권혼합,615,+9825,0.00,0,,0.00,,0,,,,157
238670,ARIRANG 스마트베타Quality채권혼합,59,+10140,0.00,0,,0.00,,0,,,,61
238720,KINDEX 일본Nikkei225(H),1347,+14385,0.00,0,,0.00,,0,,,,86
239660,ARIRANG 우량회사채50 1년,6,-104005,0.00,0,,0.00,,0,,,,458
241180,TIGER 일본니케이225,706,+13545,0.00,0,,0.00,,0,,,,135
241390,KBSTAR V&S셀렉트밸류채권혼합,435,+10295,0.00,0,,0.00,,0,,,,62
241560,두산밥캣,128801,-34850,12.79,2725,8.1,1.02,8.83,34190,33892,3945,2738,34937
241590,화승엔터프라이즈,245779,13600,18.21,747,18.4,3.19,11.45,4262,7682,585,416,8233
243880,TIGER 200IT레버리지,22551,+26280,0.00,0,,0.00,,0,,,,329
243890,TIGER 200에너지화학레버리지,19179,+12525,0.00,0,,0.00,,0,,,,175
244580,KODEX 바이오,17301,+12005,0.00,0,,0.00,,0,,,,115
244620,KODEX 모멘텀Plus,49847,+11635,0.00,0,,0.00,,0,,,,268
244660,KODEX 퀄리티Plus,65901,+10955,0.00,0,,0.00,,0,,,,340
244670,KODEX 밸류Plus,39096,+9885,0.00,0,,0.00,,0,,,,188
244820,ARIRANG 스마트베타4종결합,50,+10005,0.00,0,,0.00,,0,,,,55
245340,TIGER 미국다우존스30,1744,-14690,0.00,0,,0.00,,0,,,,235
245350,TIGER 유로스탁스배당30,1528,-12480,0.00,0,,0.00,,0,,,,125
245360,TIGER 차이나HSCEI,883,-12960,0.00,0,,0.00,,0,,,,791
245710,KINDEX 베트남VN30(합성),44450,+13955,0.00,0,,0.00,,0,,,,1716
247780,KODEX 가치투자,31262,+11315,0.00,0,,0.00,,0,,,,102
247790,KODEX 성장투자,10508,-10655,0.00,0,,0.00,,0,,,,96
247800,KODEX 턴어라운드투자,12319,+11575,0.00,0,,0.00,,0,,,,116
248170,샘표식품,12367,+32900,13.07,2518,10.5,1.31,5.60,25185,2747,203,115,1503
248260,TIGER 일본TOPIX헬스케어(합성),9,+10590,0.00,0,,0.00,,0,,,,106
248270,TIGER S&P글로벌헬스케어(합성),1005,-12010,0.00,0,,0.00,,0,,,,120
249420,일동제약,53979,+24000,26.06,921,7.2,1.81,13.89,13228,4607,254,198,5182
250730,KBSTAR 차이나HSCEI(H),388,-12175,0.00,0,,0.00,,0,,,,97
250780,TIGER 코스닥150선물인버스,576170,-6645,0.00,0,,0.00,,0,,,,253
251270,넷마블,153401,+123500,31.60,3908,11.2,2.43,13.88,50919,24248,5098,3609,105240
251340,KODEX 코스닥150선물인버스,19035086,-6550,0.00,0,,0.00,,0,,,,2948
251350,KODEX 선진국MSCI World,8167,-13070,0.00,0,,0.00,,0,,,,2640
251590,ARIRANG 고배당저변동50,5252,+10670,0.00,0,,0.00,,0,,,,229
251600,ARIRANG 고배당주채권혼합,2679,+10470,0.00,0,,0.00,,0,,,,147
251890,KINDEX 코스닥(합성),8,+11660,0.00,0,,0.00,,0,,,,70
252000,TIGER 200동일가중,312708,+10380,0.00,0,,0.00,,0,,,,804
252400,KBSTAR 200선물레버리지,4232,+12975,0.00,0,,0.00,,0,,,,480
252410,KBSTAR 200선물인버스,337,-8465,0.00,0,,0.00,,0,,,,68
252420,KBSTAR 200선물인버스2X,145915,-6845,0.00,0,,0.00,,0,,,,602
252650,KODEX 200동일가중,186,+10380,0.00,0,,0.00,,0,,,,187
252670,KODEX 200선물인버스2X,8535920,-6820,0.00,0,,0.00,,0,,,,3321
252710,TIGER 200선물인버스2X,1147481,-6925,0.00,0,,0.00,,0,,,,1025
252720,KBSTAR 모멘텀밸류,33753,+11885,0.00,0,,0.00,,0,,,,428
252730,KBSTAR 모멘텀로우볼,32153,+11840,0.00,0,,0.00,,0,,,,474
253150,ARIRANG 200선물레버리지,2412,+25845,0.00,0,,0.00,,0,,,,90
253160,ARIRANG 200선물인버스2X,1418,-13660,0.00,0,,0.00,,0,,,,41
253230,KOSEF 200선물인버스2X,28631,-6845,0.00,0,,0.00,,0,,,,113
253240,KOSEF 200선물인버스,272,-8470,0.00,0,,0.00,,0,,,,82
253250,KOSEF 200선물레버리지,9515,+12985,0.00,0,,0.00,,0,,,,284
253280,KBSTAR 헬스케어,150,+12820,0.00,0,,0.00,,0,,,,128
253290,KBSTAR 헬스케어채권혼합,432,+10995,0.00,0,,0.00,,0,,,,88
253990,TIGER 대만TAIEX선물(H),4,12790,0.00,0,,0.00,,0,,,,102
256440,KINDEX 인도네시아MSCI(합성),2486,+8895,0.00,0,,0.00,,0,,,,222
256450,ARIRANG 심천차이넥스트(합성),13,+6295,0.00,0,,0.00,,0,,,,38
256750,KODEX 심천ChiNext(합성),3773,-6315,0.00,0,,0.00,,0,,,,51
260200,KOSEF 배당바이백Plus,17106,+14675,0.00,0,,0.00,,0,,,,117
260270,KOSEF 저PBR가중,141,+13885,0.00,0,,0.00,,0,,,,118
261060,TIGER 코스닥150IT,8793,+12460,0.00,0,,0.00,,0,,,,105
261070,TIGER 코스닥150바이오테크,20545,+13180,0.00,0,,0.00,,0,,,,87
261110,TIGER 미국달러선물레버리지,6307,-8795,0.00,0,,0.00,,0,,,,132
261120,TIGER 미국달러선물인버스2X,103,-10965,0.00,0,,0.00,,0,,,,143
261140,TIGER 우선주,917,+10300,0.00,0,,0.00,,0,,,,262
261220,KODEX WTI원유선물(H),12493,+24530,0.00,0,,0.00,,0,,,,92
261240,KODEX 미국달러선물,6413,-9540,0.00,0,,0.00,,0,,,,196
261250,KODEX 미국달러선물레버리지,206878,-8790,0.00,0,,0.00,,0,,,,363
261260,KODEX 미국달러선물인버스2X,3519,+11075,0.00,0,,0.00,,0,,,,72
261270,KODEX 미국달러선물인버스,1142,+10620,0.00,0,,0.00,,0,,,,42
261920,KINDEX 필리핀MSCI(합성),3533,-14500,0.00,0,,0.00,,0,,,,58
263190,ARIRANG 단기우량채권,2469,-51335,0.00,0,,0.00,,0,,,,277
264900,크라운제과,7005,+12650,12.31,1028,,1.39,8.68,9083,3443,211,137,1584
26490K,크라운제과우,1340,-8900,0.00,0,,0.00,,0,,,,69
265690,KINDEX 러시아MSCI(합성),3714,-20205,0.00,0,,0.00,,0,,,,111
266140,TIGER 지속배당,102,+13860,0.00,0,,0.00,,0,,,,58
266160,KBSTAR 고배당,50037,+10420,0.00,0,,0.00,,0,,,,641
266360,KODEX IT소프트웨어,363,+11650,0.00,0,,0.00,,0,,,,82
266370,KODEX IT하드웨어,80,+13100,0.00,0,,0.00,,0,,,,92
266390,KODEX 경기소비재,20,+11650,0.00,0,,0.00,,0,,,,105
266410,KODEX 필수소비재,2069,-10185,0.00,0,,0.00,,0,,,,509
266420,KODEX 헬스케어,4419,+17610,0.00,0,,0.00,,0,,,,123
266550,ARIRANG 중형주저변동50,5105,+9955,0.00,0,,0.00,,0,,,,224
267250,현대중공업지주,52465,-378500,5.09,74312,,0.82,9.77,459750,142995,8430,10130,61645
267260,현대일렉트릭,18031,+63900,18.91,3379,,0.63,9.81,101885,14496,624,143,6521
267270,현대건설기계,42614,-122000,10.99,11098,,1.03,10.85,118638,18867,952,466,12049
267290,경동도시가스,5311,+44050,11.68,3771,,0.71,2.94,62295,8715,217,178,2078
267300,TIGER 코스닥150로우볼,3912,+12750,0.00,0,,0.00,,0,,,,56
267440,KBSTAR 미국장기국채선물(H),263,-9860,0.00,0,,0.00,,0,,,,59
267450,KBSTAR 미국장기국채선물인버스(H),100,+10050,0.00,0,,0.00,,0,,,,60
267490,KBSTAR 미국장기국채선물레버리지(합성 H),18,9525,0.00,0,,0.00,,0,,,,67
267500,KBSTAR 미국장기국채선물인버스2X(합성 H),5638,+10035,0.00,0,,0.00,,0,,,,70
267770,TIGER 200선물레버리지,296681,+10790,0.00,0,,0.00,,0,,,,1349
268280,미원에스씨,937,-66000,19.87,3321,,1.85,10.97,35770,2083,218,172,3435
269370,TIGER S&P글로벌인프라(합성),0,9965,0.00,0,,0.00,,0,,,,100
269420,KODEX S&P글로벌인프라(합성),964,-10255,0.00,0,,0.00,,0,,,,103
269530,ARIRANG S&P글로벌인프라,107,-10190,0.00,0,,0.00,,0,,,,66
269540,ARIRANG 미국S&P500(H),1166,-11925,0.00,0,,0.00,,0,,,,167
270800,KBSTAR KQ고배당,17556,+11790,0.00,0,,0.00,,0,,,,825
270810,KBSTAR 코스닥150,56142,+13350,0.00,0,,0.00,,0,,,,3091
271050,KODEX WTI원유선물인버스(H),22494,-12505,0.00,0,,0.00,,0,,,,63
271060,KODEX 3대농산물선물(H),3686,-8555,0.00,0,,0.00,,0,,,,64
271560,오리온,55862,-107000,55.96,1912,,3.23,27.00,33092,11172,1074,767,42301
271980,제일약품,15677,+38800,531.51,73,,3.20,69.78,12109,3716,50,11,5705
272220,KINDEX 스마트모멘텀,36,+12415,0.00,0,,0.00,,0,,,,62
272230,KINDEX 스마트밸류,21735,+11170,0.00,0,,0.00,,0,,,,112
272450,진에어,267213,+21300,7.83,2722,47.8,2.76,2.91,7727,8884,969,741,6390
272550,삼양패키징,33633,-19150,9.74,1966,12.1,1.11,6.61,17296,3334,427,279,2721
272560,KBSTAR 단기국공채액티브,27,+101465,0.00,0,,0.00,,0,,,,906
272570,KBSTAR 중장기국공채액티브,5,+102015,0.00,0,,0.00,,0,,,,495
272580,TIGER 단기채권액티브,933,+50615,0.00,0,,0.00,,0,,,,4808
272910,KINDEX 중장기국공채액티브,137,99750,0.00,0,,0.00,,0,,,,636
273130,KODEX 종합채권(AA-이상)액티브,2244,+102100,0.00,0,,0.00,,0,,,,5376
273140,KODEX 단기변동금리부채권액티브,190,+101125,0.00,0,,0.00,,0,,,,1823
275280,KODEX MSCI모멘텀,43039,+9950,0.00,0,,0.00,,0,,,,100
275290,KODEX MSCI밸류,58049,-9150,0.00,0,,0.00,,0,,,,238
275300,KODEX MSCI퀄리티,23339,-9235,0.00,0,,0.00,,0,,,,102
275540,파워 스마트밸류,13869,+14015,0.00,0,,0.00,,0,,,,175
275750,KBSTAR 코스닥150선물인버스,150197,-6850,0.00,0,,0.00,,0,,,,62
275980,TIGER 글로벌4차산업혁신기술(합성 H),109278,-11525,0.00,0,,0.00,,0,,,,2881
276000,TIGER 글로벌자원생산기업(합성 H),16,+11050,0.00,0,,0.00,,0,,,,111
276650,KBSTAR 글로벌4차산업IT(합성 H),1021,+12270,0.00,0,,0.00,,0,,,,61
276970,KODEX 미국S&P고배당커버드콜(합성 H),18103,-10020,0.00,0,,0.00,,0,,,,230
276990,KODEX 글로벌4차산업로보틱스(합성),7402,-11195,0.00,0,,0.00,,0,,,,151
277540,KINDEX S&P아시아TOP50,1209,-10300,0.00,0,,0.00,,0,,,,680
277630,TIGER 코스피,59118,+22940,0.00,0,,0.00,,0,,,,2019
277640,TIGER 코스피대형주,4229,+10995,0.00,0,,0.00,,0,,,,55
277650,TIGER 코스피중형주,53849,+13295,0.00,0,,0.00,,0,,,,1316
278240,KBSTAR 코스닥150선물레버리지,199027,+15325,0.00,0,,0.00,,0,,,,2470
278420,ARIRANG ESG우수기업,1185,+9230,0.00,0,,0.00,,0,,,,198
278530,KODEX 200TR,477534,+9045,0.00,0,,0.00,,0,,,,5834
278540,KODEX MSCI Korea TR,3351362,+8910,0.00,0,,0.00,,0,,,,6112
278620,ARIRANG 단기채권액티브,1143,+101865,0.00,0,,0.00,,0,,,,769
279530,KODEX 고배당,10682,+9165,0.00,0,,0.00,,0,,,,449
279540,KODEX 최소변동성,19,+9505,0.00,0,,0.00,,0,,,,95
280320,KINDEX 미국4차산업인터넷(합성 H),2362,+13140,0.00,0,,0.00,,0,,,,105
280360,롯데제과,2191,-157000,325.73,482,,0.80,46.00,195943,4048,84,19,6608
280920,ARIRANG 주도업종,125,+9235,0.00,0,,0.00,,0,,,,152
280930,KODEX 미국러셀2000(H),497,-11565,0.00,0,,0.00,,0,,,,58
280940,KODEX 골드선물인버스(H),34,+10925,0.00,0,,0.00,,0,,,,55
281820,케이씨텍,25846,-16550,29.40,563,,1.60,18.54,10331,751,139,112,3283
281990,KBSTAR 중소형고배당,7286,+9750,0.00,0,,0.00,,0,,,,527
282000,KBSTAR 국고채3년선물인버스,3,-99630,0.00,0,,0.00,,0,,,,5892
282330,BGF리테일,21651,159000,98.21,1619,,7.07,52.54,22486,9387,265,280,27481
282690,동아타이어,1682,13300,886.67,15,,0.56,67.41,23549,283,14,2,1826
283580,KODEX 중국본토CSI300,28551,-8350,0.00,0,,0.00,,0,,,,534
283930,KBSTAR 지주회사,3399,+8595,0.00,0,,0.00,,0,,,,90
284430,KODEX 200미국채혼합,937,+10040,0.00,0,,0.00,,0,,,,96
284740,쿠쿠홈시스,6006,-226500,450.30,503,,2.89,105.65,78341,303,50,24,10164
284980,KBSTAR 200금융,617,-9080,0.00,0,,0.00,,0,,,,49
284990,KBSTAR 200에너지화학,2592,+9330,0.00,0,,0.00,,0,,,,67
285000,KBSTAR 200IT,12,+9750,0.00,0,,0.00,,0,,,,115
285010,KBSTAR 200중공업,310,-9985,0.00,0,,0.00,,0,,,,50
285020,KBSTAR 200철강소재,2137,-8235,0.00,0,,0.00,,0,,,,49
285130,SK케미칼,63509,+81800,0.00,0,,1.53,,53425,878,-92,-99,9472
28513K,SK케미칼우,3149,+29000,0.00,0,,0.00,,0,,,,423
285690,FOCUS ESG리더스,2,+9420,0.00,0,,0.00,,0,,,,311
286940,롯데정보통신,121937,+27400,0.00,0,,0.00,42.57,0,1491,53,24,3914
287180,ARIRANG 미국나스닥기술주,406,+11375,0.00,0,,0.00,,0,,,,97
287300,KBSTAR 200건설,100,+12085,0.00,0,,0.00,,0,,,,75
287310,KBSTAR 200경기소비재,13,+8880,0.00,0,,0.00,,0,,,,50
287320,KBSTAR 200산업재,106,+9090,0.00,0,,0.00,,0,,,,53
287330,KBSTAR 200생활소비재,2839,+9260,0.00,0,,0.00,,0,,,,69
289040,KODEX MSCI KOREA ESG유니버설,9,+8800,0.00,0,,0.00,,0,,,,220
289250,TIGER MSCI KOREA ESG유니버설,0,+8675,0.00,0,,0.00,,0,,,,86
289260,TIGER MSCI KOREA ESG리더스,9,+8525,0.00,0,,0.00,,0,,,,84
289480,TIGER 200커버드콜ATM,13,+10115,0.00,0,,0.00,,0,,,,121
289670,ARIRANG 국채선물10년,1441,+52600,0.00,0,,0.00,,0,,,,53
290080,KBSTAR 200고배당커버드콜ATM,27,+9950,0.00,0,,0.00,,0,,,,70
290130,KBSTAR ESG사회책임투자,6,+9510,0.00,0,,0.00,,0,,,,67
291130,KINDEX 멕시코MSCI(합성),71,-10645,0.00,0,,0.00,,0,,,,85
291610,KOSEF 코스닥150선물,104,+8260,0.00,0,,0.00,,0,,,,178
291620,KOSEF 코스닥150선물인버스,193879,-11720,0.00,0,,0.00,,0,,,,117
291630,KOSEF 코스닥150선물레버리지,27131,+6485,0.00,0,,0.00,,0,,,,130
291660,KODEX China H선물인버스(H),13336,+11315,0.00,0,,0.00,,0,,,,91
291680,KBSTAR 차이나H선물인버스(H),9,+11050,0.00,0,,0.00,,0,,,,61
291890,KODEX MSCI EM선물(H),0,-8645,0.00,0,,0.00,,0,,,,56
292050,KBSTAR KRX300,126234,+13720,0.00,0,,0.00,,0,,,,1365
292100,TIGER 대형성장,9622,+8760,0.00,0,,0.00,,0,,,,114
292110,TIGER 대형가치,272674,+9265,0.00,0,,0.00,,0,,,,134
292120,TIGER 중소형,10,+9410,0.00,0,,0.00,,0,,,,66
292130,TIGER 중소형성장,3217,+9475,0.00,0,,0.00,,0,,,,104
292140,TIGER 중소형가치,3131,+9355,0.00,0,,0.00,,0,,,,94
292150,TIGER TOP10,9315,+8935,0.00,0,,0.00,,0,,,,76
292160,TIGER KRX300,542,+13750,0.00,0,,0.00,,0,,,,1458
292190,KODEX KRX300,424811,+13750,0.00,0,,0.00,,0,,,,3355
292340,마이티 200커버드콜ATM레버리지,18,+9600,0.00,0,,0.00,,0,,,,192
292500,SMART KRX300,6343,+13770,0.00,0,,0.00,,0,,,,840
292560,TIGER 일본엔선물,810,-10040,0.00,0,,0.00,,0,,,,70
292570,TIGER 일본엔선물레버리지,33509,-9980,0.00,0,,0.00,,0,,,,70
292580,TIGER 일본엔선물인버스,8000,+10020,0.00,0,,0.00,,0,,,,70
292590,TIGER 일본엔선물인버스2X,824,+9965,0.00,0,,0.00,,0,,,,70
292730,FOCUS KRX300,2,+13735,0.00,0,,0.00,,0,,,,233
292750,ARIRANG KRX300,51,+13760,0.00,0,,0.00,,0,,,,385
292770,KODEX 국채선물3년인버스,13,49820,0.00,0,,0.00,,0,,,,535
293180,HANARO 200,51001,+29660,0.00,0,,0.00,,0,,,,2225
293940,신한알파리츠,315823,+5400,0.00,0,,0.00,,0,,,,2058
294400,KOSEF 200TR,43577,+32875,0.00,0,,0.00,,0,,,,1151
294870,HDC현대산업개발,212924,+58000,0.00,0,,0.00,,0,,,,25484
295000,KBSTAR 국채선물10년,50,+51985,0.00,0,,0.00,,0,,,,73
295020,KBSTAR 국채선물10년인버스,3,-48455,0.00,0,,0.00,,0,,,,63
295040,SMART 200TR,2000,+9410,0.00,0,,0.00,,0,,,,1651
295820,ARIRANG 200동일가중,5215,+9290,0.00,0,,0.00,,0,,,,70
295840,ARIRANG 200밸류,29611,+9205,0.00,0,,0.00,,0,,,,83
295860,ARIRANG 200모멘텀,20379,+9400,0.00,0,,0.00,,0,,,,52
295880,ARIRANG 200퀄리티,13166,+9415,0.00,0,,0.00,,0,,,,71
295890,ARIRANG 200로우볼,20273,+9350,0.00,0,,0.00,,0,,,,61
296710,KODEX FnKorea50,9,+9385,0.00,0,,0.00,,0,,,,75
298000,효성화학,76853,+163000,0.00,0,,0.00,,0,,,,5200
298020,효성티앤씨,61455,+182500,0.00,0,,0.00,,0,,,,7898
298040,효성중공업,81372,+47900,0.00,0,,0.00,,0,,,,4466
298050,효성첨단소재,21836,+153000,0.00,0,,0.00,,0,,,,6854
298340,ARIRANG 국채선물3년,27,+50690,0.00,0,,0.00,,0,,,,69
298770,KODEX 한국대만IT프리미어,272266,+10015,0.00,0,,0.00,,0,,,,80
299070,KINDEX 국채선물10년인버스,11,-97190,0.00,0,,0.00,,0,,,,49
299080,KINDEX 국채선물3년인버스,10,-99275,0.00,0,,0.00,,0,,,,50
300280,KBSTAR 중소형모멘텀로우볼,5,+9860,0.00,0,,0.00,,0,,,,74
300290,KBSTAR 중소형모멘텀밸류,9,+10200,0.00,0,,0.00,,0,,,,77
300300,KBSTAR KQ모멘텀로우볼,5,+9635,0.00,0,,0.00,,0,,,,67
300310,KBSTAR KQ모멘텀밸류,5,+9865,0.00,0,,0.00,,0,,,,69
300610,TIGER K게임,132031,+9400,0.00,0,,0.00,,0,,,,75
300640,KBSTAR 게임테마,12,+9615,0.00,0,,0.00,,0,,,,67
300720,한일시멘트,14348,+133500,0.00,0,,0.00,,0,,,,5534
300950,KODEX 게임산업,259126,+9440,0.00,0,,0.00,,0,,,,104
301400,ARIRANG 코스닥150,21,+13250,0.00,0,,0.00,,0,,,,27
301410,ARIRANG 코스닥150선물인버스,1410,-10330,0.00,0,,0.00,,0,,,,52
301440,ARIRANG 코스피중형주,9084,+9740,0.00,0,,0.00,,0,,,,49
302170,TIGER 국채선물3년인버스,0,49805,0.00,0,,0.00,,0,,,,90
302180,TIGER 국채선물10년인버스,0,-49410,0.00,0,,0.00,,0,,,,89
302190,TIGER 중장기국채,1,+50545,0.00,0,,0.00,,0,,,,111
302200,TIGER 중장기국채선물인버스,0,-49610,0.00,0,,0.00,,0,,,,89
302210,TIGER 중장기국채선물인버스2X,0,-49155,0.00,0,,0.00,,0,,,,88
302450,KBSTAR 코스피,107,+22910,0.00,0,,0.00,,0,,,,80
304760,HANARO KRX300,1000,+13710,0.00,0,,0.00,,0,,,,110
304770,HANARO 코스닥150,1000,+13315,0.00,0,,0.00,,0,,,,117
304780,HANARO 200선물레버리지,27300,+15520,0.00,0,,0.00,,0,,,,124
500007,신한 인버스 은 선물 ETN(H),62,+10020,0.00,0,,0.00,,0,,,,200
500033,신한 K200 C-SP 1812-01 ETN,0,+8440,0.00,0,,0.00,,0,,,,59
500001,신한 K200 USD 선물 바이셀 ETN,0,+11005,0.00,0,,0.00,,0,,,,550
500002,신한 USD K200 선물 바이셀 ETN,116,-7900,0.00,0,,0.00,,0,,,,395
500035,신한 레버리지 미국달러 선물 ETN,0,-10720,0.00,0,,0.00,,0,,,,214
500036,신한 인버스 2X 미국달러 선물 ETN,342,+9240,0.00,0,,0.00,,0,,,,185
500020,신한 레버리지 다우존스지수 선물 ETN(H),708,-21935,0.00,0,,0.00,,0,,,,439
500028,신한 인버스 2X 다우존스지수 선물 ETN(H),16072,+6840,0.00,0,,0.00,,0,,,,137
500003,신한 인버스 WTI원유 선물 ETN(H),5386,-8585,0.00,0,,0.00,,0,,,,172
500004,신한 브렌트원유 선물 ETN(H),12,+9445,0.00,0,,0.00,,0,,,,189
500005,신한 인버스 브렌트원유 선물 ETN(H),98,-7705,0.00,0,,0.00,,0,,,,154
500006,신한 인버스 금 선물 ETN(H),29,+9920,0.00,0,,0.00,,0,,,,198
500008,신한 인버스 구리 선물 ETN(H),268,-9700,0.00,0,,0.00,,0,,,,194
500009,신한 다우존스지수 선물 ETN(H),5,+14910,0.00,0,,0.00,,0,,,,298
500010,신한 인버스 다우존스지수 선물 ETN(H),1691,+6375,0.00,0,,0.00,,0,,,,128
500011,신한 달러인덱스 선물 ETN(H),0,+10170,0.00,0,,0.00,,0,,,,203
500012,신한 인버스 달러인덱스 선물 ETN(H),0,-9670,0.00,0,,0.00,,0,,,,193
500013,신한 옥수수 선물 ETN(H),7672,-6810,0.00,0,,0.00,,0,,,,136
500014,신한 인버스 옥수수 선물 ETN(H),21,+13280,0.00,0,,0.00,,0,,,,266
500015,신한 WTI원유 선물 ETN(H),495,+9770,0.00,0,,0.00,,0,,,,684
500016,신한 금 선물 ETN(H),0,-9680,0.00,0,,0.00,,0,,,,194
500017,신한 은 선물 ETN(H),2489,-8660,0.00,0,,0.00,,0,,,,173
500018,신한 구리 선물 ETN(H),57,+12110,0.00,0,,0.00,,0,,,,242
500019,신한 레버리지 WTI원유 선물 ETN(H),34112,+20750,0.00,0,,0.00,,0,,,,5188
500021,신한 천연가스 선물 ETN(H),225,+6545,0.00,0,,0.00,,0,,,,262
500022,신한 인버스 천연가스 선물 ETN(H),121,-12435,0.00,0,,0.00,,0,,,,249
500023,신한 콩 선물 ETN(H),11523,-7850,0.00,0,,0.00,,0,,,,157
500024,신한 인버스 콩 선물 ETN(H),57,+12210,0.00,0,,0.00,,0,,,,244
500027,신한 인버스 2X WTI원유 선물 ETN(H),72221,-4400,0.00,0,,0.00,,0,,,,440
500029,신한 레버리지 은 선물 ETN(H),20494,-6070,0.00,0,,0.00,,0,,,,121
500030,신한 인버스 2X 은 선물 ETN(H),115,+14810,0.00,0,,0.00,,0,,,,296
500031,신한 레버리지 천연가스 선물 ETN(H),4396,+17920,0.00,0,,0.00,,0,,,,896
500032,신한 인버스 2X 천연가스 선물 ETN(H),33518,-8505,0.00,0,,0.00,,0,,,,170
500037,신한 레버리지 금 선물 ETN,4151,-8700,0.00,0,,0.00,,0,,,,87
500038,신한 인버스 2X 금 선물 ETN,68396,+12490,0.00,0,,0.00,,0,,,,125
500034,신한 S&P500 VIX S/T 선물 ETN,2659,-14660,0.00,0,,0.00,,0,,,,733
500025,신한 MSCI 인도네시아 선물 ETN(H),0,10220,0.00,0,,0.00,,0,,,,102
500026,신한 인버스 MSCI 인도네시아 선물 ETN(H),41,-9450,0.00,0,,0.00,,0,,,,95
510001,대신 WTI원유 선물 ETN(H),0,+13440,0.00,0,,0.00,,0,,,,134
510002,대신 아연선물 ETN(H),15,+9180,0.00,0,,0.00,,0,,,,64
510003,대신 니켈선물 ETN(H),49,-12850,0.00,0,,0.00,,0,,,,90
510004,대신 인버스 아연선물 ETN(H),656,-11655,0.00,0,,0.00,,0,,,,82
510005,대신 2X 아연선물 ETN(H),7125,+6430,0.00,0,,0.00,,0,,,,129
510006,대신 인버스 니켈선물 ETN(H),377,+7910,0.00,0,,0.00,,0,,,,55
510007,대신 2X 니켈선물 ETN(H),27035,-12420,0.00,0,,0.00,,0,,,,248
510010,대신 인버스 2X 니켈선물 ETN(H),13246,+13060,0.00,0,,0.00,,0,,,,261
510008,대신 철광석 선물 ETN(H),2,-9425,0.00,0,,0.00,,0,,,,189
510009,대신 인버스 철광석 선물 ETN(H),101,+10240,0.00,0,,0.00,,0,,,,205
520004,미래에셋 전기전자 Core5 ETN,2,-17580,0.00,0,,0.00,,0,,,,352
520005,미래에셋 인버스 전기전자 Core5 ETN,367,-5235,0.00,0,,0.00,,0,,,,105
520006,미래에셋 에너지화학 Core5 ETN,4,+14700,0.00,0,,0.00,,0,,,,294
520007,미래에셋 인버스 에너지화학 Core5 ETN,33,-6155,0.00,0,,0.00,,0,,,,123
520013,미래에셋 Q150 Core5 ETN,2,-13830,0.00,0,,0.00,,0,,,,277
520014,미래에셋 미디어엔터 Core5 ETN,2,+13275,0.00,0,,0.00,,0,,,,266
520015,미래에셋 인버스 미디어엔터 Core5 ETN,10,-13840,0.00,0,,0.00,,0,,,,138
520022,미래에셋 K200 Call 1809-01 ETN,0,9730,0.00,0,,0.00,,0,,,,68
520023,미래에셋 K200 Call 1809-02 ETN,0,9730,0.00,0,,0.00,,0,,,,68
520009,미래에셋 레버리지 원유선물혼합 ETN(H),60,+33735,0.00,0,,0.00,,0,,,,337
520010,미래에셋 원유선물혼합 ETN(H),50,+28785,0.00,0,,0.00,,0,,,,288
520011,미래에셋 인버스 원유선물혼합 ETN(H),0,-11585,0.00,0,,0.00,,0,,,,116
520020,미래에셋 미국 시니어론 100 ETN(H),0,10325,0.00,0,,0.00,,0,,,,207
520021,미래에셋 미국 시니어론 100 ETN,0,-10280,0.00,0,,0.00,,0,,,,206
520025,미래에셋 S&P500 VIX S/T 선물 ETN,901,-14610,0.00,0,,0.00,,0,,,,146
520024,미래에셋 차이나 대표주 15 ETN(H) B,0,-9235,0.00,0,,0.00,,0,,,,65
520012,미래에셋 호주 ASX200 ETN(H),0,11975,0.00,0,,0.00,,0,,,,240
520003,미래에셋 원자재 선물 ETN(H),0,-9110,0.00,0,,0.00,,0,,,,273
530003,삼성 모멘텀 탑픽 ETN,2053,+6885,0.00,0,,0.00,,0,,,,138
530004,삼성 화장품 테마주 ETN,604,+5895,0.00,0,,0.00,,0,,,,118
530005,삼성 바이오 테마주 ETN,30,+13590,0.00,0,,0.00,,0,,,,272
530006,삼성 음식료 테마주 ETN,1456,-5255,0.00,0,,0.00,,0,,,,105
530007,삼성 레저 테마주 ETN,226,+6475,0.00,0,,0.00,,0,,,,130
530008,삼성 미디어 테마주 ETN,232,+9270,0.00,0,,0.00,,0,,,,185
530009,삼성 증권 테마주 ETN,2,-8495,0.00,0,,0.00,,0,,,,170
530010,삼성 건축자재 테마주 ETN,460,-4325,0.00,0,,0.00,,0,,,,87
530011,삼성 온라인쇼핑 테마주 ETN,2,-8985,0.00,0,,0.00,,0,,,,180
530012,삼성 화학 테마주 ETN,2,+13505,0.00,0,,0.00,,0,,,,270
530013,삼성 KTOP30 ETN,120623,+12170,0.00,0,,0.00,,0,,,,1217
530039,삼성 K200 Call 1811-01 ETN,0,9280,0.00,0,,0.00,,0,,,,278
530040,삼성 K200 Call 1811-02 ETN,0,9355,0.00,0,,0.00,,0,,,,65
530041,삼성 KQ150 Call 1901-01 ETN,0,+9890,0.00,0,,0.00,,0,,,,69
530042,삼성 KQ150 Call 1901-02 ETN,0,+9610,0.00,0,,0.00,,0,,,,67
530043,삼성 KQ150 Call 1901-03 ETN,0,9455,0.00,0,,0.00,,0,,,,66
530044,삼성 KQ150 Put 1901-01 ETN,0,-10620,0.00,0,,0.00,,0,,,,74
530045,삼성 KQ150 Put 1901-02 ETN,0,-10085,0.00,0,,0.00,,0,,,,71
530046,삼성 KQ150 Call 1903-01 ETN,0,9350,0.00,0,,0.00,,0,,,,65
530047,삼성 KQ150 Call 1903-02 ETN,0,9330,0.00,0,,0.00,,0,,,,65
530048,삼성 K200 Call 1903-01 ETN,0,9390,0.00,0,,0.00,,0,,,,66
530049,삼성 K200 Call 1903-02 ETN,0,+9345,0.00,0,,0.00,,0,,,,65
530050,삼성 K200 Put 1903-01 ETN,0,-10325,0.00,0,,0.00,,0,,,,72
530051,삼성 K200 Put 1903-02 ETN,0,-9875,0.00,0,,0.00,,0,,,,69
530057,삼성 K200 Call 1908-01 ETN,0,+10415,0.00,0,,0.00,,0,,,,73
530058,삼성 K200 Call 1908-02 ETN,0,+9775,0.00,0,,0.00,,0,,,,68
530059,삼성 K200 Put 1908-01 ETN,0,-9815,0.00,0,,0.00,,0,,,,69
530053,삼성 코스피 풋매도 ETN,1,+10015,0.00,0,,0.00,,0,,,,501
530015,삼성 미국 대형 성장주 ETN(H),1491,-14105,0.00,0,,0.00,,0,,,,282
530016,삼성 미국 대형 가치주 ETN(H),7,+13625,0.00,0,,0.00,,0,,,,273
530017,삼성 미국 중소형 성장주 ETN(H),0,-14510,0.00,0,,0.00,,0,,,,290
530018,삼성 미국 중소형 가치주 ETN(H),0,-13885,0.00,0,,0.00,,0,,,,278
530019,삼성 미국 대형 성장주 ETN,0,13665,0.00,0,,0.00,,0,,,,273
530020,삼성 미국 대형 가치주 ETN,156,+13230,0.00,0,,0.00,,0,,,,265
530021,삼성 미국 중소형 성장주 ETN,0,14060,0.00,0,,0.00,,0,,,,281
530022,삼성 미국 중소형 가치주 ETN,0,-13455,0.00,0,,0.00,,0,,,,269
530032,삼성 Cushing 에너지인프라 MLP ETN,0,-9990,0.00,0,,0.00,,0,,,,300
530033,삼성 Alerian 에너지인프라 MLP ETN,0,-10070,0.00,0,,0.00,,0,,,,302
530031,삼성 레버리지 WTI원유 선물 ETN,596999,+24080,0.00,0,,0.00,,0,,,,1204
530036,삼성 인버스 2X WTI원유 선물 ETN,8335,-4120,0.00,0,,0.00,,0,,,,206
530037,삼성 레버리지 천연가스 선물 ETN,2462,+17870,0.00,0,,0.00,,0,,,,894
530038,삼성 인버스 2X 천연가스 선물 ETN,7393,-16945,0.00,0,,0.00,,0,,,,169
530055,삼성 레버리지 금 선물 ETN(H),300,-16625,0.00,0,,0.00,,0,,,,166
530056,삼성 인버스 2X 금 선물 ETN(H),60,+24120,0.00,0,,0.00,,0,,,,241
530052,삼성 S&P500 VIX S/T 선물 ETN(H),3751,-13970,0.00,0,,0.00,,0,,,,349
530002,삼성 인버스 China A50 선물 ETN(H),17,-15105,0.00,0,,0.00,,0,,,,151
530014,삼성 China A50 선물 ETN(H),0,+12010,0.00,0,,0.00,,0,,,,240
530023,삼성 레버리지 China A50 선물 ETN(H),4412,+28315,0.00,0,,0.00,,0,,,,283
550001,QV Big Vol ETN,2,+11185,0.00,0,,0.00,,0,,,,559
550002,QV WISE 배당 ETN,3,+10175,0.00,0,,0.00,,0,,,,509
550003,QV 스마트리밸런싱 250/3 ETN,0,-10030,0.00,0,,0.00,,0,,,,201
550004,QV 롱숏 K150 매수 로우볼 매도 ETN,0,+10470,0.00,0,,0.00,,0,,,,209
550005,QV 에너지 TOP5 ETN,91,-12760,0.00,0,,0.00,,0,,,,255
550006,QV 내수소비 TOP5 ETN,2,-8030,0.00,0,,0.00,,0,,,,161
550007,QV 조선 TOP5 ETN,324,-9615,0.00,0,,0.00,,0,,,,192
550008,QV 소프트웨어 TOP5 ETN,2,-12720,0.00,0,,0.00,,0,,,,254
550009,QV 하드웨어 TOP5 ETN,6402,+18755,0.00,0,,0.00,,0,,,,375
550010,QV 운송 TOP5 ETN,82,-8060,0.00,0,,0.00,,0,,,,161
550011,QV 자동차 TOP5 ETN,3,-10605,0.00,0,,0.00,,0,,,,212
550012,QV 의료 TOP5 ETN,9,-5940,0.00,0,,0.00,,0,,,,119
550013,QV 화학 TOP5 ETN,2,+11350,0.00,0,,0.00,,0,,,,227
550014,QV 바이오 TOP5 ETN,3055,+16770,0.00,0,,0.00,,0,,,,335
550015,QV 제약 TOP5 ETN,56,+8860,0.00,0,,0.00,,0,,,,177
550016,QV 건설 TOP5 ETN,2,+10370,0.00,0,,0.00,,0,,,,207
550019,QV 전기차 테마 ETN,22,-12780,0.00,0,,0.00,,0,,,,256
550020,QV 2차전지 테마 ETN,1313,+18800,0.00,0,,0.00,,0,,,,376
550021,QV 핀테크 테마 ETN,93,+9815,0.00,0,,0.00,,0,,,,196
550022,QV 사물인터넷 테마 ETN,3,+8505,0.00,0,,0.00,,0,,,,170
550023,QV 고령화 테마 ETN,18020,+9795,0.00,0,,0.00,,0,,,,196
550024,QV 수자원 테마 ETN,2,+10270,0.00,0,,0.00,,0,,,,205
550025,QV HMR 테마 ETN,13,+7070,0.00,0,,0.00,,0,,,,141
550026,QV KTOP30 ETN,2,+11915,0.00,0,,0.00,,0,,,,238
550027,QV 농업 테마 ETN,8,-7865,0.00,0,,0.00,,0,,,,157
550029,QV 대체에너지 테마 ETN,70,-11225,0.00,0,,0.00,,0,,,,225
550030,QV OLED 테마 ETN,4,-9220,0.00,0,,0.00,,0,,,,184
550031,QV 항공우주 테마 ETN,3,-9090,0.00,0,,0.00,,0,,,,182
550032,QV 방위산업 테마 ETN,2,-7530,0.00,0,,0.00,,0,,,,151
550033,QV 스마트리밸런싱 260/4 ETN,10,-9115,0.00,0,,0.00,,0,,,,182
550048,QV K200 Call 1904-01 ETN,0,9285,0.00,0,,0.00,,0,,,,65
550049,QV K200 Call 1904-02 ETN,0,9260,0.00,0,,0.00,,0,,,,65
550050,QV K200 Put 1904-01 ETN,0,-12090,0.00,0,,0.00,,0,,,,85
550046,QV 레버리지 10년 국채선물 ETN,1803,21070,0.00,0,,0.00,,0,,,,105
550047,QV 인버스 레버리지 10년 국채선물 ETN,2,-19100,0.00,0,,0.00,,0,,,,191
550041,QV 미국 IT TOP5 ETN(H),1540,-13890,0.00,0,,0.00,,0,,,,97
550044,QV 레버리지 S&P500 ETN,30746,-12275,0.00,0,,0.00,,0,,,,246
550045,QV 인버스 레버리지 S&P500 ETN,29302,-7605,0.00,0,,0.00,,0,,,,152
550042,QV 레버리지 WTI원유 선물 ETN(H),22157,+20040,0.00,0,,0.00,,0,,,,401
550043,QV 인버스 레버리지 WTI원유 선물 ETN(H),12062,-4015,0.00,0,,0.00,,0,,,,80
550051,QV S&P500 VIX S/T 선물 ETN,14252,-14575,0.00,0,,0.00,,0,,,,146
550018,QV CHINEXT ETN(H),0,5085,0.00,0,,0.00,,0,,,,102
570003,TRUE 빅5 동일가중 ETN,11,-11300,0.00,0,,0.00,,0,,,,226
570008,TRUE 섹터탑픽 ETN,0,+11135,0.00,0,,0.00,,0,,,,223
570009,TRUE 코리아프리미어 ETN,0,+10115,0.00,0,,0.00,,0,,,,202
570015,TRUE 다우존스 지속가능경영 코리아 ETN,15,+11555,0.00,0,,0.00,,0,,,,231
570019,TRUE 코스피 양매도 5% OTM ETN,1193267,+10570,0.00,0,,0.00,,0,,,,8456
570020,TRUE 코스피 커버드콜 ETN B,154,+9660,0.00,0,,0.00,,0,,,,97
570021,TRUE 코스피 커버드풋 ETN B,163,+10770,0.00,0,,0.00,,0,,,,108
570024,TRUE 코스피 타겟볼20 ETN,146,+8720,0.00,0,,0.00,,0,,,,87
570022,TRUE 레버리지 S&P500 선물 ETN(H),604,+12270,0.00,0,,0.00,,0,,,,123
570023,TRUE 인버스 2X S&P500 선물 ETN(H),4200,+7760,0.00,0,,0.00,,0,,,,78
570013,TRUE 유로선물 ETN,562,+9435,0.00,0,,0.00,,0,,,,189
570014,TRUE 인버스 유로선물 ETN,33,+10450,0.00,0,,0.00,,0,,,,209
570025,TRUE 인버스 유로스탁스50 ETN(H) B,0,-9440,0.00,0,,0.00,,0,,,,94
570026,TRUE 레버리지 유로스탁스50 ETN(H),0,+10825,0.00,0,,0.00,,0,,,,108
570027,TRUE 인버스 2X 유로스탁스50 ETN(H),254,-8890,0.00,0,,0.00,,0,,,,89
570010,TRUE 엔선물 ETN,141,-8920,0.00,0,,0.00,,0,,,,178
570011,TRUE 레버리지 엔선물 ETN,6192,-7555,0.00,0,,0.00,,0,,,,151
570012,TRUE 인버스 엔선물 ETN,138,+10990,0.00,0,,0.00,,0,,,,220
570028,TRUE 인버스 HSCEI ETN(H) B,484,+10925,0.00,0,,0.00,,0,,,,109
580005,KB 우량주 Monthly Best 11 ETN,1,-7775,0.00,0,,0.00,,0,,,,233
580006,KB KTOP30 ETN,7640,+11505,0.00,0,,0.00,,0,,,,575
580007,KB KQ 우량주30 ETN,0,14780,0.00,0,,0.00,,0,,,,739
590007,미래에셋 미국 대형주 ETN(H),0,+14245,0.00,0,,0.00,,0,,,,285
590008,미래에셋 미국 중형주 ETN(H),0,13925,0.00,0,,0.00,,0,,,,279
590009,미래에셋 미국 항공우주 ETN(H),4184,-16970,0.00,0,,0.00,,0,,,,339
590010,미래에셋 레버리지 S&P500 ETN(H),1552,+18690,0.00,0,,0.00,,0,,,,374
590011,미래에셋 인버스 S&P500 ETN(H),1301,+7000,0.00,0,,0.00,,0,,,,140
590013,미래에셋 미국 리츠 ETN(H),0,10155,0.00,0,,0.00,,0,,,,203
590016,미래에셋 미국 헬스케어 ETN(H),1,+12245,0.00,0,,0.00,,0,,,,245
590017,미래에셋 미국 고배당주 ETN(H),1,-12195,0.00,0,,0.00,,0,,,,244
590003,미래에셋 유럽 대형주 ETN(H),0,+11915,0.00,0,,0.00,,0,,,,238
590004,미래에셋 유럽 중형주 ETN(H),0,+12290,0.00,0,,0.00,,0,,,,246
590002,미래에셋 일본 바이백 ETN(H),87,+11290,0.00,0,,0.00,,0,,,,226
590005,미래에셋 일본 대형주 ETN(H),0,+13510,0.00,0,,0.00,,0,,,,270
590006,미래에셋 일본 중형주 ETN(H),0,+12985,0.00,0,,0.00,,0,,,,260
590018,미래에셋 중국 심천 100 ETN,13,-9055,0.00,0,,0.00,,0,,,,181
590012,미래에셋 글로벌 리츠 ETN(H),54,+10390,0.00,0,,0.00,,0,,,,208
900140,엘브이엠씨홀딩스,26855,3870,0.00,0,3.4,0.00,,0,3334,-226,136,1853
