,2270,295302,669,20180829,2250,2285,2220,,,,,,,
,2240,452665,1027,20180828,2250,2300,2240,,,,,,,
,2240,751541,1680,20180827,2290,2290,2215,,,,,,,
,2295,382913,879,20180824,2335,2335,2285,,,,,,,
,2315,353256,818,20180823,2300,2355,2290,,,,,,,
,2295,376724,869,20180822,2335,2340,2290,,,,,,,
,2320,499125,1154,20180821,2325,2340,2280,,,,,,,
,2315,443789,1026,20180820,2290,2340,2280,,,,,,,
,2280,524257,1176,20180817,2210,2290,2200,,,,,,,
,2200,500404,1089,20180816,2195,2205,2140,,,,,,,
,2205,419756,926,20180814,2200,2235,2190,,,,,,,
,2200,797216,1793,20180813,2335,2340,2200,,,,,,,
,2310,513226,1179,20180810,2320,2335,2285,,,,,,,
,2320,321427,746,20180809,2340,2345,2305,,,,,,,
,2345,424917,993,20180808,2325,2370,2295,,,,,,,
,2330,335365,779,20180807,2345,2370,2305,,,,,,,
,2350,576197,1359,20180806,2340,2405,2305,,,,,,,
,2345,387894,913,20180803,2365,2390,2310,,,,,,,
,2365,693255,1651,20180802,2445,2445,2345,,,,,,,
,2440,644785,1545,20180801,2390,2445,2350,,,,,,,
,2400,1450162,3459,20180731,2300,2450,2290,,,,,,,
,2300,595657,1359,20180730,2240,2315,2220,,,,,,,
,2240,406643,901,20180727,2205,2245,2195,,,,,,,
,2230,600333,1335,20180726,2180,2265,2175,,,,,,,
,2175,652340,1423,20180725,2230,2240,2145,,,,,,,
,2230,556691,1235,20180724,2200,2245,2170,,,,,,,
,2175,706044,1577,20180723,2300,2305,2170,,,,,,,
,2280,507960,1151,20180720,2260,2305,2245,,,,,,,
,2260,649174,1466,20180719,2285,2295,2225,,,,,,,
,2270,611998,1396,20180718,2280,2310,2245,,,,,,,
,2265,624536,1413,20180717,2300,2310,2240,,,,,,,
,2310,324231,747,20180716,2335,2335,2290,,,,,,,
,2325,432096,1000,20180713,2275,2335,2275,,,,,,,
,2290,448119,1031,20180712,2305,2320,2285,,,,,,,
,2300,515421,1186,20180711,2350,2350,2275,,,,,,,
,2340,529494,1233,20180710,2315,2350,2305,,,,,,,
,2295,794472,1822,20180709,2350,2375,2260,,,,,,,
,2375,676124,1563,20180706,2275,2380,2240,,,,,,,
,2310,741326,1700,20180705,2405,2410,2240,,,,,,,
,2365,375034,880,20180704,2365,2380,2315,,,,,,,
,2365,814768,1902,20180703,2300,2405,2290,,,,,,,
,2360,947761,2311,20180702,2500,2535,2360,,,,,,,
,2475,814398,1973,20180629,2400,2510,2350,,,,,,,
,2360,1130142,2722,20180628,2490,2495,2350,,,,,,,
,2490,806544,2043,20180627,2640,2640,2490,,,,,,,
,2600,832167,2156,20180626,2595,2665,2530,,,,,,,
,2640,444471,1163,20180625,2560,2670,2550,,,,,,,
,2580,1068476,2738,20180622,2620,2690,2490,,,,,,,
,2620,1097962,2976,20180621,2770,2845,2620,,,,,,,
,2800,604755,1676,20180620,2740,2810,2715,,,,,,,
,2740,1123467,3127,20180619,2840,2895,2740,,,,,,,
,2855,1131784,3282,20180618,2940,3030,2800,,,,,,,
,2970,937678,2780,20180615,2975,3015,2915,,,,,,,
,2985,976390,2878,20180614,3000,3010,2905,,,,,,,
,2985,1157183,3476,20180612,3085,3085,2965,,,,,,,
,3020,947514,2849,20180611,2955,3060,2950,,,,,,,
,2965,1546473,4637,20180608,3000,3085,2950,,,,,,,
,3020,1457836,4376,20180607,2935,3030,2925,,,,,,,
,2925,889054,2580,20180605,2870,2965,2840,,,,,,,
,2870,924782,2670,20180604,2930,2945,2860,,,,,,,
,2915,1166684,3401,20180601,3015,3020,2880,,,,,,,
,2980,1132754,3364,20180531,2915,3050,2905,,,,,,,
,2955,1539535,4518,20180530,2990,2995,2895,,,,,,,
,3010,1574665,4766,20180529,3130,3130,3000,,,,,,,
,3105,3172773,9816,20180528,3100,3175,3035,,,,,,,
,2900,1880533,5429,20180525,2795,2935,2790,,,,,,,
,3040,1551469,4743,20180524,3150,3150,2995,,,,,,,
,3115,1334904,4164,20180523,3165,3175,3090,,,,,,,
,3160,2998494,9610,20180521,3185,3300,3120,,,,,,,
,3115,1707318,5300,20180518,3095,3170,3040,,,,,,,
,3105,1841535,5707,20180517,3070,3155,3060,,,,,,,
,3070,3594428,11143,20180516,3135,3185,3030,,,,,,,
,3375,7118378,23749,20180515,3205,3445,3140,,,,,,,
,3195,1852610,5889,20180514,3255,3255,3140,,,,,,,
,3225,2384817,7571,20180511,3235,3265,3125,,,,,,,
,3225,3474602,11066,20180510,3090,3285,3045,,,,,,,
,3080,2291340,6934,20180509,3155,3160,2955,,,,,,,
,3100,3145970,10042,20180508,3345,3345,3095,,,,,,,
,3360,13583138,47267,20180504,3690,3720,3265,,,,,,,
,3155,6124871,20274,20180503,3485,3490,3135,,,,,,,
,3480,10635523,34595,20180502,3070,3480,3040,,,,,,,
,2950,1968321,5656,20180430,2800,2965,2785,,,,,,,
,2785,774090,2174,20180427,2890,2890,2775,,,,,,,
,2860,637952,1822,20180426,2870,2885,2805,,,,,,,
,2805,1080128,3017,20180425,2850,2855,2770,,,,,,,
,2870,1083196,3127,20180424,2955,2975,2835,,,,,,,
,2960,2372202,6876,20180423,2750,2975,2750,,,,,,,
,2760,1006479,2779,20180420,2815,2815,2730,,,,,,,
,2800,870452,2440,20180419,2790,2865,2780,,,,,,,
,2790,982060,2739,20180418,2825,2835,2760,,,,,,,
,2825,928424,2633,20180417,2905,2910,2790,,,,,,,
,2890,618372,1782,20180416,2910,2935,2865,,,,,,,
,2915,656288,1901,20180413,2880,2945,2865,,,,,,,
,2880,776604,2263,20180412,2970,2990,2875,,,,,,,
,2970,1045149,3082,20180411,2875,3025,2865,,,,,,,
,2850,1123584,3145,20180410,2880,2880,2740,,,,,,,
,2880,1126788,3225,20180409,2910,2980,2810,,,,,,,
,2955,562598,1669,20180406,3020,3050,2935,,,,,,,
,3010,531636,1610,20180405,3035,3085,2990,,,,,,,
,2990,992342,2992,20180404,3100,3120,2945,,,,,,,
,3100,652338,1995,20180403,3040,3110,2990,,,,,,,
,3040,526234,1611,20180402,3095,3130,3015,,,,,,,
,3105,593350,1843,20180330,3090,3175,3035,,,,,,,
,3090,718829,2179,20180329,3080,3090,3010,,,,,,,
,3100,921370,2812,20180328,3105,3105,3020,,,,,,,
,3170,1083105,3470,20180327,3145,3300,3130,,,,,,,
,3115,861269,2621,20180326,2950,3115,2910,,,,,,,
,3000,1082075,3308,20180323,3015,3115,3000,,,,,,,
,3125,1705309,5384,20180322,3030,3230,3030,,,,,,,
,3055,1489593,4611,20180321,3165,3180,3040,,,,,,,
,3165,1081010,3410,20180320,3240,3240,3130,,,,,,,
,3230,1167570,3793,20180319,3315,3350,3205,,,,,,,
,3310,854513,2843,20180316,3400,3415,3305,,,,,,,
,3400,872899,2943,20180315,3460,3460,3340,,,,,,,
,3465,638093,2217,20180314,3420,3530,3415,,,,,,,
,3460,574082,1984,20180313,3495,3505,3425,,,,,,,
,3495,763983,2653,20180312,3400,3515,3400,,,,,,,
,3405,768968,2617,20180309,3315,3445,3315,,,,,,,
,3310,519626,1727,20180308,3280,3365,3280,,,,,,,
,3280,714256,2364,20180307,3385,3400,3265,,,,,,,
,3385,744352,2493,20180306,3310,3395,3270,,,,,,,
,3260,1096526,3618,20180305,3405,3410,3250,,,,,,,
,3405,680807,2295,20180302,3345,3420,3320,,,,,,,
,3420,1023862,3548,20180228,3545,3570,3405,,,,,,,
,3535,1485298,5184,20180227,3490,3580,3395,,,,,,,
,3450,762432,2634,20180226,3430,3500,3385,,,,,,,
,3425,1806971,6123,20180223,3300,3445,3300,,,,,,,
,3400,1083855,3695,20180222,3495,3500,3275,,,,,,,
,3545,769659,2725,20180221,3475,3585,3450,,,,,,,
,3500,891820,3158,20180220,3625,3630,3480,,,,,,,
,3620,776218,2776,20180219,3470,3620,3455,,,,,,,
,3455,611292,2085,20180214,3350,3470,3315,,,,,,,
,3350,746818,2553,20180213,3500,3530,3350,,,,,,,
,3490,549691,1946,20180212,3645,3645,3475,,,,,,,
,3565,984968,3500,20180209,3510,3635,3510,,,,,,,
,3680,2147477,7776,20180208,3465,3680,3420,,,,,,,
,3420,1956337,6864,20180207,3460,3620,3400,,,,,,,
,3385,2119324,6923,20180206,3250,3385,3180,,,,,,,
,3440,1209975,4249,20180205,3560,3595,3435,,,,,,,
,3650,1474461,5321,20180202,3690,3690,3525,,,,,,,
,3690,1225706,4542,20180201,3800,3805,3670,,,,,,,
,3765,2050749,7641,20180131,3730,3820,3635,,,,,,,
,3760,1920552,7289,20180130,3875,3875,3740,,,,,,,
,3860,1659413,6441,20180129,3880,3920,3840,,,,,,,
,3855,833618,3216,20180126,3900,3925,3825,,,,,,,
,3870,1192258,4586,20180125,3810,3885,3800,,,,,,,
,3850,1151297,4429,20180124,3855,3905,3770,,,,,,,
,3855,1999532,7567,20180123,3860,3860,3705,,,,,,,
,3855,2224614,8624,20180122,4005,4010,3835,,,,,,,
,4000,1189113,4757,20180119,4055,4060,3970,,,,,,,
,4055,2392645,9850,20180118,4140,4240,3985,,,,,,,
,4125,1289810,5305,20180117,4130,4180,4050,,,,,,,
,4135,1912721,7859,20180116,4045,4190,3960,,,,,,,
,4030,1051577,4229,20180115,3950,4100,3935,,,,,,,
,4000,1405759,5633,20180112,4150,4150,3950,,,,,,,
,4095,1969213,8039,20180111,4030,4180,3960,,,,,,,
,4025,1342869,5267,20180110,3920,4025,3820,,,,,,,
,3895,1970362,7688,20180109,3840,3975,3795,,,,,,,
,3820,1918899,7313,20180108,3900,3905,3765,,,,,,,
,3920,2022775,8014,20180105,3980,4085,3880,,,,,,,
,3980,3033079,12413,20180104,4215,4215,3975,,,,,,,
,4300,5894731,24989,20180103,4090,4350,4040,,,,,,,
,4080,1676442,6791,20180102,4030,4120,3950,,,,,,,
,4005,1035928,4153,20171228,4080,4085,3970,,,,,,,
,4050,1996464,7926,20171227,3910,4050,3855,,,,,,,
,3855,1988419,7657,20171226,3875,3915,3775,,,,,,,
,3870,1906430,7227,20171222,3690,3880,3575,,,,,,,
,3690,2355725,8741,20171221,3895,3895,3605,,,,,,,
,3845,2620083,10238,20171220,4080,4090,3775,,,,,,,
,3985,4437009,17393,20171219,4160,4170,3730,,,,,,,
,4095,4392279,18108,20171218,4110,4250,4010,,,,,,,
,4185,11081961,47163,20171215,4300,4390,4100,,,,,,,
,4790,7734625,37236,20171214,4850,4975,4675,,,,,,,
,4790,7092442,32874,20171213,4410,4795,4400,,,,,,,
,4360,1536877,6710,20171212,4395,4440,4290,,,,,,,
,4380,1875904,8010,20171211,4155,4380,4100,,,,,,,
,4165,1094984,4622,20171208,4285,4300,4130,,,,,,,
,4250,2071668,8789,20171207,4290,4355,4120,,,,,,,
,4210,2347595,10150,20171206,4460,4465,4200,,,,,,,
,4345,2670541,11534,20171205,4180,4390,4160,,,,,,,
,4175,1139232,4798,20171204,4275,4335,4135,,,,,,,
,4235,1897514,7958,20171201,4120,4325,4060,,,,,,,
,4085,1813350,7571,20171130,4295,4325,4065,,,,,,,
,4280,2169840,9264,20171129,4245,4360,4155,,,,,,,
,4245,4146457,17886,20171128,4450,4480,4135,,,,,,,
,4425,3071771,14008,20171127,4665,4750,4380,,,,,,,
,4600,5679089,26025,20171124,4480,4735,4400,,,,,,,
,4400,2498533,11026,20171123,4480,4500,4345,,,,,,,
,4425,5340803,23330,20171122,4255,4440,4165,,,,,,,
,4195,2940176,12412,20171121,4200,4340,4115,,,,,,,
,4250,2230695,9595,20171120,4250,4365,4245,,,,,,,
,4245,2736671,11518,20171117,4135,4280,4135,,,,,,,
,4150,5428464,22820,20171116,4335,4395,4065,,,,,,,
,4210,10343055,43535,20171115,3925,4500,3925,,,,,,,
,3995,3107502,12354,20171114,3900,4050,3875,,,,,,,
,3870,2930314,11097,20171113,3625,3870,3610,,,,,,,
,3605,1034560,3706,20171110,3590,3655,3540,,,,,,,
,3600,979512,3500,20171109,3600,3650,3500,,,,,,,
,3575,1165431,4075,20171108,3575,3590,3370,,,,,,,
,3590,1183666,4252,20171107,3570,3660,3525,,,,,,,
,3555,1029229,3632,20171106,3610,3610,3480,,,,,,,
,3490,1347495,4667,20171103,3560,3560,3400,,,,,,,
,3530,856301,3041,20171102,3600,3620,3515,,,,,,,
,3605,1135427,4088,20171101,3575,3690,3500,,,,,,,
,3570,1146812,4062,20171031,3520,3625,3465,,,,,,,
,3550,991021,3549,20171030,3675,3690,3520,,,,,,,
,3655,1330715,4827,20171027,3660,3715,3540,,,,,,,
,3680,2068872,7730,20171026,3935,3935,3580,,,,,,,
,3930,1604681,6269,20171025,4045,4050,3835,,,,,,,
,3930,3992745,16043,20171024,4055,4175,3845,,,,,,,
,3995,5847740,22700,20171023,3845,3995,3700,,,,,,,
,3555,16111924,59346,20171020,3575,4165,3200,,,,,,,
,3510,2068248,7448,20171019,3740,3740,3510,,,,,,,
,3755,2300922,8505,20171018,3690,3840,3530,,,,,,,
,3690,3139012,11367,20171017,3445,3760,3425,,,,,,,
,3395,2042176,6904,20171016,3315,3485,3160,,,,,,,
,3285,2224359,7308,20171013,3435,3435,3205,,,,,,,
,3450,969858,3376,20171012,3495,3540,3420,,,,,,,
,3475,1537581,5323,20171011,3420,3525,3410,,,,,,,
,3365,3078238,10623,20171010,3710,3730,3350,,,,,,,
,3710,804341,2981,20170929,3675,3775,3655,,,,,,,
,3700,1564657,5910,20170928,3895,3950,3655,,,,,,,
,3830,839209,3259,20170927,3880,3980,3825,,,,,,,
,3825,939603,3601,20170926,3885,3910,3750,,,,,,,
,3905,1955794,7594,20170925,3820,4020,3765,,,,,,,
,3765,2727142,10504,20170922,4015,4100,3730,,,,,,,
,4040,2353901,9512,20170921,4175,4230,3980,,,,,,,
,4170,2131597,9078,20170920,4380,4425,4165,,,,,,,
,4375,1013818,4456,20170919,4370,4455,4355,,,,,,,
,4370,1219155,5352,20170918,4370,4465,4330,,,,,,,
,4435,1592876,6900,20170915,4450,4450,4285,,,,,,,
,4475,2384481,10459,20170914,4505,4515,4315,,,,,,,
,4505,5593626,26101,20170913,4700,4850,4485,,,,,,,
,4600,5506085,24626,20170912,4315,4600,4235,,,,,,,
,4280,2578009,11107,20170911,4360,4435,4230,,,,,,,
,4235,2239512,9487,20170908,4235,4310,4155,,,,,,,
,4210,5973039,25266,20170907,4150,4320,4080,,,,,,,
,3955,1254806,4953,20170906,3985,4050,3875,,,,,,,
,3940,1870329,7350,20170905,4050,4085,3865,,,,,,,
,4045,2209040,8912,20170904,3805,4175,3805,,,,,,,
,4070,2175836,8887,20170901,4235,4235,4000,,,,,,,
,4250,2033042,8606,20170831,4340,4360,4145,,,,,,,
,4325,1305621,5660,20170830,4440,4440,4280,,,,,,,
,4390,1532985,6597,20170829,4250,4395,4185,,,,,,,
,4320,1923345,8266,20170828,4390,4450,4220,,,,,,,
,4390,3550153,15511,20170825,4260,4440,4235,,,,,,,
,4220,4246426,17713,20170824,4005,4315,3980,,,,,,,
,4050,3911690,16061,20170823,4115,4235,3990,,,,,,,
,4070,5699338,22156,20170822,3720,4070,3680,,,,,,,
,3695,3157924,11807,20170821,3920,3920,3660,,,,,,,
,3855,2609346,9990,20170818,3830,3945,3710,,,,,,,
,3880,3513242,14254,20170817,4085,4255,3880,,,,,,,
,4060,2429006,10229,20170816,4250,4345,4035,,,,,,,
,4200,2349611,9594,20170814,4040,4200,3970,,,,,,,
,3970,2962945,11663,20170811,3995,4060,3820,,,,,,,
,4100,3829155,15467,20170810,4030,4230,3915,,,,,,,
,4130,3583571,15091,20170809,4270,4440,4060,,,,,,,
,4320,1926057,8373,20170808,4470,4525,4295,,,,,,,
,4470,3011269,13228,20170807,4390,4555,4210,,,,,,,
,4400,3032433,13494,20170804,4630,4655,4295,,,,,,,
,4650,2948248,13470,20170803,4700,4800,4445,,,,,,,
,4680,2733404,12977,20170802,4765,4920,4650,,,,,,,
,4740,4558990,21578,20170801,4570,4870,4540,,,,,,,
,4510,5672304,25578,20170731,4550,4760,4300,,,,,,,
,4770,5523414,26048,20170728,4825,4875,4570,,,,,,,
,4970,6681899,33240,20170727,5190,5270,4780,,,,,,,
,4940,8360849,39995,20170726,4760,4940,4615,,,,,,,
,4940,12861652,60850,20170725,4465,4955,4460,,,,,,,
,4415,7986979,34779,20170724,4205,4550,4115,,,,,,,
,4180,9047346,37175,20170721,3915,4260,3835,,,,,,,
,3960,7312404,28487,20170720,3740,3990,3740,,,,,,,
,3655,4681913,17200,20170719,3730,3780,3575,,,,,,,
,3690,9925897,35251,20170718,3345,3690,3255,,,,,,,
,3310,3075967,10050,20170717,3270,3335,3180,,,,,,,
,3270,6971825,22485,20170714,3110,3350,3075,,,,,,,
,3100,1753846,5339,20170713,3100,3100,3000,,,,,,,
,3075,1357673,4155,20170712,3090,3115,3010,,,,,,,
,3060,3761363,11637,20170711,3015,3170,3010,,,,,,,
,3005,1843004,5447,20170710,2930,3005,2880,,,,,,,
,2915,1047673,3055,20170707,2940,2980,2895,,,,,,,
,2960,1832139,5416,20170706,3055,3060,2895,,,,,,,
,3040,2007880,5950,20170705,2985,3050,2865,,,,,,,
,2955,2014545,5967,20170704,2900,3095,2880,,,,,,,
,2960,3086331,9363,20170703,3150,3200,2955,,,,,,,
,3145,1768983,5616,20170630,3155,3240,3105,,,,,,,
,3180,2233015,7026,20170629,3200,3205,3055,,,,,,,
,3175,11542503,38210,20170628,3400,3470,3175,,,,,,,
,3125,3106504,9495,20170627,3070,3125,2955,,,,,,,
,3065,5069623,15590,20170626,3050,3130,3010,,,,,,,
,3000,2751711,8200,20170623,2960,3045,2930,,,,,,,
,3025,9330874,28386,20170622,2930,3165,2855,,,,,,,
,2930,8849210,25298,20170621,2800,3025,2695,,,,,,,
,2885,27200213,84589,20170620,2980,3300,2850,,,,,,,
,2810,24673661,68139,20170619,2535,2980,2455,,,,,,,
,2390,2812049,6605,20170616,2295,2405,2250,,,,,,,
,2270,818216,1851,20170615,2295,2300,2225,,,,,,,
,2270,1197088,2713,20170614,2250,2310,2225,,,,,,,
,2250,2229374,5111,20170613,2280,2370,2220,,,,,,,
,2225,753496,1707,20170612,2320,2330,2215,,,,,,,
,2280,864931,1950,20170609,2275,2280,2225,,,,,,,
,2245,1465603,3320,20170608,2345,2345,2245,,,,,,,
,2335,2532299,6006,20170607,2410,2465,2305,,,,,,,
,2325,990856,2293,20170605,2330,2355,2285,,,,,,,
,2345,1756180,4063,20170602,2260,2355,2235,,,,,,,
,2310,3214079,7342,20170601,2195,2350,2165,,,,,,,
,2190,2558530,5543,20170531,2285,2285,2125,,,,,,,
,2250,1835321,4141,20170530,2320,2325,2210,,,,,,,
,2320,1381094,3218,20170529,2320,2380,2260,,,,,,,
,2340,1997345,4760,20170526,2430,2495,2325,,,,,,,
,2390,2066025,4825,20170525,2300,2395,2240,,,,,,,
,2340,2749742,6382,20170524,2340,2415,2235,,,,,,,
,2340,9189563,21889,20170523,2235,2500,2170,,,,,,,
,2210,3319518,7320,20170522,2310,2325,2150,,,,,,,
,2300,3064787,7031,20170519,2360,2360,2240,,,,,,,
,2375,5386752,12803,20170518,2215,2460,2215,,,,,,,
,2275,3209309,7210,20170517,2250,2295,2195,,,,,,,
,2245,17831831,39906,20170516,1995,2350,1990,,,,,,,
,1930,1422763,2747,20170515,1915,1970,1895,,,,,,,
,1875,740302,1387,20170512,1880,1925,1850,,,,,,,
,1855,1135891,2104,20170511,1855,1890,1815,,,,,,,
,1900,2180805,4153,20170510,1890,1955,1855,,,,,,,
,1870,2841689,5281,20170508,1835,1905,1805,,,,,,,
,1775,663053,1160,20170504,1735,1785,1710,,,,,,,
,1740,570191,994,20170502,1730,1780,1715,,,,,,,
,1740,533142,940,20170428,1750,1790,1735,,,,,,,
,1750,457563,794,20170427,1725,1765,1705,,,,,,,
,1725,1230891,2167,20170426,1780,1820,1705,,,,,,,
,1755,1911233,3383,20170425,1740,1810,1725,,,,,,,
,1725,818869,1385,20170424,1700,1730,1650,,,,,,,
,1700,1173945,2011,20170421,1725,1745,1690,,,,,,,
,1715,1964935,3335,20170420,1670,1740,1635,,,,,,,
,1670,1850692,3032,20170419,1630,1670,1600,,,,,,,
,1630,5465222,8738,20170418,1550,1635,1545,,,,,,,
,1535,934530,1423,20170417,1485,1565,1475,,,,,,,
,1480,3740663,5784,20170414,1455,1610,1430,,,,,,,
,1445,353015,516,20170413,1490,1490,1445,,,,,,,
,1480,589060,856,20170412,1480,1490,1420,,,,,,,
,1475,817514,1223,20170411,1510,1540,1465,,,,,,,
,1490,3552042,5537,20170410,1530,1630,1485,,,,,,,
,1485,187218,278,20170407,1485,1500,1480,,,,,,,
,1480,366469,546,20170406,1500,1505,1480,,,,,,,
,1500,331308,496,20170405,1505,1510,1490,,,,,,,
,1490,502969,749,20170404,1495,1505,1475,,,,,,,
,1480,417062,625,20170403,1520,1520,1480,,,,,,,
,1505,558045,849,20170331,1530,1550,1500,,,,,,,
,1530,391995,596,20170330,1545,1545,1505,,,,,,,
,1540,518753,800,20170329,1520,1570,1510,,,,,,,
,1515,237179,355,20170328,1500,1515,1480,,,,,,,
,1500,414754,620,20170327,1525,1525,1480,,,,,,,
,1510,380170,568,20170324,1500,1515,1470,,,,,,,
,1515,467853,703,20170323,1490,1525,1480,,,,,,,
,1490,250691,376,20170322,1495,1520,1485,,,,,,,
,1495,552554,834,20170321,1540,1565,1470,,,,,,,
,1540,451284,700,20170320,1565,1575,1530,,,,,,,
,1560,743320,1151,20170317,1540,1570,1515,,,,,,,
,1545,1821856,2828,20170316,1525,1580,1500,,,,,,,
,1520,2953281,4423,20170315,1445,1570,1430,,,,,,,
,1435,4330227,6426,20170314,1410,1545,1395,,,,,,,
,1410,310002,433,20170313,1385,1410,1370,,,,,,,
,1385,378543,521,20170310,1410,1410,1340,,,,,,,
,1400,197835,279,20170309,1435,1435,1390,,,,,,,
,1415,223149,315,20170308,1445,1445,1400,,,,,,,
,1425,799050,1139,20170307,1390,1465,1375,,,,,,,
,1385,181851,249,20170306,1360,1390,1350,,,,,,,
,1365,428737,588,20170303,1405,1415,1345,,,,,,,
,1405,233117,329,20170302,1410,1430,1400,,,,,,,
,1400,333662,469,20170228,1445,1450,1390,,,,,,,
,1440,191869,275,20170227,1445,1445,1420,,,,,,,
,1440,251613,361,20170224,1440,1450,1410,,,,,,,
,1440,438500,635,20170223,1445,1470,1425,,,,,,,
,1430,649136,924,20170222,1415,1455,1395,,,,,,,
,1410,273904,384,20170221,1415,1420,1380,,,,,,,
,1410,228539,321,20170220,1420,1430,1395,,,,,,,
,1415,660789,925,20170217,1365,1415,1350,,,,,,,
,1370,543263,740,20170216,1335,1385,1320,,,,,,,
,1355,304233,415,20170215,1380,1385,1355,,,,,,,
,1380,214601,295,20170214,1365,1385,1360,,,,,,,
,1365,319502,432,20170213,1355,1380,1335,,,,,,,
,1355,574019,782,20170210,1360,1390,1350,,,,,,,
,1380,582305,798,20170209,1390,1405,1345,,,,,,,
,1385,944919,1301,20170208,1350,1410,1345,,,,,,,
,1350,4167510,5939,20170207,1480,1520,1345,,,,,,,
,1290,335436,430,20170206,1285,1300,1265,,,,,,,
,1285,174231,222,20170203,1275,1285,1265,,,,,,,
,1275,255225,328,20170202,1310,1310,1270,,,,,,,
,1300,250577,325,20170201,1300,1315,1290,,,,,,,
,1290,241570,311,20170131,1290,1305,1285,,,,,,,
,1285,184887,239,20170126,1280,1305,1280,,,,,,,
,1285,202780,262,20170125,1300,1320,1275,,,,,,,
,1285,133913,172,20170124,1270,1295,1270,,,,,,,
,1290,424201,551,20170123,1315,1335,1290,,,,,,,
,1330,551173,731,20170120,1370,1385,1300,,,,,,,
,1370,238887,328,20170119,1375,1395,1360,,,,,,,
,1375,118409,163,20170118,1370,1395,1365,,,,,,,
,1370,332452,459,20170117,1375,1410,1350,,,,,,,
,1395,455577,644,20170116,1470,1470,1385,,,,,,,
,1415,280509,399,20170113,1445,1450,1410,,,,,,,
,1440,445364,648,20170112,1455,1480,1430,,,,,,,
,1455,411654,591,20170111,1415,1465,1415,,,,,,,
,1420,292733,416,20170110,1435,1445,1410,,,,,,,
,1435,290312,415,20170109,1450,1450,1415,,,,,,,
,1425,249743,358,20170106,1455,1455,1425,,,,,,,
,1455,597460,864,20170105,1455,1485,1425,,,,,,,
,1445,284276,408,20170104,1450,1455,1425,,,,,,,
,1430,573844,832,20170103,1460,1485,1430,,,,,,,
,1470,1561668,2298,20170102,1420,1505,1400,,,,,,,
,1420,558404,780,20161229,1375,1420,1370,,,,,,,
,1390,622569,850,20161228,1355,1400,1350,,,,,,,
,1365,984658,1377,20161227,1375,1435,1365,,,,,,,
,1370,1307110,1819,20161226,1430,1455,1370,,,,,,,
,1430,15662536,23799,20161223,1400,1615,1400,,,,,,,
,1330,1059207,1422,20161222,1330,1380,1285,,,,,,,
,1310,469343,622,20161221,1300,1345,1300,,,,,,,
,1300,590048,773,20161220,1305,1345,1280,,,,,,,
,1300,636930,822,20161219,1310,1320,1270,,,,,,,
,1305,3947859,5321,20161216,1290,1410,1260,,,,,,,
,1275,343769,435,20161215,1260,1290,1245,,,,,,,
,1260,241320,307,20161214,1280,1295,1260,,,,,,,
,1280,564510,712,20161213,1230,1295,1215,,,,,,,
,1230,347383,423,20161212,1225,1250,1190,,,,,,,
,1225,360905,442,20161209,1215,1255,1210,,,,,,,
,1210,577890,715,20161208,1285,1285,1195,,,,,,,
,1260,812910,1071,20161207,1350,1390,1240,,,,,,,
,1330,580426,761,20161206,1315,1335,1290,,,,,,,
,1315,1370717,1823,20161205,1325,1370,1280,,,,,,,
,1325,1827027,2397,20161202,1260,1360,1240,,,,,,,
,1255,4568961,6084,20161201,1215,1420,1205,,,,,,,
,1200,300290,359,20161130,1170,1220,1170,,,,,,,
,1180,392302,469,20161129,1205,1230,1170,,,,,,,
,1215,131128,160,20161128,1225,1240,1200,,,,,,,
,1225,276119,333,20161125,1185,1230,1175,,,,,,,
,1185,534722,647,20161124,1230,1250,1185,,,,,,,
,1230,394345,496,20161123,1295,1295,1230,,,,,,,
,1280,557965,727,20161122,1305,1335,1275,,,,,,,
,1270,507570,649,20161121,1310,1315,1250,,,,,,,
,1315,906260,1208,20161118,1390,1390,1295,,,,,,,
,1385,496833,686,20161117,1420,1420,1365,,,,,,,
,1405,477837,671,20161116,1430,1430,1380,,,,,,,
,1420,271685,390,20161115,1455,1460,1410,,,,,,,
,1445,298707,432,20161114,1450,1460,1430,,,,,,,
,1430,365427,524,20161111,1445,1455,1405,,,,,,,
,1430,818144,1173,20161110,1440,1470,1400,,,,,,,
,1400,1580789,2297,20161109,1585,1590,1355,,,,,,,
,1570,527918,826,20161108,1605,1610,1535,,,,,,,
,1575,1055433,1633,20161107,1520,1580,1495,,,,,,,
,1490,324702,481,20161104,1455,1515,1455,,,,,,,
,1480,276179,410,20161103,1460,1505,1460,,,,,,,
,1470,615636,910,20161102,1510,1515,1455,,,,,,,
,1520,602903,907,20161101,1520,1545,1470,,,,,,,
,1525,738335,1139,20161031,1595,1595,1520,,,,,,,
,1570,681299,1081,20161028,1620,1620,1570,,,,,,,
,1615,901352,1459,20161027,1630,1645,1600,,,,,,,
,1630,6039151,10052,20161026,1605,1740,1570,,,,,,,
,1605,908385,1454,20161025,1650,1655,1575,,,,,,,
,1640,1539907,2504,20161024,1600,1660,1575,,,,,,,
,1570,1430444,2284,20161021,1550,1660,1550,,,,,,,
,1540,714818,1108,20161020,1530,1580,1510,,,,,,,
,1525,182777,278,20161019,1535,1535,1510,,,,,,,
,1535,342710,523,20161018,1520,1550,1505,,,,,,,
,1520,200093,305,20161017,1520,1545,1510,,,,,,,
,1535,228972,352,20161014,1555,1565,1520,,,,,,,
,1550,564759,865,20161013,1535,1560,1505,,,,,,,
,1535,733294,1140,20161012,1565,1580,1535,,,,,,,
,1565,961227,1533,20161011,1605,1635,1565,,,,,,,
,1595,409988,648,20161010,1600,1600,1560,,,,,,,
,1575,470641,739,20161007,1570,1590,1555,,,,,,,
,1550,666303,1041,20161006,1565,1580,1550,,,,,,,
,1565,616226,967,20161005,1595,1610,1560,,,,,,,
,1595,713968,1145,20161004,1585,1630,1575,,,,,,,
,1585,1087704,1732,20160930,1575,1625,1560,,,,,,,
,1570,798615,1259,20160929,1590,1600,1565,,,,,,,
,1565,817783,1286,20160928,1575,1600,1555,,,,,,,
,1575,1258823,1989,20160927,1550,1615,1545,,,,,,,
,1575,1607402,2537,20160926,1600,1630,1555,,,,,,,
,1595,3329269,5318,20160923,1635,1670,1565,,,,,,,
,1615,6733650,11429,20160922,1760,1815,1610,,,,,,,
,1750,40134185,72508,20160921,1615,1935,1570,,,,,,,
,1625,28302299,48443,20160920,1555,1825,1535,,,,,,,
,1475,1425857,2097,20160919,1505,1545,1430,,,,,,,
,1500,10603551,17575,20160913,1730,1795,1500,,,,,,,
,1470,272181,406,20160912,1535,1535,1460,,,,,,,
,1535,194821,301,20160909,1560,1570,1530,,,,,,,
,1565,376527,592,20160908,1595,1600,1550,,,,,,,
,1595,195591,312,20160907,1600,1625,1575,,,,,,,
,1595,189414,305,20160906,1640,1645,1595,,,,,,,
,1635,114076,187,20160905,1650,1655,1630,,,,,,,
,1640,378361,614,20160902,1590,1650,1575,,,,,,,
,1575,250106,397,20160901,1595,1635,1570,,,,,,,
,1595,211016,336,20160831,1600,1615,1580,,,,,,,
,1595,202737,323,20160830,1590,1615,1585,,,,,,,
,1585,177612,284,20160829,1625,1625,1585,,,,,,,
,1625,117658,190,20160826,1630,1650,1605,,,,,,,
,1630,227554,368,20160825,1635,1645,1600,,,,,,,
,1630,231042,377,20160824,1610,1655,1610,,,,,,,
,1620,477442,769,20160823,1640,1650,1600,,,,,,,
,1640,498937,831,20160822,1720,1725,1640,,,,,,,
,1650,217291,358,20160819,1650,1685,1625,,,,,,,
,1650,672124,1124,20160818,1605,1720,1605,,,,,,,
,1605,649877,1052,20160817,1665,1665,1575,,,,,,,
,1670,454534,765,20160816,1705,1720,1665,,,,,,,
,1690,248461,421,20160812,1685,1710,1680,,,,,,,
,1685,353515,598,20160811,1725,1735,1680,,,,,,,
,1720,444788,767,20160810,1720,1745,1700,,,,,,,
,1720,1265825,2051,20160809,1720,1725,1675,,,,,,,
,1720,215488,364,20160808,1700,1720,1670,,,,,,,
,1700,321837,549,20160805,1710,1730,1695,,,,,,,
,1705,354724,611,20160804,1755,1760,1695,,,,,,,
,1750,350213,613,20160803,1785,1790,1730,,,,,,,
,1775,393174,703,20160802,1780,1820,1770,,,,,,,
,1765,203947,362,20160801,1765,1800,1760,,,,,,,
,1755,309091,546,20160729,1795,1805,1750,,,,,,,
,1795,354802,636,20160728,1785,1830,1770,,,,,,,
,1785,366638,658,20160727,1820,1820,1775,,,,,,,
,1820,1863518,3452,20160726,1805,1910,1750,,,,,,,
,1810,236046,427,20160725,1800,1830,1780,,,,,,,
,1790,363391,653,20160722,1815,1825,1775,,,,,,,
,1830,293885,537,20160721,1815,1850,1810,,,,,,,
,1815,387520,710,20160720,1820,1860,1815,,,,,,,
,1820,223336,407,20160719,1850,1855,1810,,,,,,,
,1845,353753,641,20160718,1815,1845,1780,,,,,,,
,1815,358155,645,20160715,1770,1820,1770,,,,,,,
,1790,565893,1007,20160714,1800,1810,1750,,,,,,,
,1800,796986,1438,20160713,1810,1830,1790,,,,,,,
,1850,300212,550,20160712,1850,1855,1805,,,,,,,
,1845,441179,805,20160711,1830,1850,1800,,,,,,,
,1840,1559983,2847,20160708,1890,1890,1800,,,,,,,
,1890,662886,1251,20160707,1880,1915,1875,,,,,,,
,1875,3893761,7661,20160706,2020,2085,1860,,,,,,,
,1940,6775411,13284,20160705,1860,2065,1820,,,,,,,
,1850,452048,839,20160704,1880,1895,1835,,,,,,,
,1840,266363,487,20160701,1835,1850,1805,,,,,,,
,1835,443783,818,20160630,1845,1885,1805,,,,,,,
,1840,631946,1142,20160629,1810,1845,1780,,,,,,,
,1790,382110,680,20160628,1745,1815,1720,,,,,,,
,1780,559790,965,20160627,1685,1780,1630,,,,,,,
,1730,1469222,2640,20160624,1905,1940,1685,,,,,,,
,1905,1167244,2190,20160623,1880,1940,1815,,,,,,,
,1880,1441955,2687,20160622,1880,1915,1810,,,,,,,
,1870,4176079,7679,20160621,1740,1945,1735,,,,,,,
,1715,674864,1149,20160620,1655,1735,1640,,,,,,,
,1655,483131,801,20160617,1645,1690,1635,,,,,,,
,1645,611058,1023,20160616,1720,1720,1600,,,,,,,
,1720,722307,1203,20160615,1605,1720,1605,,,,,,,
,1625,182848,293,20160614,1610,1630,1580,,,,,,,
,1625,142069,230,20160613,1625,1640,1610,,,,,,,
,1625,264780,431,20160610,1640,1655,1605,,,,,,,
,1645,249555,410,20160609,1675,1675,1620,,,,,,,
,1665,355170,588,20160608,1640,1675,1625,,,,,,,
,1640,260132,424,20160607,1615,1650,1605,,,,,,,
,1615,226889,362,20160603,1595,1620,1575,,,,,,,
,1595,225343,362,20160602,1625,1635,1590,,,,,,,
,1620,257636,415,20160601,1605,1630,1600,,,,,,,
,1640,149921,243,20160531,1630,1640,1600,,,,,,,
,1630,174546,285,20160530,1650,1655,1615,,,,,,,
,1640,465943,765,20160527,1610,1685,1590,,,,,,,
,1610,126920,204,20160526,1625,1625,1595,,,,,,,
,1605,252330,410,20160525,1650,1665,1600,,,,,,,
,1635,225307,366,20160524,1635,1655,1605,,,,,,,
,1625,339089,555,20160523,1620,1675,1610,,,,,,,
,1610,151263,244,20160520,1600,1635,1600,,,,,,,
,1595,157413,252,20160519,1610,1645,1590,,,,,,,
,1600,347852,566,20160518,1655,1675,1590,,,,,,,
,1655,220503,361,20160517,1640,1665,1615,,,,,,,
,1650,341175,568,20160516,1695,1695,1650,,,,,,,
,1695,185083,316,20160513,1730,1730,1690,,,,,,,
,1705,191778,327,20160512,1730,1730,1695,,,,,,,
,1730,335015,576,20160511,1745,1765,1710,,,,,,,
,1740,426006,732,20160510,1740,1745,1700,,,,,,,
,1750,1386055,2385,20160509,1670,1775,1645,,,,,,,
,1655,374652,625,20160504,1690,1700,1640,,,,,,,
,1685,2000220,3428,20160503,1615,1840,1610,,,,,,,
,1610,309159,503,20160502,1650,1675,1600,,,,,,,
,1660,253732,421,20160429,1660,1690,1640,,,,,,,
,1680,666705,1111,20160428,1620,1700,1620,,,,,,,
,1630,311674,504,20160427,1630,1640,1595,,,,,,,
,1625,409277,659,20160426,1580,1635,1575,,,,,,,
,1580,348548,554,20160425,1610,1610,1580,,,,,,,
,1600,375768,603,20160422,1590,1625,1580,,,,,,,
,1585,630088,1012,20160421,1640,1670,1575,,,,,,,
,1635,495203,820,20160420,1660,1690,1630,,,,,,,
,1655,816568,1358,20160419,1710,1740,1635,,,,,,,
,1720,4155910,7543,20160418,1880,1930,1705,,,,,,,
,1675,864188,1463,20160415,1725,1770,1645,,,,,,,
,1690,1210925,2076,20160414,1650,1770,1640,,,,,,,
,1650,792009,1293,20160412,1595,1680,1570,,,,,,,
,1580,368049,584,20160411,1550,1605,1545,,,,,,,
,1550,164172,253,20160408,1535,1555,1525,,,,,,,
,1540,739619,1149,20160407,1520,1620,1485,,,,,,,
,1515,147845,224,20160406,1520,1535,1505,,,,,,,
,1520,200335,303,20160405,1525,1530,1500,,,,,,,
,1535,73615,113,20160404,1525,1545,1515,,,,,,,
,1530,142120,218,20160401,1545,1555,1525,,,,,,,
,1530,146104,224,20160331,1575,1575,1520,,,,,,,
,1560,219265,339,20160330,1535,1565,1525,,,,,,,
,1530,285398,437,20160329,1520,1550,1510,,,,,,,
,1510,176296,270,20160328,1540,1560,1505,,,,,,,
,1540,241148,370,20160325,1550,1570,1515,,,,,,,
,1550,185852,291,20160324,1585,1595,1550,,,,,,,
,1575,213183,338,20160323,1600,1620,1570,,,,,,,
,1590,180614,286,20160322,1600,1605,1565,,,,,,,
