187,003240,태광산업,534,1525000,9.25,164917,5.3,0.63,1.93,2430678,29158.0,2412.0,1792.0,16979
44,000670,영풍,1211,-707000,4.97,142197,8.6,0.44,4.1,1610072,37249.0,1594.0,2723.0,13023
152,002620,제일파마홀딩스,2864,24850,0.18,138848,249.6,0.65,23.71,38370,444.0,3.0,5193.0,1080
284,005300,롯데칠성,1163,-1360000,12.53,108521,7.4,0.91,9.98,1497124,22793.0,754.0,1215.0,10871
589,027410,BGF,133115,-9370,0.12,74964,428.6,0.43,4.5,21952,1238.0,104.0,34979.0,8936
138,002270,롯데푸드,4326,845000,11.29,74827,11.8,1.44,9.99,587907,18186.0,662.0,951.0,9564
1138,267250,현대중공업지주,52465,-378500,5.09,74312,,0.82,9.77,459750,142995.0,8430.0,10130.0,61645
450,011170,롯데케미칼,144650,311500,4.75,65625,21.5,0.93,2.76,335215,158745.0,29297.0,22846.0,106768
967,192400,쿠쿠홀딩스,6326,172000,3.02,57026,97.0,2.56,10.9,67311,4502.0,647.0,4520.0,12233
322,006040,동원산업,2752,295000,5.95,49609,19.7,1.1,6.09,269402,23811.0,2246.0,1678.0,9921
415,009540,현대중공업,160881,-114000,2.66,42777,18.2,0.61,15.79,187375,154688.0,146.0,26931.0,78849
358,007310,오뚜기,3971,-745000,18.88,39458,12.3,2.33,12.1,319178,21262.0,1461.0,1324.0,25628
119,001800,오리온홀딩스,63560,20100,0.51,39092,85.9,0.68,16.84,29498,1127.0,49.0,14864.0,12591
534,017670,SK텔레콤,152870,263500,7.2,36582,15.4,1.19,5.59,220967,175200.0,15366.0,26576.0,212765
661,051900,LG생활건강,26337,1256000,34.7,36199,21.9,7.43,18.4,169155,62705.0,9303.0,6186.0,196165
428,010130,고려아연,23223,395500,11.11,35591,11.0,1.25,4.96,315862,65967.0,8948.0,6340.0,74631
342,006650,대한유화,32388,225500,6.5,34701,15.5,0.99,4.42,226646,17794.0,2842.0,2145.0,14658
297,005490,POSCO,145676,319000,9.26,34464,6.5,0.64,4.88,501600,606551.0,46218.0,29735.0,278126
672,058650,세아홀딩스,1740,-123500,3.67,33612,7.5,0.26,3.6,466950,47944.0,2746.0,2111.0,4940
701,071970,STX중공업,144114,4405,0.13,33016,-315.8,0.75,3.82,5901,2524.0,302.0,7355.0,1094
166,002840,미원상사,214,-249000,7.66,32510,14.9,1.09,6.82,228360,3187.0,110.0,299.0,1974
326,006120,SK디스커버리,29728,31850,1.04,30647,54.0,0.36,9.11,88491,67467.0,1098.0,8023.0,6064
72,001130,대한제분,1536,-176000,5.74,30644,7.4,0.42,2.68,420360,8108.0,362.0,510.0,2974
627,034730,SK,44562,264500,8.81,30007,12.5,1.37,3.51,192595,932964.0,58610.0,50665.0,186103
642,037710,광주신세계,93,-209000,6.99,29904,8.6,0.58,5.4,362102,2096.0,563.0,478.0,3344
633,035420,NAVER,51186,-758000,28.54,26562,18.5,5.25,15.73,144477,46785.0,11792.0,7701.0,249857
776,097950,CJ제일제당,22802,338500,12.93,26179,10.9,1.45,8.49,232686,164772.0,7766.0,4128.0,50955
663,051910,LG화학,266766,366000,14.43,25367,12.9,1.77,6.03,206544,256980.0,29285.0,20220.0,258368
127,002030,아세아,3118,-125500,5.45,23008,6.6,0.4,2.02,310339,11978.0,641.0,735.0,2750
50,000810,삼성화재,40984,-270000,11.88,22731,8.4,1.15,,235548,186684.0,11388.0,9689.0,127912
772,096770,SK이노베이션,122297,197500,8.75,22574,12.0,1.02,4.72,192989,462609.0,32344.0,21451.0,182619
434,010620,현대미포조선,161252,-95100,4.34,21910,20.1,0.86,11.03,110839,24534.0,1079.0,4452.0,19020
883,139480,이마트,48096,210500,9.74,21621,7.7,0.71,8.77,295657,158767.0,5669.0,6279.0,58679
466,011810,STX,202716,-18850,0.9,20985,-232.2,8.48,11.53,2224,18039.0,441.0,3344.0,3367
474,012320,경동인베스트,7590,-49000,2.36,20799,11.0,0.33,1.98,149216,1951.0,364.0,519.0,1159
638,036570,엔씨소프트,141138,391000,18.84,20756,19.1,3.15,11.68,124037,17587.0,5850.0,4440.0,85782
42,000650,천일고속,593,83600,4.4,18993,63.0,2.53,166.11,32982,552.0,-20.0,271.0,1195
151,002600,조흥,6,-206000,10.94,18830,9.7,1.03,6.57,200652,1621.0,141.0,113.0,1236
171,002960,한국쉘석유,297,343000,18.39,18649,24.6,4.48,12.56,76494,2105.0,300.0,242.0,4459
234,004170,신세계,92147,313500,16.92,18530,5.5,0.9,8.73,347557,38714.0,3457.0,2136.0,30865
218,003830,대한화섬,818,125500,6.91,18171,4.7,0.36,16.72,353044,1108.0,57.0,204.0,1667
735,086280,현대글로비스,35953,125500,6.92,18147,18.2,1.18,5.93,106381,163583.0,7271.0,6805.0,47063
475,012330,현대모비스,132948,232000,14.01,16558,5.4,0.77,6.04,300935,351446.0,20249.0,15577.0,225838
957,183190,아세아시멘트,8468,-132000,8.02,16465,8.2,0.64,5.32,206559,4612.0,532.0,554.0,5142
64,001040,CJ,118136,-134500,8.26,16286,12.1,1.08,4.49,125004,268986.0,13260.0,11377.0,39243
242,004370,농심,23896,-253000,16.14,15678,5.0,0.84,5.88,300600,22083.0,964.0,907.0,15389
227,004090,한국석유,11342,-176500,11.7,15083,6.8,0.79,10.1,224172,4245.0,142.0,99.0,1156
43,000660,SK하이닉스,3611187,81800,5.43,15073,36.8,1.76,2.94,46449,301094.0,137213.0,106422.0,595506
288,005380,현대차,231933,124500,8.3,14993,5.9,0.51,8.53,242062,963761.0,45747.0,45464.0,266017
538,017940,E1,5320,65800,4.51,14600,7.4,0.38,13.46,171187,44082.0,937.0,868.0,4514
304,005740,크라운해태홀딩스,15934,14750,1.02,14475,58.1,0.79,9.4,18608,10021.0,342.0,1753.0,2190
206,003550,LG,173534,70600,5.18,13630,16.0,0.78,4.84,90990,118411.0,21858.0,24356.0,121825
657,049770,동원F&B,6933,283000,21.26,13313,9.0,1.84,12.5,153682,25526.0,724.0,514.0,10921
123,002000,한국유리,7424,-53900,4.13,13042,21.7,0.81,6.28,66487,3454.0,174.0,1394.0,5433
833,120030,조선선재,3238,90700,6.96,13029,16.6,1.17,1.98,77519,660.0,177.0,154.0,1141
18,000210,대림산업,106603,80400,6.33,12702,10.1,0.61,5.15,131198,123355.0,5459.0,5080.0,27979
544,018670,SK가스,11071,-84100,7.21,11663,7.1,0.51,11.97,165535,66897.0,1254.0,1499.0,7615
259,004800,효성,108396,41400,3.58,11575,9.0,0.34,5.04,123059,125464.0,7708.0,3408.0,5711
693,069960,현대백화점,68148,-99200,8.82,11242,6.6,0.59,4.96,169016,18481.0,3937.0,3023.0,23215
1140,267270,현대건설기계,42614,-122000,10.99,11098,,1.03,10.85,118638,18867.0,952.0,466.0,12049
644,039490,키움증권,62084,89900,8.27,10870,17.4,1.3,,68988,5892.0,3158.0,2416.0,19868
441,010950,S-Oil,311255,123000,11.49,10706,18.8,2.1,9.88,58682,208914.0,13733.0,12465.0,138477
330,006260,LS,112055,-67300,6.3,10691,11.5,0.8,7.29,84524,95151.0,4072.0,3648.0,21671
264,004890,동일산업,5815,67300,6.41,10500,7.0,0.47,-0.35,142147,3791.0,235.0,233.0,1632
670,057050,현대홈쇼핑,8853,112500,10.74,10473,8.2,0.87,4.37,128703,10431.0,1253.0,1225.0,13500
310,005830,DB손해보험,148097,-66100,6.33,10445,15.0,1.01,,65368,135717.0,8679.0,6692.0,46799
712,078930,GS,111184,53600,5.15,10416,13.4,0.66,6.26,81628,162099.0,20712.0,10919.0,49803
536,017810,풀무원,5012,119000,11.51,10339,14.6,1.69,6.1,70316,22381.0,535.0,304.0,4533
308,005810,풍산홀딩스,815,-41100,3.98,10325,10.3,0.48,3.47,85824,3148.0,736.0,677.0,3220
307,005800,신영와코루,84,-142000,14.0,10140,3.0,0.42,5.1,338648,1824.0,60.0,91.0,1278
759,092230,KPX홀딩스,117,64100,6.49,9872,6.8,0.44,-0.08,145038,7533.0,364.0,584.0,2708
425,010060,OCI,216166,109500,11.12,9849,7.2,0.78,5.92,140563,36316.0,2844.0,2326.0,26115
338,006400,삼성SDI,203911,224000,22.8,9824,6.0,1.4,27.07,159945,63216.0,1169.0,6432.0,154033
105,001630,종근당홀딩스,1568,68900,7.06,9766,12.5,0.84,4.36,81622,4507.0,435.0,674.0,3452
9,000100,유한양행,15231,230000,23.59,9751,7.0,1.79,17.32,128815,14622.0,887.0,1096.0,28082
680,066570,LG전자,812975,74700,7.8,9579,13.7,1.02,4.3,73129,613963.0,24685.0,18695.0,122245
532,017390,서울가스,41,-88000,9.41,9350,4.0,0.48,-0.58,182485,13504.0,101.0,366.0,4400
619,033780,KT&G,228447,-104000,11.28,9217,15.7,1.84,7.4,56609,46672.0,14261.0,11642.0,142784
355,007160,사조산업,11128,-58400,6.6,8847,12.2,0.76,8.08,76465,8160.0,591.0,541.0,2920
703,072710,농심홀딩스,2596,-88200,10.06,8765,4.8,0.47,8.17,185858,4966.0,471.0,407.0,4091
695,071050,한국금융지주,154348,-68200,7.81,8731,14.1,1.09,,62616,9172.0,6543.0,4631.0,38005
189,003300,한일홀딩스,8878,81800,9.44,8669,3.8,0.38,3.22,213895,15743.0,1328.0,656.0,2781
198,003490,대한항공,207545,27900,3.23,8639,29.4,0.74,6.14,37824,120922.0,9398.0,8019.0,26462
846,128820,대성산업,82857,-5100,0.6,8533,73.0,0.54,115.68,9513,9003.0,-120.0,2231.0,2307
132,002170,삼양통상,2764,-41000,4.93,8310,9.6,0.45,0.91,90524,1706.0,302.0,249.0,1230
805,105560,KB금융,588998,51600,6.21,8305,10.2,0.63,,81411,113825.0,40153.0,33435.0,215746
348,006840,AK홀딩스,32965,-67200,8.7,7727,15.1,1.27,3.02,52954,33925.0,2656.0,1854.0,8902
463,011780,금호석유,126403,102500,13.4,7647,12.3,1.86,9.74,55019,50648.0,2626.0,2176.0,31229
273,004990,롯데지주,93490,-48400,6.35,7625,11.0,0.59,150.39,81890,23760.0,102.0,4953.0,56418
90,001460,BYC,32,-260500,35.14,7414,1.6,0.55,12.64,475434,1958.0,172.0,62.0,1627
125,002020,코오롱,24543,37250,5.04,7396,14.2,0.64,12.09,58235,43930.0,1068.0,1096.0,4493
445,011070,LG이노텍,779448,-137000,18.55,7386,9.4,1.66,6.72,82426,76414.0,2965.0,1748.0,32424
294,005430,한국공항,5733,-37700,5.15,7316,7.5,0.38,0.67,99734,4854.0,270.0,224.0,1194
213,003650,미창석유,1028,-80000,10.94,7310,5.1,0.56,1.78,142513,3132.0,136.0,125.0,1392
624,034300,신세계건설,3340,-31700,4.37,7256,20.2,0.79,5.48,39918,10644.0,247.0,290.0,1268
647,042660,대우조선해양,292606,-28850,4.04,7141,28.1,0.91,7.21,31816,111018.0,7330.0,6458.0,30929
368,007690,국도화학,4350,58300,8.21,7101,9.2,0.74,5.41,78858,10760.0,565.0,420.0,3388
523,016590,신대양제지,38553,89800,12.77,7032,10.4,1.31,11.29,68314,5128.0,288.0,272.0,3619
267,004960,한신공영,50283,18500,2.7,6860,23.6,0.58,2.05,31749,19843.0,1333.0,725.0,2141
184,003200,일신방직,2261,118500,17.28,6858,2.3,0.41,5.19,286250,4925.0,145.0,170.0,2844
541,018260,삼성에스디에스,114694,232500,33.91,6856,9.9,3.24,14.16,71833,92992.0,7316.0,5418.0,179903
736,086790,하나금융지주,656355,42650,6.26,6817,8.8,0.53,,80654,89324.0,27181.0,21166.0,128053
812,108670,LG하우시스,20881,-66300,9.76,6794,7.1,0.67,6.0,98558,32565.0,1330.0,679.0,5946
108,001720,신영증권,1079,-57800,8.76,6601,6.7,0.88,,65617,2393.0,1166.0,790.0,5425
612,032830,삼성생명,166995,-91500,14.09,6494,4.2,0.62,,146795,166458.0,16906.0,12632.0,183000
439,010780,아이에스동서,65657,35700,5.62,6355,19.9,1.03,4.28,34537,18330.0,3245.0,1950.0,11006
699,071840,롯데하이마트,34559,-71100,11.31,6288,7.6,0.83,7.71,85810,40993.0,2075.0,1484.0,16785
856,134380,미원화학,1033,-43400,6.93,6265,15.8,1.14,4.8,38134,1511.0,136.0,136.0,948
422,009970,영원무역홀딩스,1153,54500,8.83,6169,8.2,0.84,2.13,65108,23848.0,2103.0,1176.0,7431
508,015230,대창단조,1619,44600,7.27,6136,7.7,0.54,2.21,81948,2576.0,189.0,127.0,892
669,055550,신한지주,748970,41800,6.83,6116,9.1,0.6,,69210,117987.0,38287.0,29481.0,198215
488,013580,계룡건설,64549,-24650,4.03,6112,16.7,0.65,4.05,37841,22408.0,1150.0,565.0,2201
698,071320,지역난방공사,3377,-64200,10.64,6035,3.9,0.41,10.52,158025,18344.0,1198.0,699.0,7434
255,004700,조광피혁,1321,-34450,5.74,6005,10.2,1.02,7.6,33938,1743.0,246.0,220.0,2291
314,005930,삼성전자,6443602,-46150,7.7,5997,21.0,1.64,3.06,28126,2395754.0,536450.0,421867.0,2962518
634,035510,신세계 I&C,6406,111000,18.52,5993,6.0,1.15,3.93,96712,3202.0,155.0,99.0,1909
220,003920,남양유업,746,-632000,106.72,5922,0.6,0.63,3.91,1009374,11670.0,51.0,50.0,4550
89,001450,현대해상,160281,37650,6.46,5824,15.6,1.08,,34717,128624.0,6308.0,4644.0,33659
480,012630,HDC,1608404,24550,4.26,5763,14.4,0.63,0.88,38991,53587.0,6461.0,4137.0,7720
747,090430,아모레퍼시픽,113600,-269500,47.19,5711,9.8,4.48,18.56,60186,51238.0,5964.0,3980.0,157546
54,000880,한화,198909,30750,5.47,5619,9.1,0.66,3.4,46382,504044.0,21589.0,13109.0,23050
576,025000,KPX케미칼,790,64700,11.67,5543,6.2,0.72,4.03,89789,7037.0,300.0,271.0,3131
961,185750,종근당,18124,104500,19.12,5465,14.2,2.56,10.92,40781,8844.0,778.0,537.0,10324
224,004020,현대제철,172340,52800,9.68,5455,4.4,0.42,6.15,125261,191660.0,13676.0,7275.0,70459
402,009240,한샘,96329,-87600,16.18,5413,18.3,4.06,12.79,21565,20625.0,1405.0,959.0,20616
493,014280,금강공업,2285,23750,4.4,5400,9.0,0.43,2.82,54792,6132.0,460.0,266.0,1153
847,128940,한미약품,52473,461000,85.74,5377,8.8,7.37,47.08,62534,9166.0,822.0,690.0,52488
798,103140,풍산,139851,-32400,6.03,5375,11.9,0.69,5.35,46640,29450.0,2411.0,1507.0,9080
135,002220,한일철강,1048,23500,4.4,5343,6.2,0.3,12.72,79035,1558.0,45.0,94.0,525
607,031440,신세계푸드,14726,118500,22.26,5324,6.7,1.46,8.05,81360,12075.0,298.0,206.0,4589
41,000640,동아쏘시오홀딩스,13816,100500,18.92,5311,3.6,0.68,10.85,148700,6903.0,534.0,325.0,6169
313,005880,대한해운,77324,-23250,4.48,5186,20.0,0.86,10.54,27104,15607.0,1009.0,1092.0,5679
40,000590,CS홀딩스,3928,-69000,13.43,5138,2.7,0.37,-2.88,187283,1210.0,170.0,143.0,797
623,034220,LG디스플레이,3252042,-21450,4.26,5038,13.2,0.53,1.74,40170,277902.0,24616.0,19371.0,76751
420,009830,한화케미칼,956487,19600,3.9,5021,14.6,0.54,5.41,36250,93418.0,7564.0,8345.0,31970
498,014680,한솔케미칼,34711,-83900,17.15,4893,18.0,2.95,9.95,28396,5216.0,792.0,581.0,9477
5,000070,삼양홀딩스,11720,-101500,20.84,4871,2.8,0.66,6.5,154881,23963.0,988.0,672.0,8693
369,007700,F&F,105089,95000,19.54,4863,28.7,4.94,13.31,19218,5605.0,981.0,749.0,14630
249,004490,세방전지,39395,35350,7.3,4843,7.8,0.56,2.79,63549,11111.0,698.0,667.0,4949
933,161390,한국타이어,198132,44900,9.28,4837,9.7,0.87,5.08,51331,68129.0,7934.0,6065.0,55620
834,120110,코오롱인더,110720,-65400,13.54,4830,6.5,0.85,9.05,76824,46070.0,1980.0,1227.0,16838
222,003960,사조대림,40371,-22400,4.65,4813,14.5,0.63,4.38,35596,9874.0,554.0,423.0,1335
578,025540,한국단자,6832,-43600,9.12,4783,7.7,0.67,2.66,64864,7444.0,661.0,498.0,4541
299,005610,SPC삼립,12906,126000,26.89,4685,13.3,3.88,14.09,32469,20655.0,547.0,382.0,10873
331,006280,녹십자,29997,186500,39.98,4665,5.2,2.1,18.27,89010,12879.0,903.0,567.0,21795
319,005960,동부건설,39503,-9740,2.13,4572,34.6,0.68,1.83,14425,7015.0,256.0,963.0,2032
248,004450,삼화왕관,110,46800,10.36,4516,6.4,0.75,5.05,62303,1049.0,110.0,84.0,1008
510,015350,부산가스,656,-36050,8.01,4501,8.0,0.68,3.36,52811,9352.0,378.0,450.0,3966
559,021240,코웨이,91759,91500,20.41,4484,30.1,6.97,10.26,13128,25168.0,4727.0,3256.0,67527
511,015360,예스코홀딩스,289,39700,8.86,4481,3.6,0.37,4.54,106531,11152.0,244.0,271.0,2382
503,014830,유니드,11577,50100,11.25,4454,6.2,0.68,6.41,73283,7624.0,671.0,411.0,4454
176,003030,세아제강,95513,-71000,16.2,4384,2.0,0.34,5.59,206172,22899.0,1191.0,291.0,4260
391,008870,금비,686,-69000,15.88,4344,3.8,0.74,3.78,93582,1855.0,117.0,66.0,690
121,001880,삼호,429,14200,3.34,4256,22.2,0.67,-0.07,21250,8586.0,838.0,646.0,2156
145,002380,KCC,12543,-333500,78.49,4249,0.7,0.6,8.94,554654,38640.0,3298.0,423.0,35206
482,012750,에스원,32517,86200,20.33,4239,12.4,2.71,8.27,31786,19423.0,2026.0,1433.0,32755
33,000480,조선내화,312,83400,19.75,4223,2.5,0.6,14.19,139324,6943.0,-32.0,227.0,3336
697,071090,하이스틸,25063,37100,8.86,4187,6.4,0.55,7.76,68057,2117.0,110.0,84.0,742
418,009770,삼정펄프,290,36600,8.77,4172,5.8,0.5,0.0,73362,1434.0,77.0,104.0,915
716,079440,아이엔지생명,86928,-35850,8.64,4149,8.7,0.8,,44738,31575.0,4503.0,3402.0,29397
27,000320,노루홀딩스,10739,14350,3.49,4114,11.7,0.51,5.14,28287,7713.0,173.0,620.0,1907
676,060980,한라홀딩스,13905,-42000,10.42,4032,4.6,0.49,12.58,86433,9222.0,627.0,435.0,4537
52,000850,화천기공,2821,-48800,12.32,3961,3.2,0.39,3.33,126071,2084.0,110.0,87.0,1074
1087,251270,넷마블,153401,123500,31.6,3908,11.2,2.43,13.88,50919,24248.0,5098.0,3609.0,105240
679,064960,S&T모티브,25823,32450,8.35,3888,8.1,0.66,1.96,49272,11375.0,967.0,591.0,4745
594,028260,삼성물산,179234,123500,31.84,3879,3.1,1.05,19.19,117902,292790.0,8813.0,4811.0,234267
186,003230,삼양식품,27402,-84700,22.24,3808,15.3,3.19,12.91,26560,4585.0,433.0,291.0,6380
535,017800,현대엘리베이,426329,104000,27.36,3801,11.6,3.06,18.09,33952,19937.0,1353.0,790.0,28245
79,001270,부국증권,14309,22950,6.04,3797,8.0,0.64,,35752,1319.0,473.0,376.0,2380
1141,267290,경동도시가스,5311,44050,11.68,3771,,0.71,2.94,62295,8715.0,217.0,178.0,2078
951,180640,한진칼,444112,18550,4.99,3717,17.6,0.73,6.95,25481,11497.0,1153.0,2291.0,10976
254,004690,삼천리,2887,107500,28.98,3709,1.1,0.35,5.52,305706,32951.0,611.0,51.0,4359
150,002460,화성산업,18568,-14150,3.84,3687,13.5,0.51,2.09,28003,5680.0,590.0,446.0,1762
902,145720,덴티움,8074,-93500,25.37,3686,26.1,6.39,23.43,14622,1506.0,411.0,303.0,10349
337,006390,한일현대시멘트,140067,74300,20.25,3670,34.9,5.95,31.0,12492,3487.0,249.0,615.0,12452
361,007540,샘표,21603,-31400,8.65,3632,6.4,0.64,2.64,49201,2748.0,180.0,128.0,903
427,010120,LS산전,87258,71200,19.87,3583,9.5,1.86,9.64,38191,23437.0,1584.0,1060.0,21360
809,107590,미원홀딩스,384,42500,11.91,3569,7.5,0.81,6.57,52436,1176.0,92.0,127.0,991
53,000860,강남제비스코,2888,-26900,7.54,3568,4.9,0.36,2.23,74589,3424.0,123.0,220.0,1749
87,001430,세아베스틸,48813,-20050,5.63,3560,7.1,0.39,4.67,51205,30553.0,1885.0,1372.0,7190
904,145990,삼양사,11232,72500,20.46,3543,3.3,0.71,7.19,101548,20412.0,889.0,492.0,7460
599,029780,삼성카드,72859,34950,9.91,3528,5.7,0.58,,59753,30113.0,5056.0,3867.0,40493
4,000060,메리츠화재,170271,18550,5.28,3510,22.5,1.15,,16071,64287.0,5136.0,3846.0,21088
223,004000,롯데정밀화학,44768,60900,17.39,3503,7.7,1.32,8.0,46229,11595.0,1111.0,892.0,15712
1139,267260,현대일렉트릭,18031,63900,18.91,3379,,0.63,9.81,101885,14496.0,624.0,143.0,6521
606,031430,신세계인터내셔날,52823,196000,58.14,3371,5.0,2.83,27.65,69236,11025.0,254.0,241.0,13994
997,210980,SK디앤디,9470,-32200,9.58,3362,23.1,2.01,32.4,16007,3308.0,237.0,650.0,5202
280,005180,빙그레,32545,68900,20.57,3349,5.6,1.28,7.56,53683,8575.0,347.0,296.0,6788
626,034590,인천도시가스,507,30000,9.01,3331,8.2,0.77,2.23,39095,5376.0,149.0,137.0,1312
1148,268280,미원에스씨,937,-66000,19.87,3321,,1.85,10.97,35770,2083.0,218.0,172.0,3435
598,029530,신도리코,7435,-50300,15.61,3222,3.7,0.59,-1.44,84905,5584.0,326.0,317.0,5070
683,068270,셀트리온,588311,279500,87.18,3206,17.8,14.42,56.16,19381,9491.0,5220.0,4007.0,350482
518,016360,삼성증권,138703,31900,10.18,3135,6.6,0.65,,49380,9670.0,3603.0,2710.0,28487
465,011790,SKC,104101,45750,14.74,3104,7.7,1.18,9.91,38631,26535.0,1757.0,1363.0,17172
859,136490,선진,30670,13200,4.26,3102,21.0,0.97,7.38,13568,8167.0,547.0,556.0,3139
1005,214320,이노션,21652,58400,19.0,3074,9.3,1.74,4.31,33615,11387.0,967.0,757.0,11680
689,069620,대웅제약,53666,199000,65.03,3060,6.2,4.44,32.17,44831,9603.0,390.0,354.0,23057
659,051600,한전KPS,115282,36850,12.2,3021,16.0,1.83,7.2,20113,12368.0,1641.0,1360.0,16583
671,058430,포스코강판,17409,-21500,7.17,2999,8.6,0.6,5.02,36071,9121.0,244.0,175.0,1290
686,069260,휴켐스,68815,25500,8.54,2985,21.3,1.79,4.45,14210,7158.0,1526.0,1101.0,10424
457,011390,부산산업,50732,218500,73.77,2962,6.4,4.61,18.35,47358,1178.0,68.0,48.0,2307
742,089590,제주항공,59711,39800,13.45,2960,25.8,3.17,5.95,12574,9964.0,1013.0,778.0,10490
298,005500,삼진제약,60264,55400,19.16,2891,19.7,3.98,13.92,13919,2453.0,469.0,358.0,7701
549,019440,세아특수강,485,-17100,6.08,2814,7.8,0.47,4.32,36363,7299.0,351.0,237.0,1465
311,005850,에스엘,40370,20950,7.46,2810,10.2,0.74,5.08,28436,14855.0,548.0,962.0,7095
995,210540,디와이파워,70580,-18700,6.76,2767,26.7,1.61,5.95,11606,3245.0,336.0,305.0,2065
501,014820,동원시스템즈,29152,32700,11.85,2759,20.8,2.19,7.96,14935,12832.0,1026.0,847.0,8377
1065,241560,두산밥캣,128801,-34850,12.79,2725,8.1,1.02,8.83,34190,33892.0,3945.0,2738.0,34937
1161,272450,진에어,267213,21300,7.83,2722,47.8,2.76,2.91,7727,8884.0,969.0,741.0,6390
597,029460,케이씨,128052,21450,8.03,2671,27.7,1.37,3.06,15692,5730.0,555.0,850.0,2907
172,002990,금호산업,52408,11250,4.22,2665,27.1,1.04,15.17,10865,12979.0,311.0,953.0,4033
566,023590,다우기술,105280,-22300,8.42,2648,11.5,0.95,-5.28,23560,13911.0,3315.0,2431.0,10005
359,007340,디티알오토모티브,12839,33500,12.7,2637,7.8,0.68,3.56,49436,8779.0,595.0,535.0,3348
862,138040,메리츠금융지주,85626,-12150,4.68,2596,19.4,0.84,,14400,12356.0,10037.0,7557.0,17037
324,006090,사조오양,27000,11550,4.54,2546,17.3,0.73,6.11,15779,3102.0,242.0,240.0,1088
61,000990,DB하이텍,448429,17250,6.78,2546,27.6,1.68,4.53,10240,6797.0,1432.0,1102.0,7659
762,093050,LF,208532,25750,10.22,2519,6.9,0.69,4.09,37363,16021.0,1101.0,700.0,7529
1081,248170,샘표식품,12367,32900,13.07,2518,10.5,1.31,5.6,25185,2747.0,203.0,115.0,1503
968,192530,광주은행,11598,-11250,4.47,2515,8.8,0.36,,30828,8021.0,1813.0,1342.0,5773
816,111770,영원무역,89309,34800,14.05,2477,8.8,1.25,6.22,27747,20093.0,1811.0,947.0,15420
817,112610,씨에스윈드,45245,29300,11.9,2462,13.0,1.68,9.73,17454,3122.0,354.0,390.0,5065
553,020000,한섬,41122,38350,15.65,2451,6.0,1.02,12.36,37575,12287.0,550.0,539.0,9446
162,002790,아모레G,71597,-99700,41.0,2432,7.0,2.96,7.04,33714,60291.0,7315.0,4895.0,82211
25,000270,기아차,660875,-31250,12.95,2414,3.6,0.47,4.68,66264,535357.0,6622.0,9680.0,126676
527,016800,퍼시스,552,-30500,13.05,2338,5.9,0.91,6.72,33427,2895.0,230.0,221.0,3508
935,161890,한국콜마,75339,73200,32.68,2240,16.4,5.06,20.32,14458,8216.0,670.0,486.0,16358
913,152330,코리아오토글라스,29845,12350,5.52,2238,15.0,0.78,2.69,15910,4721.0,525.0,448.0,2470
572,024110,기업은행,382208,15050,6.91,2178,8.0,0.5,,29937,80760.0,20283.0,15085.0,84277
715,079430,현대리바트,57406,24700,11.42,2163,10.7,1.23,7.47,20143,8884.0,493.0,370.0,5072
632,035250,강원랜드,227849,-29650,13.73,2159,13.0,1.81,7.0,16365,16045.0,5309.0,4375.0,63433
396,009150,삼성전기,707222,152500,71.3,2139,3.8,2.8,14.3,54531,68385.0,3062.0,1773.0,113908
603,030610,교보증권,63473,9460,4.5,2103,9.4,0.42,,22662,2642.0,912.0,733.0,3406
412,009450,경동나비엔,45195,55000,26.28,2093,10.7,2.73,11.38,20135,6847.0,478.0,270.0,7007
932,161000,애경유화,79561,11050,5.38,2054,23.2,1.16,3.5,9495,9598.0,751.0,647.0,3540
139,002300,한국제지,3924,21300,10.44,2040,2.0,0.21,6.85,99906,6779.0,97.0,80.0,1066
514,015760,한국전력,850898,30750,15.2,2023,1.8,0.28,4.79,111660,598149.0,49532.0,14414.0,197404
1,000030,우리은행,590152,16350,8.18,1999,7.4,0.54,,30127,85507.0,21567.0,15301.0,110526
383,008490,서흥,11225,29600,14.84,1995,8.7,1.27,9.24,23330,3500.0,373.0,264.0,3424
462,011760,현대상사,234321,-32050,16.27,1970,6.3,1.17,16.27,27347,43060.0,340.0,251.0,4240
718,079660,사조해표,134267,-12350,6.28,1968,10.0,0.59,64.68,20786,6534.0,-16.0,141.0,884
1162,272550,삼양패키징,33633,-19150,9.74,1966,12.1,1.11,6.61,17296,3334.0,427.0,279.0,2721
182,003120,일성신약,121,-101000,51.64,1956,0.8,0.83,39.17,121363,670.0,26.0,26.0,2687
601,030200,KT,489061,28800,14.8,1946,4.1,0.64,2.39,44749,233873.0,13753.0,5615.0,75200
1157,271560,오리온,55862,-107000,55.96,1912,,3.23,27.0,33092,11172.0,1074.0,767.0,42301
14,000150,두산,39625,-108000,56.57,1909,1.7,1.07,6.51,100593,175852.0,11799.0,459.0,20734
309,005820,원림,540,-19650,10.39,1892,4.2,0.48,3.93,40538,741.0,50.0,55.0,432
616,033270,유나이티드제약,46767,-29150,15.49,1882,14.7,2.34,11.62,12444,1970.0,317.0,279.0,4724
970,192820,코스맥스,52239,148500,79.12,1877,8.8,6.84,33.48,21704,8840.0,351.0,155.0,14924
1030,226320,잇츠한불,36223,44400,23.99,1851,8.4,2.23,12.35,19940,2457.0,454.0,420.0,9737
24,000240,한국타이어월드와이드,21908,18250,9.87,1849,5.9,0.58,6.49,31402,8248.0,1993.0,1790.0,16976
620,033920,무학,14468,14450,7.86,1839,10.0,0.77,6.17,18800,2505.0,287.0,515.0,4118
1002,213500,한솔제지,275829,21300,11.75,1813,8.8,0.97,9.16,21976,17571.0,675.0,420.0,5070
47,000720,현대건설,819149,63900,35.3,1810,3.2,1.1,4.86,58029,168871.0,9861.0,3716.0,71156
872,139130,DGB금융지주,375239,10100,5.65,1787,8.0,0.44,,23088,18239.0,4092.0,3163.0,17084
11,000120,CJ대한통운,34321,-154500,86.51,1786,1.3,1.49,14.03,103964,71104.0,2357.0,389.0,35245
540,018250,애경산업,301333,71500,40.06,1785,37.2,12.94,33.12,5524,6289.0,497.0,381.0,18746
522,016580,환인제약,34958,21000,11.8,1780,11.7,1.61,9.7,13069,1480.0,297.0,272.0,3906
211,003610,방림,3161,23200,13.04,1779,3.8,0.53,5.22,43681,1481.0,63.0,70.0,982
668,055490,테이팩스,33743,27650,15.83,1747,9.6,1.48,10.5,18660,1059.0,120.0,77.0,1304
164,002810,삼영무역,9232,-15750,9.04,1742,9.6,0.84,13.95,18764,2594.0,99.0,286.0,2593
93,001500,현대차증권,8414,-9690,5.66,1711,6.0,0.34,,28815,2123.0,668.0,502.0,2843
0,000020,동화약품,86595,-11400,6.71,1700,17.1,1.07,8.39,10631,2589.0,110.0,470.0,3184
573,024720,한국콜마홀딩스,40440,-38500,22.88,1683,10.3,2.19,10.04,17540,4906.0,618.0,517.0,6907
864,138250,엔에스쇼핑,52612,12300,7.39,1664,13.9,0.99,6.16,12372,4768.0,800.0,552.0,4145
268,004970,신라교역,8027,14050,8.48,1657,5.7,0.47,0.82,29975,4131.0,294.0,265.0,2248
1198,282330,BGF리테일,21651,159000,98.21,1619,,7.07,52.54,22486,9387.0,265.0,280.0,27481
203,003540,대신증권,75931,12250,7.59,1615,6.4,0.57,,21524,4686.0,1330.0,1159.0,6220
635,035720,카카오,280278,-124000,77.4,1602,2.9,2.09,29.43,59332,19723.0,1654.0,1251.0,94595
677,063160,종근당바이오,9206,20050,12.83,1563,5.8,0.74,4.93,27162,1182.0,90.0,80.0,1049
71,001120,LG상사,109639,-22250,14.29,1557,4.9,0.72,6.32,30815,128272.0,2123.0,882.0,8624
734,085620,미래에셋생명,247119,4975,3.23,1541,11.3,0.4,,12336,22844.0,640.0,2211.0,8807
293,005420,코스모화학,101842,-19000,12.36,1537,23.9,2.69,13.72,7066,4316.0,207.0,273.0,2967
230,004130,대덕GDS,107920,12850,8.37,1536,7.2,0.61,2.63,21063,4824.0,300.0,337.0,2644
352,007070,GS리테일,86306,-36950,24.07,1535,5.9,1.4,8.38,26369,82666.0,1657.0,1151.0,28452
181,003090,대웅,250144,17500,11.41,1534,12.9,1.87,8.43,9367,11240.0,845.0,857.0,10175
29,000370,한화손해보험,69738,6710,4.42,1519,14.3,0.66,,10145,52773.0,1975.0,1476.0,7833
593,028100,동아지질,136133,18800,12.42,1514,11.2,1.38,3.25,13585,3397.0,203.0,171.0,2162
120,001820,삼화콘덴서,440958,-83000,54.89,1512,25.7,12.66,31.62,6555,1993.0,220.0,155.0,8628
495,014440,영보화학,31306,-4140,2.76,1502,23.2,0.59,2.6,6986,1646.0,125.0,296.0,828
302,005720,넥센,30769,6070,4.05,1499,9.4,0.38,3.88,16048,3140.0,734.0,818.0,3250
782,100220,비상교육,18403,-8170,5.53,1477,9.0,0.51,2.4,16098,1456.0,258.0,181.0,1062
246,004430,송원산업,145741,26000,17.63,1475,9.6,1.64,9.86,15869,7249.0,545.0,347.0,6240
106,001680,대상,112461,-27450,18.71,1467,6.1,1.14,8.25,24181,29688.0,967.0,518.0,9511
654,047050,포스코대우,341210,-17800,12.33,1444,6.6,0.78,9.63,22774,225717.0,4013.0,1668.0,21961
645,039570,HDC아이콘트롤스,34443,13000,9.01,1443,12.8,1.09,9.17,11953,2640.0,148.0,238.0,2140
744,090350,노루페인트,203294,-11750,8.17,1439,10.2,0.8,8.52,14613,5514.0,278.0,294.0,2350
610,032560,황금에스티,80133,-11150,7.78,1434,9.7,0.72,5.24,15528,2247.0,275.0,227.0,1561
972,195870,해성디에스,79237,17950,12.73,1410,14.0,1.69,8.28,10644,3251.0,339.0,239.0,3052
614,033240,자화전자,49790,12000,8.53,1406,8.5,0.76,1.96,15845,4456.0,279.0,249.0,2148
343,006660,삼성공조,2039,10800,7.73,1398,5.6,0.42,-4.44,25465,918.0,43.0,110.0,878
625,034310,NICE,173690,17050,12.28,1388,9.2,1.16,2.18,14726,14501.0,1226.0,928.0,6459
240,004360,세방,12218,13050,9.51,1372,4.1,0.39,7.86,33681,6661.0,115.0,314.0,2520
571,024090,디씨엠,1075,-12350,9.01,1371,8.6,0.93,4.23,13211,1336.0,166.0,141.0,1445
727,084010,대한제강,78736,-7050,5.15,1370,6.9,0.38,0.91,18670,12285.0,471.0,296.0,1738
243,004380,삼익THK,46213,12900,9.46,1364,16.6,1.49,6.76,8633,3711.0,349.0,282.0,2709
70,001080,만호제강,14723,-19650,14.48,1357,1.8,0.36,1.59,55125,2142.0,29.0,42.0,815
477,012510,더존비즈온,48503,56800,42.07,1350,23.8,9.16,24.28,6203,2056.0,517.0,406.0,16854
1040,227840,현대코퍼레이션홀딩스,37124,28750,21.49,1338,6.6,1.47,22.74,19568,1452.0,87.0,120.0,2616
219,003850,보령제약,177876,10250,7.68,1334,25.5,1.81,29.1,5662,4227.0,10.0,565.0,4531
722,082640,동양생명,98652,-6540,4.93,1327,9.0,0.44,,14974,51369.0,2466.0,1928.0,10553
408,009410,태영건설,200647,-13900,10.52,1321,10.1,1.15,5.23,12120,32664.0,3111.0,1233.0,10620
604,030720,동원수산,38382,-9790,7.43,1318,14.7,1.04,7.73,9421,1617.0,66.0,51.0,453
525,016710,대성홀딩스,1871,7320,5.59,1309,5.3,0.29,3.62,24992,9031.0,245.0,322.0,1178
818,114090,GKL,159309,-24400,18.74,1302,15.3,2.84,7.74,8602,5013.0,1082.0,805.0,15093
252,004560,현대비앤지스틸,24374,-12100,9.3,1301,5.6,0.5,4.43,24033,7259.0,307.0,198.0,1825
295,005440,현대그린푸드,106928,13300,10.24,1299,7.1,0.78,8.45,17132,25340.0,871.0,1215.0,12995
414,009470,삼화전기,213071,-29700,22.97,1293,30.2,5.49,18.22,5410,2070.0,86.0,101.0,1964
985,200880,서연이화,41478,6080,4.81,1264,5.1,0.25,4.92,24673,20075.0,-122.0,304.0,1643
600,030000,제일기획,173175,-19350,15.42,1255,15.8,2.63,9.66,7354,33750.0,1565.0,1284.0,22260
611,032640,LG유플러스,2027791,16300,13.01,1253,10.9,1.36,3.95,11985,122794.0,8263.0,5471.0,71168
587,026960,동서,53449,23300,18.9,1233,10.2,1.9,31.65,12239,5591.0,477.0,1261.0,23230
37,000540,흥국화재,39531,-5920,4.81,1231,14.4,0.61,,9658,31607.0,1072.0,853.0,3803
116,001790,대한제당,3989,23450,19.07,1230,2.4,0.5,15.1,46923,12745.0,165.0,108.0,2073
844,123890,한국자산신탁,104076,5340,4.34,1230,27.1,1.07,,4989,2225.0,1668.0,1267.0,5486
556,020560,아시아나항공,413093,4195,3.42,1227,24.7,0.75,7.01,5607,62271.0,2759.0,2479.0,8610
142,002350,넥센타이어,159115,-9990,8.15,1226,9.9,0.78,4.71,12821,19648.0,1854.0,1254.0,9757
190,003350,한국화장품제조,234908,42900,35.11,1222,9.7,4.09,45.09,10481,672.0,29.0,44.0,1944
673,058730,다스코,213303,-9110,7.5,1214,16.6,1.16,6.79,7846,2232.0,211.0,186.0,1403
948,175330,JB금융지주,111575,-6100,5.05,1207,7.9,0.39,,15630,17741.0,3480.0,2644.0,9482
666,053210,스카이라이프,28256,13300,11.03,1206,10.3,1.1,3.04,12083,6858.0,754.0,573.0,6360
871,138930,BNK금융지주,400033,8220,6.85,1200,5.8,0.38,,21653,33534.0,5943.0,4250.0,26792
646,041650,상신브레이크,8010,5800,4.87,1190,14.5,0.75,4.46,7743,3845.0,359.0,241.0,1245
136,002240,고려제강,10772,-26400,22.28,1185,1.7,0.39,6.02,68324,15505.0,388.0,225.0,5280
312,005870,휴니드,32960,8820,7.49,1177,15.2,1.09,6.0,8123,1809.0,181.0,162.0,1245
756,091810,티웨이항공,142629,11000,9.37,1174,227.6,10.19,6.73,1080,5840.0,471.0,397.0,5167
643,039130,하나투어,114562,68000,58.02,1172,6.6,3.86,9.15,17628,6823.0,408.0,127.0,7899
316,005940,NH투자증권,699177,12750,10.9,1170,7.4,0.79,,16087,11684.0,4592.0,3496.0,35880
60,000970,한국주철관,122846,-10000,8.81,1135,4.7,0.92,7.89,10868,4207.0,192.0,112.0,2280
577,025530,SJM홀딩스,9551,-3905,3.46,1130,11.0,0.4,-1.32,9716,1698.0,104.0,193.0,583
564,023450,동남합성,7,-61100,54.36,1124,2.8,1.57,8.94,38920,1374.0,9.0,16.0,803
499,014710,사조씨푸드,31353,-6640,5.91,1124,9.9,0.55,10.52,12168,3782.0,158.0,194.0,1143
651,044450,KSS해운,6065,-7330,6.54,1120,11.1,0.75,9.74,9806,1776.0,451.0,257.0,1700
639,036580,팜스코,26473,10850,9.77,1111,13.1,1.26,10.97,8600,10233.0,417.0,394.0,3985
792,102280,쌍방울,457955,1170,1.05,1111,60.3,0.5,,2338,1096.0,-216.0,1434.0,1511
329,006220,제주은행,6364,-5680,5.12,1110,6.8,0.31,,18293,1765.0,337.0,251.0,1257
580,025620,제이준코스메틱,305654,20050,18.06,1110,25.7,4.18,23.21,4796,1297.0,223.0,274.0,5317
388,008730,율촌화학,65221,12950,11.76,1101,8.3,0.96,6.62,13537,4922.0,404.0,273.0,3212
806,105630,한세실업,158914,-18350,16.68,1100,9.3,1.54,10.2,11892,17113.0,565.0,461.0,7340
893,143210,핸즈코퍼레이션,14656,8030,7.51,1069,7.5,0.54,4.76,14783,6131.0,319.0,232.0,1756
215,003690,코리안리,221873,10700,10.02,1068,6.2,0.6,,17970,72081.0,1756.0,1330.0,12879
1053,234080,JW생명과학,57091,24800,23.4,1060,17.5,3.85,12.97,6448,1436.0,238.0,168.0,3927
721,081660,휠라코리아,456122,42700,41.46,1030,7.5,3.27,12.76,13074,25303.0,2175.0,1081.0,26096
1127,264900,크라운제과,7005,12650,12.31,1028,,1.39,8.68,9083,3443.0,211.0,137.0,1584
555,020150,일진머티리얼즈,1624171,54800,53.41,1026,10.3,4.75,31.3,11531,4540.0,495.0,422.0,25269
741,089470,HDC현대EP,15453,-5910,5.9,1002,11.4,0.67,7.05,8772,9144.0,415.0,310.0,1885
281,005190,동성화학,16570,13250,13.4,989,5.1,0.69,4.13,19067,2043.0,82.0,51.0,707
262,004840,DRB동일,17184,7350,7.69,956,5.4,0.42,3.46,17367,5469.0,339.0,191.0,1432
282,005250,녹십자홀딩스,50392,29900,31.31,955,5.5,1.82,11.91,16406,14655.0,1120.0,707.0,14061
710,078000,텔코웨어,46790,14650,15.55,942,5.0,1.32,8.77,11115,414.0,52.0,53.0,1421
562,023150,MH에탄올,2983,-5370,5.7,942,10.4,0.6,20.82,8930,520.0,81.0,43.0,396
345,006800,미래에셋대우,1121120,7980,8.65,923,7.2,0.75,,10570,17119.0,6278.0,5049.0,52534
3,000050,경방,6113,13700,14.84,923,3.7,0.54,9.04,25502,3608.0,423.0,253.0,3756
1084,249420,일동제약,53979,24000,26.06,921,7.2,1.81,13.89,13228,4607.0,254.0,198.0,5182
137,002250,알보젠코리아,444,-27100,29.81,909,5.6,1.84,10.66,14758,1901.0,258.0,104.0,3213
618,033660,아주캐피탈,41385,8340,9.19,908,7.2,0.68,,12221,2118.0,1126.0,538.0,4799
761,092780,동양피스톤,397463,4265,4.71,906,12.7,0.66,5.04,6436,2942.0,190.0,94.0,562
667,053690,한미글로벌,14010,-10150,11.29,899,9.1,1.11,6.45,9139,2008.0,108.0,97.0,1112
256,004710,한솔테크닉스,70547,-9540,10.93,873,9.0,0.99,6.27,9638,9353.0,305.0,187.0,2109
630,035000,지투알,8846,7660,8.81,869,9.3,0.81,-0.42,9469,5013.0,197.0,141.0,1269
954,181710,NHN엔터테인먼트,60466,61600,71.3,864,1.1,0.8,10.39,77006,9091.0,347.0,87.0,12052
771,096760,JW홀딩스,311226,7970,9.27,860,38.0,3.01,16.02,2651,6839.0,414.0,569.0,5042
443,010960,삼호개발,60860,-5320,6.19,860,13.8,0.81,2.37,6578,2657.0,242.0,214.0,1330
370,007810,코리아써키트,27894,6740,7.88,855,6.6,0.5,2.83,13413,5916.0,111.0,296.0,1592
376,008060,대덕전자,91278,8320,9.73,855,7.2,0.78,3.0,10658,5121.0,306.0,356.0,4060
622,034120,SBS,26569,-18000,21.18,850,2.7,0.59,6.31,30428,7732.0,187.0,159.0,3285
122,001940,KISCO홀딩스,11512,12050,14.29,843,1.7,0.29,-3.54,41227,12213.0,974.0,-72.0,2226
487,013570,디와이,22111,5670,6.92,819,6.2,0.44,3.01,12954,8223.0,454.0,409.0,1492
20,000220,유유제약,349683,15100,18.6,812,5.7,1.41,18.94,10692,629.0,36.0,43.0,962
793,102460,이연제약,43654,21150,26.4,801,6.3,1.51,16.32,13985,1263.0,167.0,134.0,3547
521,016450,한세예스24홀딩스,86428,8390,10.49,800,11.5,1.18,4.56,7133,24623.0,784.0,604.0,3356
766,094280,효성ITX,11018,11100,14.14,785,16.5,2.21,8.62,5025,3950.0,122.0,95.0,1283
682,067830,세이브존I&C,18649,4075,5.33,764,7.7,0.43,2.84,9498,1784.0,362.0,289.0,1672
739,088790,진도,7971,-5500,7.21,763,9.6,0.67,8.36,8225,1283.0,115.0,95.0,685
738,088350,한화생명,1447995,-4805,6.35,757,6.5,0.45,,10767,149501.0,9534.0,6887.0,41733
400,009190,대양금속,13984,-5190,6.91,751,46.5,5.24,6.58,990,1729.0,129.0,99.0,639
1007,214390,경보제약,56047,12500,16.64,751,13.3,2.11,8.91,5919,1917.0,246.0,180.0,2988
1066,241590,화승엔터프라이즈,245779,13600,18.21,747,18.4,3.19,11.45,4262,7682.0,585.0,416.0,8233
769,095720,웅진씽크빅,32192,6120,8.21,745,8.6,0.71,3.39,8674,6243.0,342.0,249.0,2119
278,005090,삼광글라스,11209,36500,49.06,744,1.2,0.59,42.79,61724,3200.0,-180.0,25.0,1772
730,084690,대상홀딩스,22441,-8570,12.26,699,5.2,0.63,3.92,13705,33837.0,1145.0,594.0,3103
921,155660,DSR,36959,-4345,6.28,692,8.2,0.5,5.31,8721,2264.0,139.0,110.0,695
706,075180,새론오토모티브,18911,5310,7.68,691,6.1,0.46,0.54,11439,1835.0,167.0,133.0,1020
629,034830,한국토지신탁,534115,-2810,4.12,682,25.7,0.99,,2834,2500.0,1711.0,1678.0,7095
719,079980,휴비스,174992,-9420,13.83,681,5.6,0.81,6.32,11639,12810.0,296.0,232.0,3250
720,081000,일진다이아,137140,-24000,35.61,674,8.4,2.8,15.41,8567,1237.0,115.0,74.0,2707
389,008770,호텔신라,405818,107500,161.17,667,3.8,6.44,31.91,16687,40115.0,731.0,253.0,42192
323,006060,화승인더,482098,-8530,12.87,663,15.4,1.95,5.7,4379,11519.0,948.0,485.0,4719
825,115390,락앤락,86174,-17300,26.86,644,5.3,1.49,11.46,11609,4174.0,516.0,349.0,9515
357,007280,한국특수형강,25980,2995,4.66,643,19.2,0.87,4.58,3430,3463.0,85.0,116.0,540
401,009200,무림페이퍼,138499,3535,5.51,641,6.7,0.36,6.4,9866,10346.0,698.0,409.0,1471
183,003160,디아이,315884,5060,7.92,639,15.2,1.23,8.51,4104,1522.0,115.0,194.0,1594
385,008560,메리츠종금증권,801564,3700,5.84,634,13.8,0.83,,4478,8484.0,4436.0,3552.0,22409
653,047040,대우건설,861274,5360,8.51,630,12.1,0.99,6.7,5396,117668.0,4290.0,2579.0,22277
784,100840,S&TC,12574,15950,25.36,629,2.0,0.5,2.75,32084,1841.0,192.0,46.0,1164
648,042670,두산인프라코어,853427,9840,15.69,627,8.1,1.28,6.07,7662,65679.0,6608.0,2966.0,20482
191,003410,쌍용양회,2882022,6040,9.68,624,16.6,1.56,10.13,3879,15171.0,2509.0,3012.0,30433
557,020760,일진디스플,99552,4200,6.75,622,24.0,1.44,4.47,2919,2513.0,197.0,176.0,1189
193,003460,유화증권,822,-14200,22.87,621,1.7,0.46,,30967,170.0,73.0,79.0,1610
490,013870,지엠비코리아,47970,7040,11.35,620,5.1,0.59,6.19,12011,4668.0,135.0,118.0,1343
178,003070,코오롱글로벌,26102,8050,13.39,601,3.4,0.44,7.92,18236,36536.0,725.0,152.0,2029
416,009580,무림P&P,596621,11200,19.15,585,6.7,1.24,10.66,9029,6079.0,447.0,365.0,6985
690,069640,한세엠케이,7242,8290,14.27,581,4.8,0.67,7.3,12284,3289.0,95.0,75.0,1070
74,001200,유진투자증권,169368,2740,4.72,580,8.2,0.37,,7309,2407.0,714.0,561.0,2654
185,003220,대원제약,87444,-18950,33.07,573,6.5,2.15,10.67,8809,2655.0,253.0,103.0,3619
405,009290,광동제약,349764,7480,13.08,572,6.1,1.0,7.88,7476,11416.0,357.0,231.0,3921
685,068400,AJ렌터카,165902,12900,22.55,572,5.3,1.16,3.84,11091,6368.0,409.0,123.0,2857
417,009680,모토닉,8948,9430,16.51,571,3.2,0.79,0.93,11991,2115.0,128.0,127.0,3112
378,008250,이건산업,174208,-13200,23.16,570,3.4,0.81,9.44,16251,2987.0,160.0,54.0,1237
459,011500,한농화성,27064,4610,8.1,569,8.3,0.66,6.34,6935,2363.0,79.0,87.0,721
129,002100,경농,435692,-11950,21.04,568,5.8,1.46,23.72,8157,2065.0,84.0,101.0,2592
1195,281820,케이씨텍,25846,-16550,29.4,563,,1.6,18.54,10331,751.0,139.0,112.0,3283
140,002310,아세아제지,39343,36050,64.15,562,1.1,0.7,11.77,51433,7286.0,54.0,50.0,3229
583,025860,남해화학,154135,-14950,26.7,560,6.6,1.76,15.25,8478,11224.0,281.0,267.0,7427
665,052690,한전기술,112196,-21800,39.07,558,4.8,1.82,22.25,11958,4902.0,181.0,212.0,8332
491,014130,한익스프레스,41032,-4820,8.64,558,11.2,0.92,9.82,5242,5279.0,101.0,67.0,578
382,008420,문배철강,1794383,3880,6.97,557,10.5,0.78,15.56,4964,1560.0,65.0,101.0,796
423,010040,한국내화,84899,-3265,5.96,548,10.1,0.61,7.39,5387,2704.0,108.0,116.0,746
545,018880,한온시스템,462179,11950,22.09,541,15.2,3.22,9.71,3707,55857.0,4684.0,2984.0,63789
31,000400,롯데손해보험,406730,2550,4.72,540,14.2,0.63,,4075,22800.0,1011.0,746.0,3424
827,117580,대성에너지,6523,5860,10.85,540,5.0,0.54,4.04,10916,7660.0,199.0,149.0,1612
500,014790,한라,229444,-5700,10.67,534,12.8,0.7,5.8,8199,19206.0,1572.0,466.0,2170
102,001560,제일연마,668,6310,11.82,534,5.6,0.87,5.88,7264,825.0,63.0,40.0,631
275,005010,휴스틸,37472,13900,26.08,533,1.0,0.26,7.66,54480,6906.0,227.0,37.0,1047
815,111110,호전실업,2952,13200,24.86,531,4.3,0.94,7.77,14017,3284.0,151.0,44.0,1056
300,005680,삼영전자,92091,14500,27.41,529,2.3,0.62,3.61,23542,2294.0,89.0,106.0,2900
277,005070,코스모신소재,274643,25050,47.62,526,13.1,6.27,34.71,3996,3146.0,85.0,82.0,4947
832,119650,KC코트렐,8096,-3870,7.49,517,9.3,0.66,8.01,5861,1685.0,35.0,69.0,503
103,001570,금양,11264,2275,4.4,517,41.2,1.71,8.47,1333,1804.0,131.0,186.0,982
214,003680,한성기업,14716,7400,14.51,510,4.8,0.72,13.14,10248,3228.0,67.0,26.0,405
364,007590,동방아그로,34242,-7650,15.0,510,4.6,0.81,5.88,9492,1202.0,67.0,59.0,1042
398,009160,SIMPAC,128787,2780,5.46,509,5.4,0.34,11.04,8280,2306.0,117.0,129.0,1819
1006,214330,금호에이치티,60493,-6030,11.94,505,5.6,0.65,5.35,9294,1797.0,89.0,49.0,589
1203,284740,쿠쿠홈시스,6006,-226500,450.3,503,,2.89,105.65,78341,303.0,50.0,24.0,10164
269,004980,성신양회,562993,11650,23.78,490,3.5,0.79,6.91,14800,6472.0,328.0,121.0,2797
711,078520,에이블씨엔씨,122781,13550,27.65,490,3.3,1.11,6.57,12224,3733.0,112.0,88.0,3364
392,008930,한미사이언스,88810,80500,164.96,488,4.6,7.68,272.99,10484,6523.0,140.0,308.0,51117
1191,280360,롯데제과,2191,-157000,325.73,482,,0.8,46.0,195943,4048.0,84.0,19.0,6608
180,003080,성보화학,4354,6330,13.44,471,5.8,0.79,,8063,584.0,-28.0,93.0,1267
551,019680,대교,24224,7240,15.54,466,6.3,1.12,5.09,6440,8122.0,455.0,416.0,6132
34,000490,대동공업,87623,-7080,15.26,464,4.5,0.79,10.31,8991,6101.0,172.0,99.0,1680
865,138490,코오롱플라스틱,19133,-6850,14.86,461,9.5,1.34,10.17,5114,2622.0,196.0,175.0,2603
708,077500,유니퀘스트,36415,8080,17.72,456,6.9,1.26,20.8,6427,2461.0,88.0,136.0,2194
971,194370,제이에스코퍼레이션,37501,15050,33.3,452,3.7,1.28,8.43,11721,2363.0,152.0,58.0,2007
602,030210,KTB투자증권,346419,3760,8.41,447,7.7,0.55,,6862,2327.0,428.0,363.0,2268
496,014530,극동유화,27239,-3465,7.79,445,10.5,0.81,8.04,4256,4901.0,136.0,151.0,1208
263,004870,티웨이홀딩스,302049,-3645,8.42,433,45.5,3.1,2.28,1177,6128.0,455.0,371.0,2586
849,130660,한전산업,34421,3530,8.25,428,20.4,1.61,4.91,2188,3380.0,187.0,139.0,1151
306,005750,대림B&Co,99759,5250,12.44,422,4.5,0.55,7.55,9576,2329.0,121.0,67.0,875
526,016740,두올,75219,3910,9.31,420,9.9,0.86,3.25,4554,3450.0,220.0,142.0,713
1046,229640,LS전선아시아,39945,-6470,15.44,419,10.7,1.69,8.05,3825,4037.0,198.0,143.0,1981
637,036530,S&T홀딩스,22783,13250,31.7,418,1.1,0.36,-3.02,36826,15082.0,606.0,259.0,2160
265,004910,조광페인트,30358,7910,19.29,410,2.4,0.56,17.84,14205,2012.0,52.0,43.0,1012
652,044820,코스맥스비티아이,7604,-29800,74.13,402,1.3,0.99,22.96,30075,2983.0,101.0,58.0,2862
845,126560,현대에이치씨엔,53968,-4110,10.41,395,6.7,0.69,1.62,5928,2902.0,493.0,435.0,4639
257,004720,우리들제약,210108,8550,21.65,395,9.9,1.89,10.8,4516,799.0,60.0,44.0,989
146,002390,한독,104407,26350,67.39,391,1.7,1.17,32.74,22573,4180.0,-19.0,35.0,3627
379,008260,NI스틸,116718,2990,7.75,386,11.9,0.87,7.47,3452,1506.0,156.0,110.0,855
631,035150,백산,55712,6000,15.79,380,7.3,1.16,4.9,5167,2114.0,237.0,87.0,1452
85,001390,KG케미칼,28398,-27000,71.62,377,1.9,1.37,4.83,19661,10995.0,762.0,102.0,3359
516,015890,태경산업,65079,6500,17.33,375,6.1,1.04,6.76,6261,5637.0,196.0,78.0,1900
641,037560,CJ헬로,615945,8150,21.85,373,3.0,0.64,4.06,12746,11199.0,729.0,289.0,6312
112,001750,한양증권,2171,7350,19.86,370,1.8,0.36,,20290,461.0,61.0,49.0,936
843,123700,SJM,26567,3760,10.36,363,3.6,0.37,1.38,10282,1631.0,84.0,57.0,587
58,000910,유니온,42590,-4285,11.9,360,3.7,0.45,11.09,9537,1811.0,5.0,19.0,669
35,000500,가온전선,2546,-21500,60.39,356,0.5,0.35,11.3,62234,8370.0,79.0,15.0,894
375,008040,사조동아원,63204,-1400,3.97,353,26.4,1.21,11.16,1153,3951.0,293.0,292.0,1976
694,070960,용평리조트,132251,-6890,19.57,352,4.2,0.81,9.13,8480,2097.0,335.0,170.0,3316
131,002150,도화엔지니어링,172301,-7640,21.7,352,5.1,1.09,11.35,6992,3990.0,165.0,117.0,2576
32,000430,대원강업,7603,4100,11.68,351,4.8,0.56,5.25,7374,10282.0,382.0,262.0,2542
692,069730,DSR제강,23969,-4870,13.99,348,3.9,0.54,8.27,9032,1775.0,25.0,50.0,701
247,004440,대림씨엔에스,19167,-11900,34.39,346,1.5,0.53,4.7,22424,2209.0,129.0,44.0,1515
195,003470,유안타증권,334114,-3410,9.91,344,6.6,0.66,,5174,3599.0,585.0,707.0,6806
684,068290,삼성출판사,16987,9700,28.7,338,3.9,1.11,6.38,8770,1766.0,110.0,59.0,970
582,025820,이구산업,56960,1795,5.34,336,10.6,0.54,8.83,3302,2293.0,142.0,112.0,600
226,004080,신흥,1608,-10450,31.48,332,3.7,1.16,17.05,8997,1211.0,40.0,32.0,1003
768,095570,AJ네트웍스,24121,5060,15.81,320,5.3,0.82,4.2,6168,14310.0,772.0,206.0,2369
530,017180,명문제약,1768075,6770,21.16,320,8.3,1.7,25.75,3985,1401.0,75.0,81.0,1661
765,093370,후성,1772011,11800,36.88,320,18.2,6.18,18.47,1910,2488.0,355.0,282.0,10928
318,005950,이수화학,40996,-11750,37.9,310,1.6,0.63,10.85,18553,15078.0,344.0,23.0,1795
336,006380,카프로,163208,6360,20.58,309,4.8,0.97,5.94,6590,5413.0,242.0,123.0,2544
201,003530,한화투자증권,188471,2525,8.28,305,6.4,0.51,,4925,2755.0,646.0,541.0,4354
394,009070,KCTC,54355,2815,9.45,298,5.0,0.46,8.75,6092,3646.0,116.0,90.0,845
436,010660,화천기계,481,20900,71.09,294,0.5,0.37,3.61,55972,2084.0,3.0,6.0,460
517,016090,대현,61085,2570,9.11,282,7.4,0.67,4.0,3819,2837.0,139.0,125.0,1164
789,101530,해태제과식품,9271,12650,45.02,281,2.6,1.28,13.78,9899,8015.0,189.0,75.0,3683
45,000680,LS네트웍스,27483,3010,10.75,280,3.4,0.38,49.11,7902,4434.0,28.0,206.0,2372
236,004250,NPC,2595,-4660,16.64,280,4.7,0.78,3.88,5966,3863.0,167.0,118.0,1711
560,021820,세원정공,1165,-9810,35.67,275,0.6,0.23,-7.91,42950,2330.0,-95.0,-22.0,981
561,023000,삼원강재,2276,2950,10.73,275,5.7,0.61,3.99,4874,2762.0,126.0,110.0,1180
596,028670,팬오션,1006318,-5280,19.7,268,5.8,1.18,10.43,4469,23362.0,1950.0,1413.0,28224
77,001250,GS글로벌,603629,-3030,11.79,257,6.2,0.68,10.75,4452,33874.0,480.0,225.0,2501
471,012200,계양전기,46178,4180,16.39,255,4.8,0.78,5.77,5364,3399.0,113.0,91.0,1363
842,123690,한국화장품,464947,14500,57.77,251,7.0,3.93,17.91,3691,1513.0,76.0,40.0,2330
675,058860,케이티스,33648,2695,10.96,246,5.2,0.58,3.02,4633,4381.0,111.0,83.0,938
174,003000,부광약품,266241,23900,97.95,244,5.2,5.52,83.03,4329,1507.0,77.0,111.0,11680
170,002920,유성기업,4675,3120,12.84,243,2.4,0.31,-1.47,10215,2517.0,32.0,67.0,810
148,002420,세기상사,898,83700,359.23,233,0.4,1.44,165.31,58095,56.0,-4.0,1.0,341
411,009440,KC그린홀딩스,24852,-4405,18.99,232,3.2,0.61,3.21,7226,3524.0,198.0,94.0,988
101,001550,조비,219837,-34600,149.78,231,2.5,3.76,80.32,9202,599.0,16.0,11.0,1797
791,102260,동성코퍼레이션,73559,5870,26.32,223,3.3,0.9,16.69,6505,8273.0,37.0,-59.0,2668
839,122900,아이마켓코리아,94020,-6960,31.49,221,2.0,0.66,-0.24,10532,30805.0,340.0,157.0,2502
235,004200,고려개발,6709,4970,22.59,220,11.5,1.72,6.59,2886,6631.0,563.0,57.0,1513
374,007980,태평양물산,42291,-2895,13.16,220,7.9,1.06,10.52,2730,9222.0,237.0,99.0,1445
344,006740,영풍제지,51698,3735,17.29,216,4.0,0.85,9.4,4400,1051.0,33.0,39.0,829
848,129260,인터지스,10273,2880,13.52,213,2.9,0.39,10.17,7430,5020.0,149.0,59.0,857
377,008110,대동전자,362,-3780,18.09,209,0.4,0.33,-6.5,11615,398.0,-3.0,7.0,397
130,002140,고려산업,98973,-2850,13.7,208,5.9,0.8,11.66,3559,1745.0,59.0,51.0,711
497,014580,백광소재,120021,-3320,16.12,206,5.0,0.8,6.59,4162,2122.0,74.0,67.0,916
413,009460,한창제지,588544,1010,5.1,198,18.3,0.86,3.52,1177,2009.0,175.0,118.0,603
380,008350,남선알미늄,5112872,1260,6.4,197,16.1,0.94,6.6,1338,4007.0,208.0,217.0,1388
489,013700,까뮤이앤씨,111024,1255,6.61,190,15.3,0.96,6.91,1309,1722.0,101.0,84.0,567
585,026890,디피씨,253168,3480,18.51,188,5.2,1.06,7.94,3277,1548.0,122.0,73.0,1450
356,007210,벽산,49573,3305,17.77,186,4.7,0.97,5.86,3394,4147.0,216.0,134.0,2266
649,042700,한미반도체,982427,11400,61.62,185,4.6,3.52,11.77,3243,1973.0,517.0,95.0,7248
687,069460,대호에이엘,772051,6170,33.53,184,19.8,6.21,37.24,993,1263.0,17.0,49.0,1674
857,134790,시디즈,953,51200,278.26,184,1.4,4.7,,10886,125.0,-2.0,3.0,1024
783,100250,진양홀딩스,4026,-2680,14.64,183,3.3,0.49,3.77,5462,2652.0,157.0,174.0,1498
7,000080,하이트진로,85269,16700,91.76,182,1.0,0.98,8.78,17074,18899.0,873.0,127.0,11712
406,009310,참엔지니어링,98600,-1635,8.98,182,18.4,1.68,0.97,976,2763.0,297.0,146.0,804
175,003010,혜인,1113768,6880,38.65,178,2.0,0.87,23.41,7905,2375.0,25.0,13.0,875
548,019180,티에이치엔,67565,-2375,13.49,176,8.6,1.13,6.46,2100,3127.0,97.0,31.0,428
399,009180,한솔로지스틱스,150726,-2120,12.18,174,6.3,0.74,5.7,2864,3553.0,23.0,29.0,349
78,001260,남광토건,96736,21850,125.57,174,4.1,4.95,85.31,4411,1156.0,18.0,17.0,2147
115,001780,알루코,741830,-3805,22.12,172,6.3,1.37,9.15,2774,4617.0,208.0,129.0,2836
674,058850,KTcs,31173,2320,13.65,170,4.7,0.64,1.7,3611,9678.0,101.0,74.0,990
483,012800,대창,333024,-1105,6.66,166,8.3,0.63,7.41,1766,9833.0,406.0,143.0,1007
128,002070,남영비비안,3595,-6920,41.69,166,0.8,0.36,20.84,18980,2094.0,5.0,16.0,475
159,002780,진흥기업,8214,1880,11.33,166,66.3,3.63,5.89,518,5733.0,416.0,218.0,2733
82,001340,백광산업,72011,-2885,17.59,164,5.4,0.99,10.13,2909,1450.0,95.0,68.0,1296
461,011700,한신기계,101641,2620,17.82,147,6.0,1.09,9.16,2407,562.0,62.0,47.0,850
287,005360,모나미,23473,-3015,20.65,146,3.7,0.78,8.6,3876,1377.0,76.0,29.0,570
613,033180,필룩스,6513817,14400,100.0,144,5.1,5.0,72.6,2879,1120.0,84.0,37.0,7751
350,006890,태경화학,45414,4890,34.68,141,1.7,0.58,12.26,8401,489.0,18.0,16.0,567
110,001740,SK네트웍스,787311,-4480,32.94,136,1.4,0.47,7.66,9546,152023.0,1428.0,346.0,11119
155,002700,신일산업,721506,1360,10.15,134,17.8,1.71,8.0,797,1446.0,106.0,94.0,966
217,003780,진양산업,11071,-3110,24.3,128,4.8,1.18,13.64,2632,448.0,18.0,17.0,404
447,011150,CJ씨푸드,47092,2690,21.18,127,8.0,1.62,10.45,1662,1646.0,66.0,46.0,967
726,083420,그린케미칼,13079,4215,33.45,126,2.2,0.77,5.22,5487,2537.0,35.0,25.0,843
431,010420,한솔PNS,361510,1330,11.08,120,7.1,0.76,1.97,1754,2238.0,34.0,25.0,273
360,007460,에이프로젠 KIC,146175,10050,85.9,117,2.5,3.34,98.85,3005,449.0,18.0,23.0,5002
586,026940,부국철강,159560,2890,24.91,116,2.1,0.51,14.41,5626,1461.0,13.0,23.0,578
456,011330,유니켐,135546,1560,13.57,115,18.5,2.28,26.56,684,661.0,36.0,59.0,875
410,009420,한올바이오파마,926285,29550,259.21,114,5.4,13.88,253.97,2129,842.0,35.0,58.0,15437
481,012690,모나리자,44177,3340,29.56,113,6.0,1.75,11.42,1914,1174.0,50.0,41.0,1221
86,001420,태원물산,56840,4155,37.1,112,2.5,0.97,17.47,4287,249.0,3.0,8.0,316
57,000890,보해양조,6440259,-860,7.75,111,11.5,0.83,10.56,1032,996.0,21.0,107.0,831
524,016610,DB금융투자,49987,4250,39.72,107,0.7,0.3,,14360,2220.0,224.0,154.0,1804
473,012280,영화금속,247322,1505,14.07,107,6.8,0.97,11.56,1544,1805.0,72.0,47.0,684
988,204320,만도,210231,36450,357.35,102,0.3,1.27,8.81,28786,56847.0,835.0,183.0,17116
328,006200,한국전자홀딩스,59582,879,8.7,101,3.7,0.34,2.82,2552,2574.0,62.0,50.0,411
365,007610,선도전기,604239,5740,61.72,93,1.9,1.15,34.74,4999,1084.0,15.0,17.0,1033
154,002690,동일제강,125989,-4025,44.23,91,1.1,0.46,9.48,8754,1076.0,11.0,14.0,604
479,012610,경인양행,227273,6010,66.78,90,1.9,1.25,18.15,4812,3000.0,74.0,48.0,2428
144,002360,SH에너지화학,1099962,1315,15.29,86,9.2,1.38,6.91,950,1881.0,142.0,99.0,1461
936,163560,동일고무벨트,18080,7140,84.0,85,0.6,0.52,8.56,13616,2598.0,67.0,11.0,928
30,000390,삼화페인트,94219,-8680,105.85,82,0.7,0.78,13.46,11137,4881.0,88.0,20.0,2295
460,011690,유양디앤유,948327,9680,118.05,82,4.4,4.01,1110.49,2413,1121.0,-32.0,41.0,5401
96,001520,동양,160475,1915,24.55,78,1.9,0.54,12.86,3555,4831.0,68.0,158.0,4571
440,010820,퍼스텍,1821159,5200,66.67,78,4.9,3.19,50.19,1628,1620.0,11.0,38.0,2432
609,032350,롯데관광개발,40929,18100,244.59,74,2.0,4.81,134.27,3761,703.0,52.0,34.0,8216
658,049800,우진플라임,23482,-4705,63.58,74,0.9,0.58,11.95,8114,2296.0,62.0,7.0,471
1158,271980,제일약품,15677,38800,531.51,73,,3.2,69.78,12109,3716.0,50.0,11.0,5705
156,002710,TCC동양,12449,-2080,28.89,72,1.5,0.46,11.83,4502,3914.0,81.0,15.0,465
23,000230,일동홀딩스,7821,14100,204.35,69,0.5,0.85,261.68,16513,411.0,-18.0,0.0,1479
157,002720,국제약품,411932,5350,83.59,64,1.6,1.43,24.51,3753,1233.0,26.0,10.0,966
757,092200,디아이씨,42429,6740,108.71,62,0.8,0.91,8.26,7406,6330.0,322.0,45.0,1514
239,004310,현대약품,1579424,5510,88.87,62,1.5,1.57,43.55,3504,1305.0,20.0,15.0,1763
17,000180,성창기업지주,203393,-2705,44.34,61,0.8,0.38,29.83,7193,1783.0,-2.0,41.0,1887
407,009320,대우부품,259905,-2250,36.89,61,7.9,2.81,19.37,800,580.0,30.0,29.0,1072
94,001510,SK증권,2161219,1020,17.0,60,4.4,0.76,,1349,2069.0,285.0,188.0,3265
533,017550,수산중공업,322106,-1700,30.36,56,3.2,0.99,12.93,1712,1019.0,33.0,29.0,918
238,004270,남성,76544,-1730,31.45,55,1.7,0.72,12.74,2419,920.0,72.0,14.0,626
797,103130,웅진에너지,132349,-2970,54.0,55,1.4,0.69,12.41,4280,2431.0,38.0,14.0,882
292,005390,신성통상,406250,-1060,19.27,55,3.6,0.68,12.61,1565,8820.0,91.0,79.0,1523
537,017900,광전자,62252,2555,46.45,55,1.4,0.72,3.4,3558,1774.0,83.0,29.0,1480
435,010640,진양폴리,17582,2025,37.5,54,3.0,1.11,67.71,1820,236.0,-8.0,5.0,203
76,001230,동국제강,241338,-8100,165.31,49,0.2,0.34,6.73,23619,60493.0,2413.0,48.0,7730
707,075580,세진중공업,54155,4630,94.49,49,1.2,1.13,21.87,4092,2518.0,71.0,19.0,1777
351,006980,우성사료,112906,3170,68.91,46,0.7,0.59,59.9,5359,2755.0,-19.0,10.0,980
147,002410,범양건영,322987,2160,46.96,46,2.6,1.19,21.47,1819,1368.0,26.0,11.0,536
581,025750,한솔홈데코,919766,1740,39.55,44,2.4,0.91,12.16,1912,2543.0,95.0,36.0,1402
279,005110,한창,391018,-1850,43.02,43,3.6,1.64,10.04,1127,1120.0,45.0,44.0,637
729,084680,이월드,207535,-1780,42.38,42,2.9,1.22,17.78,1455,350.0,67.0,38.0,1611
424,010050,우리종금,52214401,787,18.74,42,8.7,1.82,,433,1835.0,217.0,202.0,5306
546,019170,신풍제약,414900,7450,177.38,42,1.0,1.91,24.85,3893,1850.0,90.0,21.0,3947
558,021050,서원,102510,1170,29.25,40,2.1,0.63,9.92,1856,2572.0,128.0,20.0,555
446,011090,에넥스,126563,1420,36.41,39,3.7,1.43,11.72,995,4345.0,35.0,21.0,852
574,024890,대원화성,69727,2060,52.82,39,2.2,1.17,8.53,1755,1184.0,100.0,16.0,850
855,133820,화인베스틸,55963,-2520,70.0,36,1.1,0.78,12.16,3214,1274.0,47.0,11.0,745
258,004770,써니전자,278173,2370,67.71,35,2.8,1.85,33.01,1278,187.0,13.0,10.0,710
528,016880,웅진,149845,-2725,77.86,35,0.7,0.55,3.45,4973,2828.0,104.0,9.0,1980
786,101060,SBS미디어홀딩스,6230,2320,68.24,34,0.7,0.47,8.48,4955,4219.0,-43.0,5.0,3246
167,002870,신풍제지,504369,-1495,45.3,33,2.2,1.18,8.25,1267,1443.0,-21.0,8.0,523
260,004830,덕성,258449,3475,105.3,33,0.8,0.91,12.08,3827,1007.0,18.0,5.0,545
608,031820,콤텍시스템,33120109,1700,70.83,24,1.5,1.07,12.64,1592,1436.0,21.0,9.0,813
169,002900,동양물산,323247,2160,93.91,23,1.1,1.06,11.38,2029,3738.0,108.0,15.0,1412
575,024900,덕양산업,67285,-1480,64.35,23,1.3,0.81,4.11,1825,10465.0,44.0,13.0,482
158,002760,보락,992271,3075,146.43,21,2.9,4.26,65.22,722,335.0,13.0,12.0,1842
168,002880,대유에이텍,183387,1045,55.0,19,2.2,0.91,7.52,1152,10755.0,149.0,31.0,1024
484,013000,세우글로벌,225418,1655,87.11,19,1.4,1.22,14.86,1361,364.0,17.0,4.0,392
208,003560,IHQ,2374485,2145,119.17,18,1.1,1.38,3.86,1558,1268.0,153.0,26.0,3137
539,017960,한국카본,412983,6230,346.11,18,0.2,0.88,13.73,7059,2391.0,49.0,7.0,2739
1199,282690,동아타이어,1682,13300,886.67,15,,0.56,67.41,23549,283.0,14.0,2.0,1826
506,014990,인디에프,532668,2160,166.15,13,1.2,1.91,26.44,1128,2011.0,16.0,8.0,1273
386,008600,윌비스,411951,-1470,133.64,11,0.4,0.63,8.56,2350,2910.0,70.0,7.0,838
325,006110,삼아알미늄,430257,-6030,548.18,11,0.1,0.64,11.76,9478,1369.0,35.0,1.0,663
758,092220,KEC,860566,1300,130.0,10,0.5,0.66,10.59,1961,2372.0,66.0,14.0,1462
200,003520,영진약품,2361882,8030,803.0,10,1.7,12.28,153.11,654,1950.0,30.0,19.0,14686
332,006340,대원전선,759759,1960,196.0,10,0.9,1.73,38.54,1136,5051.0,10.0,16.0,1335
760,092440,기신정기,4266,4145,414.5,10,3.9,0.55,4.15,7523,1064.0,49.0,97.0,1210
84,001380,SG충방,117998,2485,310.63,8,0.3,0.9,112.65,2760,1433.0,-18.0,4.0,1117
763,093230,이아이디,533481,293,48.83,6,1.5,0.52,,560,844.0,-45.0,7.0,710
570,024070,WISCOM,11165,-3245,811.25,4,0.1,0.42,0.53,7754,1169.0,3.0,1.0,488
353,007110,일신석재,3111453,2200,1100.0,2,0.3,3.36,110.13,655,527.0,10.0,2.0,1704
244,004410,서울식품,18972459,223,223.0,1,0.7,2.82,28.21,79,565.0,9.0,2.0,752
